Scenario,LoadLevel,Coal,ESS,Gas,Nuclear,RES
sc01,01-01 00:00:00+01:00,0.0,150.0,0.0,0.0,0.0
sc01,01-01 01:00:00+01:00,0.0,150.0,0.0,0.0,0.0
sc01,01-01 02:00:00+01:00,0.0,150.0,0.0,0.0,0.0
sc01,01-01 03:00:00+01:00,0.0,150.0,0.0,0.0,0.0
sc01,01-01 04:00:00+01:00,0.0,150.0,0.0,0.0,0.0
sc01,01-01 05:00:00+01:00,0.0,150.0,0.0,0.0,0.0
sc01,01-01 06:00:00+01:00,0.0,150.0,0.0,0.0,0.0
sc01,01-01 07:00:00+01:00,0.0,150.0,0.0,0.0,0.0
sc01,01-01 08:00:00+01:00,0.0,150.0,0.0,0.0,0.0
sc01,01-01 09:00:00+01:00,0.0,150.0,0.0,0.0,0.0
sc01,01-01 10:00:00+01:00,0.0,150.0,0.0,0.0,0.0
sc01,01-01 11:00:00+01:00,0.0,150.0,0.0,0.0,0.0
sc01,01-01 12:00:00+01:00,0.0,150.0,0.0,0.0,0.0
sc01,01-01 13:00:00+01:00,0.0,150.0,0.0,0.0,0.0
sc01,01-01 14:00:00+01:00,0.0,150.0,0.0,0.0,0.0
sc01,01-01 15:00:00+01:00,0.0,74.63384199999967,0.0,0.0,0.0
sc01,01-01 16:00:00+01:00,0.0,0.0,0.0,0.0,0.0
sc01,01-01 17:00:00+01:00,0.0,0.0,0.0,0.0,0.0
sc01,01-01 18:00:00+01:00,0.0,0.0,0.0,0.0,0.0
sc01,01-01 19:00:00+01:00,0.0,0.0,0.0,0.0,0.0
sc01,01-01 20:00:00+01:00,0.0,0.0,0.0,0.0,0.0
sc01,01-01 21:00:00+01:00,0.0,103.04558899999985,0.0,0.0,0.0
sc01,01-01 22:00:00+01:00,0.0,150.0,0.0,0.0,0.0
sc01,01-01 23:00:00+01:00,0.0,150.0,0.0,0.0,0.0
sc01,01-02 00:00:00+01:00,0.0,150.0,0.0,0.0,0.0
sc01,01-02 01:00:00+01:00,0.0,150.0,0.0,0.0,0.0
sc01,01-02 02:00:00+01:00,0.0,150.0,0.0,0.0,0.0
sc01,01-02 03:00:00+01:00,0.0,150.0,0.0,0.0,0.0
sc01,01-02 04:00:00+01:00,0.0,150.0,0.0,0.0,0.0
sc01,01-02 05:00:00+01:00,0.0,117.17995399999973,0.0,0.0,0.0
sc01,01-02 06:00:00+01:00,0.0,0.0,0.0,0.0,0.0
sc01,01-02 07:00:00+01:00,0.0,0.0,0.0,0.0,0.0
sc01,01-02 08:00:00+01:00,0.0,0.0,0.0,0.0,0.0
sc01,01-02 09:00:00+01:00,0.0,0.0,0.0,0.0,0.0
sc01,01-02 10:00:00+01:00,0.0,0.0,0.0,0.0,0.0
sc01,01-02 11:00:00+01:00,0.0,0.0,0.0,0.0,0.0
sc01,01-02 12:00:00+01:00,0.0,0.0,0.0,0.0,0.0
sc01,01-02 13:00:00+01:00,0.0,0.0,0.0,0.0,0.0
sc01,01-02 14:00:00+01:00,0.0,0.0,0.0,0.0,0.0
sc01,01-02 15:00:00+01:00,0.0,0.0,0.0,0.0,0.0
sc01,01-02 16:00:00+01:00,0.0,0.0,0.0,0.0,0.0
sc01,01-02 17:00:00+01:00,0.0,0.0,0.0,0.0,0.0
sc01,01-02 18:00:00+01:00,0.0,0.0,0.0,0.0,0.0
sc01,01-02 19:00:00+01:00,0.0,0.0,0.0,0.0,0.0
sc01,01-02 20:00:00+01:00,0.0,0.0,0.0,0.0,0.0
sc01,01-02 21:00:00+01:00,0.0,0.0,0.0,0.0,0.0
sc01,01-02 22:00:00+01:00,0.0,0.0,0.0,0.0,0.0
sc01,01-02 23:00:00+01:00,0.0,0.0,0.0,0.0,0.0
sc01,01-03 00:00:00+01:00,0.0,0.0,0.0,0.0,0.0
sc01,01-03 01:00:00+01:00,0.0,0.0,0.0,0.0,0.0
sc01,01-03 02:00:00+01:00,0.0,54.11541299999989,0.0,0.0,0.0
sc01,01-03 03:00:00+01:00,0.0,74.14320200000012,0.0,0.0,0.0
sc01,01-03 04:00:00+01:00,0.0,17.8541940000001,0.0,0.0,0.0
sc01,01-03 05:00:00+01:00,0.0,0.0,0.0,0.0,0.0
sc01,01-03 06:00:00+01:00,0.0,0.0,0.0,0.0,0.0
sc01,01-03 07:00:00+01:00,0.0,0.0,0.0,0.0,0.0
sc01,01-03 08:00:00+01:00,0.0,0.0,0.0,0.0,0.0
sc01,01-03 09:00:00+01:00,0.0,0.0,0.0,0.0,0.0
sc01,01-03 10:00:00+01:00,0.0,0.0,0.0,0.0,0.0
sc01,01-03 11:00:00+01:00,0.0,0.0,0.0,0.0,0.0
sc01,01-03 12:00:00+01:00,0.0,0.0,0.0,0.0,0.0
sc01,01-03 13:00:00+01:00,0.0,0.0,0.0,0.0,0.0
sc01,01-03 14:00:00+01:00,0.0,0.0,0.0,0.0,0.0
sc01,01-03 15:00:00+01:00,0.0,0.0,0.0,0.0,0.0
sc01,01-03 16:00:00+01:00,0.0,0.0,0.0,0.0,0.0
sc01,01-03 17:00:00+01:00,0.0,0.0,0.0,0.0,0.0
sc01,01-03 18:00:00+01:00,0.0,0.0,0.0,0.0,0.0
sc01,01-03 19:00:00+01:00,0.0,0.0,0.0,0.0,0.0
sc01,01-03 20:00:00+01:00,0.0,0.0,0.0,0.0,0.0
sc01,01-03 21:00:00+01:00,0.0,53.51796299999978,0.0,0.0,0.0
sc01,01-03 22:00:00+01:00,0.0,150.0,0.0,0.0,0.0
sc01,01-03 23:00:00+01:00,0.0,150.0,0.0,0.0,0.0
sc01,01-04 00:00:00+01:00,0.0,150.0,0.0,0.0,0.0
sc01,01-04 01:00:00+01:00,0.0,150.0,0.0,0.0,0.0
sc01,01-04 02:00:00+01:00,0.0,150.0,0.0,0.0,0.0
sc01,01-04 03:00:00+01:00,0.0,150.0,0.0,0.0,0.0
sc01,01-04 04:00:00+01:00,0.0,150.0,0.0,0.0,0.0
sc01,01-04 05:00:00+01:00,0.0,150.0,0.0,0.0,0.0
sc01,01-04 06:00:00+01:00,0.0,44.1326989999995,0.0,0.0,0.0
sc01,01-04 07:00:00+01:00,0.0,0.0,0.0,0.0,0.0
sc01,01-04 08:00:00+01:00,0.0,0.0,0.0,0.0,0.0
sc01,01-04 09:00:00+01:00,0.0,0.0,0.0,0.0,0.0
sc01,01-04 10:00:00+01:00,0.0,0.0,0.0,0.0,0.0
sc01,01-04 11:00:00+01:00,0.0,0.0,0.0,0.0,0.0
sc01,01-04 12:00:00+01:00,0.0,0.0,0.0,0.0,0.0
sc01,01-04 13:00:00+01:00,0.0,0.0,0.0,0.0,0.0
sc01,01-04 14:00:00+01:00,0.0,0.0,0.0,0.0,0.0
sc01,01-04 15:00:00+01:00,0.0,0.0,0.0,0.0,0.0
sc01,01-04 16:00:00+01:00,0.0,0.0,0.0,0.0,0.0
sc01,01-04 17:00:00+01:00,0.0,0.0,0.0,0.0,0.0
sc01,01-04 18:00:00+01:00,0.0,0.0,0.0,0.0,0.0
sc01,01-04 19:00:00+01:00,0.0,0.0,0.0,0.0,0.0
sc01,01-04 20:00:00+01:00,0.0,0.0,0.0,0.0,0.0
sc01,01-04 21:00:00+01:00,0.0,0.0,0.0,0.0,0.0
sc01,01-04 22:00:00+01:00,0.0,0.0,0.0,0.0,0.0
sc01,01-04 23:00:00+01:00,0.0,0.0,0.0,0.0,0.0
sc01,01-05 00:00:00+01:00,0.0,0.0,0.0,0.0,0.0
sc01,01-05 01:00:00+01:00,0.0,0.0,0.0,0.0,0.0
sc01,01-05 02:00:00+01:00,0.0,0.0,0.0,0.0,0.0
sc01,01-05 03:00:00+01:00,0.0,0.0,0.0,0.0,0.0
sc01,01-05 04:00:00+01:00,0.0,0.0,0.0,0.0,0.0
sc01,01-05 05:00:00+01:00,0.0,0.0,0.0,0.0,0.0
sc01,01-05 06:00:00+01:00,0.0,0.0,0.0,0.0,0.0
sc01,01-05 07:00:00+01:00,0.0,0.0,0.0,0.0,0.0
sc01,01-05 08:00:00+01:00,0.0,0.0,0.0,0.0,0.0
sc01,01-05 09:00:00+01:00,0.0,0.0,0.0,0.0,0.0
sc01,01-05 10:00:00+01:00,0.0,0.0,0.0,0.0,0.0
sc01,01-05 11:00:00+01:00,0.0,0.0,0.0,0.0,0.0
sc01,01-05 12:00:00+01:00,0.0,0.0,0.0,0.0,0.0
sc01,01-05 13:00:00+01:00,0.0,0.0,0.0,0.0,0.0
sc01,01-05 14:00:00+01:00,0.0,0.0,0.0,0.0,0.0
sc01,01-05 15:00:00+01:00,0.0,0.0,0.0,0.0,0.0
sc01,01-05 16:00:00+01:00,0.0,0.0,0.0,0.0,0.0
sc01,01-05 17:00:00+01:00,0.0,0.0,0.0,0.0,0.0
sc01,01-05 18:00:00+01:00,0.0,0.0,0.0,0.0,0.0
sc01,01-05 19:00:00+01:00,0.0,0.0,0.0,0.0,0.0
sc01,01-05 20:00:00+01:00,0.0,0.0,0.0,0.0,0.0
sc01,01-05 21:00:00+01:00,0.0,0.0,0.0,0.0,0.0
sc01,01-05 22:00:00+01:00,0.0,50.0,0.0,0.0,0.0
sc01,01-05 23:00:00+01:00,0.0,50.0,0.0,0.0,0.0
sc01,01-06 00:00:00+01:00,0.0,50.0,0.0,0.0,0.0
sc01,01-06 01:00:00+01:00,0.0,130.78392300000024,0.0,0.0,0.0
sc01,01-06 02:00:00+01:00,0.0,150.0,0.0,0.0,0.0
sc01,01-06 03:00:00+01:00,0.0,150.0,0.0,0.0,0.0
sc01,01-06 04:00:00+01:00,0.0,150.0,0.0,0.0,0.0
sc01,01-06 05:00:00+01:00,0.0,150.0,0.0,0.0,0.0
sc01,01-06 06:00:00+01:00,0.0,150.0,0.0,0.0,0.0
sc01,01-06 07:00:00+01:00,0.0,112.52108199999972,0.0,0.0,0.0
sc01,01-06 08:00:00+01:00,0.0,50.0,0.0,0.0,0.0
sc01,01-06 09:00:00+01:00,0.0,50.0,0.0,0.0,0.0
sc01,01-06 10:00:00+01:00,0.0,50.0,0.0,0.0,0.0
sc01,01-06 11:00:00+01:00,0.0,50.0,0.0,0.0,0.0
sc01,01-06 12:00:00+01:00,0.0,72.66190499999931,0.0,0.0,0.0
sc01,01-06 13:00:00+01:00,0.0,50.0,0.0,0.0,0.0
sc01,01-06 14:00:00+01:00,0.0,50.0,0.0,0.0,0.0
sc01,01-06 15:00:00+01:00,0.0,0.0,0.0,0.0,0.0
sc01,01-06 16:00:00+01:00,0.0,0.0,0.0,0.0,0.0
sc01,01-06 17:00:00+01:00,0.0,0.0,0.0,0.0,0.0
sc01,01-06 18:00:00+01:00,0.0,0.0,0.0,0.0,0.0
sc01,01-06 19:00:00+01:00,0.0,0.0,0.0,0.0,0.0
sc01,01-06 20:00:00+01:00,0.0,104.41533399999965,0.0,0.0,0.0
sc01,01-06 21:00:00+01:00,0.0,150.0,0.0,0.0,0.0
sc01,01-06 22:00:00+01:00,0.0,150.0,0.0,0.0,0.0
sc01,01-06 23:00:00+01:00,0.0,150.0,0.0,0.0,0.0
sc01,01-07 00:00:00+01:00,0.0,150.0,0.0,0.0,0.0
sc01,01-07 01:00:00+01:00,0.0,150.0,0.0,0.0,0.0
sc01,01-07 02:00:00+01:00,0.0,150.0,0.0,0.0,0.0
sc01,01-07 03:00:00+01:00,0.0,150.0,0.0,0.0,0.0
sc01,01-07 04:00:00+01:00,0.0,150.0,0.0,0.0,0.0
sc01,01-07 05:00:00+01:00,0.0,150.0,0.0,0.0,0.0
sc01,01-07 06:00:00+01:00,0.0,54.747255844424416,0.0,0.0,0.0
sc01,01-07 07:00:00+01:00,0.0,150.0,0.0,0.0,0.0
sc01,01-07 08:00:00+01:00,0.0,150.0,0.0,0.0,0.0
sc01,01-07 09:00:00+01:00,0.0,105.14738399999975,0.0,0.0,0.0
sc01,01-07 10:00:00+01:00,0.0,0.0,0.0,0.0,0.0
sc01,01-07 11:00:00+01:00,0.0,0.0,0.0,0.0,0.0
sc01,01-07 12:00:00+01:00,0.0,0.0,0.0,0.0,0.0
sc01,01-07 13:00:00+01:00,0.0,0.0,0.0,0.0,0.0
sc01,01-07 14:00:00+01:00,0.0,0.0,0.0,0.0,0.0
sc01,01-07 15:00:00+01:00,0.0,0.0,0.0,0.0,0.0
sc01,01-07 16:00:00+01:00,0.0,0.0,0.0,0.0,0.0
sc01,01-07 17:00:00+01:00,0.0,0.0,0.0,0.0,0.0
sc01,01-07 18:00:00+01:00,0.0,0.0,0.0,0.0,0.0
sc01,01-07 19:00:00+01:00,0.0,0.0,0.0,0.0,0.0
sc01,01-07 20:00:00+01:00,0.0,0.0,0.0,0.0,0.0
sc01,01-07 21:00:00+01:00,0.0,0.0,0.0,0.0,0.0
sc01,01-07 22:00:00+01:00,0.0,58.31525699999946,0.0,0.0,0.0
sc01,01-07 23:00:00+01:00,0.0,150.0,0.0,0.0,0.0
sc02,01-01 00:00:00+01:00,0.0,150.0,0.0,0.0,0.0
sc02,01-01 01:00:00+01:00,0.0,150.0,0.0,0.0,0.0
sc02,01-01 02:00:00+01:00,0.0,150.0,0.0,0.0,0.0
sc02,01-01 03:00:00+01:00,0.0,150.0,0.0,0.0,0.0
sc02,01-01 04:00:00+01:00,0.0,150.0,0.0,0.0,0.0
sc02,01-01 05:00:00+01:00,0.0,150.0,0.0,0.0,0.0
sc02,01-01 06:00:00+01:00,0.0,150.0,0.0,0.0,0.0
sc02,01-01 07:00:00+01:00,0.0,150.0,0.0,0.0,0.0
sc02,01-01 08:00:00+01:00,0.0,150.0,0.0,0.0,0.0
sc02,01-01 09:00:00+01:00,0.0,150.0,0.0,0.0,0.0
sc02,01-01 10:00:00+01:00,0.0,150.0,0.0,0.0,0.0
sc02,01-01 11:00:00+01:00,0.0,150.0,0.0,0.0,0.0
sc02,01-01 12:00:00+01:00,0.0,150.0,0.0,0.0,0.0
sc02,01-01 13:00:00+01:00,0.0,150.0,0.0,0.0,0.0
sc02,01-01 14:00:00+01:00,0.0,150.0,0.0,0.0,0.0
sc02,01-01 15:00:00+01:00,0.0,150.0,0.0,0.0,0.0
sc02,01-01 16:00:00+01:00,0.0,149.2495779999999,0.0,0.0,0.0
sc02,01-01 17:00:00+01:00,0.0,68.63884199999933,0.0,0.0,0.0
sc02,01-01 18:00:00+01:00,0.0,78.03039100000004,0.0,0.0,0.0
sc02,01-01 19:00:00+01:00,0.0,132.87157300000035,0.0,0.0,0.0
sc02,01-01 20:00:00+01:00,0.0,150.0,0.0,0.0,0.0
sc02,01-01 21:00:00+01:00,0.0,150.0,0.0,0.0,0.0
sc02,01-01 22:00:00+01:00,0.0,150.0,0.0,0.0,0.0
sc02,01-01 23:00:00+01:00,0.0,150.0,0.0,0.0,0.0
sc02,01-02 00:00:00+01:00,0.0,150.0,0.0,0.0,0.0
sc02,01-02 01:00:00+01:00,0.0,150.0,0.0,0.0,0.0
sc02,01-02 02:00:00+01:00,0.0,150.0,0.0,0.0,0.0
sc02,01-02 03:00:00+01:00,0.0,150.0,0.0,0.0,0.0
sc02,01-02 04:00:00+01:00,0.0,150.0,0.0,0.0,0.0
sc02,01-02 05:00:00+01:00,0.0,150.0,0.0,0.0,0.0
sc02,01-02 06:00:00+01:00,0.0,132.42068800000013,0.0,0.0,0.0
sc02,01-02 07:00:00+01:00,0.0,0.0,0.0,0.0,0.0
sc02,01-02 08:00:00+01:00,0.0,0.0,0.0,0.0,0.0
sc02,01-02 09:00:00+01:00,0.0,0.0,0.0,0.0,0.0
sc02,01-02 10:00:00+01:00,0.0,0.0,0.0,0.0,0.0
sc02,01-02 11:00:00+01:00,0.0,0.0,0.0,0.0,0.0
sc02,01-02 12:00:00+01:00,0.0,0.0,0.0,0.0,0.0
sc02,01-02 13:00:00+01:00,0.0,0.0,0.0,0.0,0.0
sc02,01-02 14:00:00+01:00,0.0,0.0,0.0,0.0,0.0
sc02,01-02 15:00:00+01:00,0.0,0.0,0.0,0.0,0.0
sc02,01-02 16:00:00+01:00,0.0,0.0,0.0,0.0,0.0
sc02,01-02 17:00:00+01:00,0.0,0.0,0.0,0.0,0.0
sc02,01-02 18:00:00+01:00,0.0,0.0,0.0,0.0,0.0
sc02,01-02 19:00:00+01:00,0.0,0.0,0.0,0.0,0.0
sc02,01-02 20:00:00+01:00,0.0,0.0,0.0,0.0,0.0
sc02,01-02 21:00:00+01:00,0.0,0.0,0.0,0.0,0.0
sc02,01-02 22:00:00+01:00,0.0,0.0,0.0,0.0,0.0
sc02,01-02 23:00:00+01:00,0.0,101.81659699999986,0.0,0.0,0.0
sc02,01-03 00:00:00+01:00,0.0,150.0,0.0,0.0,0.0
sc02,01-03 01:00:00+01:00,0.0,150.0,0.0,0.0,0.0
sc02,01-03 02:00:00+01:00,0.0,150.0,0.0,0.0,0.0
sc02,01-03 03:00:00+01:00,0.0,150.0,0.0,0.0,0.0
sc02,01-03 04:00:00+01:00,0.0,150.0,0.0,0.0,0.0
sc02,01-03 05:00:00+01:00,0.0,81.37342499999963,0.0,0.0,0.0
sc02,01-03 06:00:00+01:00,0.0,0.0,0.0,0.0,0.0
sc02,01-03 07:00:00+01:00,0.0,0.0,0.0,0.0,0.0
sc02,01-03 08:00:00+01:00,0.0,0.0,0.0,0.0,0.0
sc02,01-03 09:00:00+01:00,0.0,0.0,0.0,0.0,0.0
sc02,01-03 10:00:00+01:00,0.0,0.0,0.0,0.0,0.0
sc02,01-03 11:00:00+01:00,0.0,0.0,0.0,0.0,0.0
sc02,01-03 12:00:00+01:00,0.0,0.0,0.0,0.0,0.0
sc02,01-03 13:00:00+01:00,0.0,0.0,0.0,0.0,0.0
sc02,01-03 14:00:00+01:00,0.0,0.0,0.0,0.0,0.0
sc02,01-03 15:00:00+01:00,0.0,0.0,0.0,0.0,0.0
sc02,01-03 16:00:00+01:00,0.0,0.0,0.0,0.0,0.0
sc02,01-03 17:00:00+01:00,0.0,0.0,0.0,0.0,0.0
sc02,01-03 18:00:00+01:00,0.0,0.0,0.0,0.0,0.0
sc02,01-03 19:00:00+01:00,0.0,0.0,0.0,0.0,0.0
sc02,01-03 20:00:00+01:00,0.0,0.0,0.0,0.0,0.0
sc02,01-03 21:00:00+01:00,0.0,142.7934429999998,0.0,0.0,0.0
sc02,01-03 22:00:00+01:00,0.0,150.0,0.0,0.0,0.0
sc02,01-03 23:00:00+01:00,0.0,150.0,0.0,0.0,0.0
sc02,01-04 00:00:00+01:00,0.0,150.0,0.0,0.0,0.0
sc02,01-04 01:00:00+01:00,0.0,150.0,0.0,0.0,0.0
sc02,01-04 02:00:00+01:00,0.0,150.0,0.0,0.0,0.0
sc02,01-04 03:00:00+01:00,0.0,150.0,0.0,0.0,0.0
sc02,01-04 04:00:00+01:00,0.0,150.0,0.0,0.0,0.0
sc02,01-04 05:00:00+01:00,0.0,150.0,0.0,0.0,0.0
sc02,01-04 06:00:00+01:00,0.0,132.16329899999954,0.0,0.0,0.0
sc02,01-04 07:00:00+01:00,0.0,0.0,0.0,0.0,0.0
sc02,01-04 08:00:00+01:00,0.0,0.0,0.0,0.0,0.0
sc02,01-04 09:00:00+01:00,0.0,0.0,0.0,0.0,0.0
sc02,01-04 10:00:00+01:00,0.0,0.0,0.0,0.0,0.0
sc02,01-04 11:00:00+01:00,0.0,0.0,0.0,0.0,0.0
sc02,01-04 12:00:00+01:00,0.0,0.0,0.0,0.0,0.0
sc02,01-04 13:00:00+01:00,0.0,0.0,0.0,0.0,0.0
sc02,01-04 14:00:00+01:00,0.0,0.0,0.0,0.0,0.0
sc02,01-04 15:00:00+01:00,0.0,0.0,0.0,0.0,0.0
sc02,01-04 16:00:00+01:00,0.0,0.0,0.0,0.0,0.0
sc02,01-04 17:00:00+01:00,0.0,0.0,0.0,0.0,0.0
sc02,01-04 18:00:00+01:00,0.0,0.0,0.0,0.0,0.0
sc02,01-04 19:00:00+01:00,0.0,0.0,0.0,0.0,0.0
sc02,01-04 20:00:00+01:00,0.0,0.0,0.0,0.0,0.0
sc02,01-04 21:00:00+01:00,0.0,0.0,0.0,0.0,0.0
sc02,01-04 22:00:00+01:00,0.0,0.0,0.0,0.0,0.0
sc02,01-04 23:00:00+01:00,0.0,65.16495600000012,0.0,0.0,0.0
sc02,01-05 00:00:00+01:00,0.0,89.7428700000001,0.0,0.0,0.0
sc02,01-05 01:00:00+01:00,0.0,117.39164300000023,0.0,0.0,0.0
sc02,01-05 02:00:00+01:00,0.0,148.88151999999985,0.0,0.0,0.0
sc02,01-05 03:00:00+01:00,0.0,140.7506080000001,0.0,0.0,0.0
sc02,01-05 04:00:00+01:00,0.0,48.9757380000001,0.0,0.0,0.0
sc02,01-05 05:00:00+01:00,0.0,0.0,0.0,0.0,0.0
sc02,01-05 06:00:00+01:00,0.0,0.0,0.0,0.0,0.0
sc02,01-05 07:00:00+01:00,0.0,0.0,0.0,0.0,0.0
sc02,01-05 08:00:00+01:00,0.0,0.0,0.0,0.0,0.0
sc02,01-05 09:00:00+01:00,0.0,0.0,0.0,0.0,0.0
sc02,01-05 10:00:00+01:00,0.0,0.0,0.0,0.0,0.0
sc02,01-05 11:00:00+01:00,0.0,0.0,0.0,0.0,0.0
sc02,01-05 12:00:00+01:00,0.0,0.0,0.0,0.0,0.0
sc02,01-05 13:00:00+01:00,0.0,0.0,0.0,0.0,0.0
sc02,01-05 14:00:00+01:00,0.0,0.0,0.0,0.0,0.0
sc02,01-05 15:00:00+01:00,0.0,0.0,0.0,0.0,0.0
sc02,01-05 16:00:00+01:00,0.0,0.0,0.0,0.0,0.0
sc02,01-05 17:00:00+01:00,0.0,0.0,0.0,0.0,0.0
sc02,01-05 18:00:00+01:00,0.0,0.0,0.0,0.0,0.0
sc02,01-05 19:00:00+01:00,0.0,0.0,0.0,0.0,0.0
sc02,01-05 20:00:00+01:00,0.0,0.0,0.0,0.0,0.0
sc02,01-05 21:00:00+01:00,0.0,0.0,0.0,0.0,0.0
sc02,01-05 22:00:00+01:00,0.0,0.0,0.0,0.0,0.0
sc02,01-05 23:00:00+01:00,0.0,128.11691200000016,0.0,0.0,0.0
sc02,01-06 00:00:00+01:00,0.0,150.0,0.0,0.0,0.0
sc02,01-06 01:00:00+01:00,0.0,150.0,0.0,0.0,0.0
sc02,01-06 02:00:00+01:00,0.0,150.0,0.0,0.0,0.0
sc02,01-06 03:00:00+01:00,0.0,150.0,0.0,0.0,0.0
sc02,01-06 04:00:00+01:00,0.0,150.0,0.0,0.0,0.0
sc02,01-06 05:00:00+01:00,0.0,150.0,0.0,0.0,0.0
sc02,01-06 06:00:00+01:00,0.0,150.0,0.0,0.0,0.0
sc02,01-06 07:00:00+01:00,0.0,150.0,0.0,0.0,0.0
sc02,01-06 08:00:00+01:00,0.0,150.0,0.0,0.0,0.0
sc02,01-06 09:00:00+01:00,0.0,99.77178400000015,0.0,0.0,0.0
sc02,01-06 10:00:00+01:00,0.0,0.0,0.0,0.0,0.0
sc02,01-06 11:00:00+01:00,0.0,0.0,0.0,0.0,0.0
sc02,01-06 12:00:00+01:00,0.0,0.0,0.0,0.0,0.0
sc02,01-06 13:00:00+01:00,0.0,0.9061510000000217,0.0,0.0,0.0
sc02,01-06 14:00:00+01:00,0.0,0.0,0.0,0.0,0.0
sc02,01-06 15:00:00+01:00,0.0,0.0,0.0,0.0,0.0
sc02,01-06 16:00:00+01:00,0.0,0.0,0.0,0.0,0.0
sc02,01-06 17:00:00+01:00,0.0,0.0,0.0,0.0,0.0
sc02,01-06 18:00:00+01:00,0.0,0.0,0.0,0.0,0.0
sc02,01-06 19:00:00+01:00,0.0,0.0,0.0,0.0,0.0
sc02,01-06 20:00:00+01:00,0.0,0.0,0.0,0.0,0.0
sc02,01-06 21:00:00+01:00,0.0,87.4218359999997,0.0,0.0,0.0
sc02,01-06 22:00:00+01:00,0.0,150.0,0.0,0.0,0.0
sc02,01-06 23:00:00+01:00,0.0,150.0,0.0,0.0,0.0
sc02,01-07 00:00:00+01:00,0.0,150.0,0.0,0.0,0.0
sc02,01-07 01:00:00+01:00,0.0,150.0,0.0,0.0,0.0
sc02,01-07 02:00:00+01:00,0.0,150.0,0.0,0.0,0.0
sc02,01-07 03:00:00+01:00,0.0,150.0,0.0,0.0,0.0
sc02,01-07 04:00:00+01:00,0.0,150.0,0.0,0.0,0.0
sc02,01-07 05:00:00+01:00,0.0,150.0,0.0,0.0,0.0
sc02,01-07 06:00:00+01:00,0.0,150.0,0.0,0.0,0.0
sc02,01-07 07:00:00+01:00,0.0,150.0,0.0,0.0,0.0
sc02,01-07 08:00:00+01:00,0.0,150.0,0.0,0.0,0.0
sc02,01-07 09:00:00+01:00,0.0,38.919323999999754,0.0,0.0,0.0
sc02,01-07 10:00:00+01:00,0.0,0.0,0.0,0.0,0.0
sc02,01-07 11:00:00+01:00,0.0,0.0,0.0,0.0,0.0
sc02,01-07 12:00:00+01:00,0.0,0.0,0.0,0.0,0.0
sc02,01-07 13:00:00+01:00,0.0,0.0,0.0,0.0,0.0
sc02,01-07 14:00:00+01:00,0.0,0.0,0.0,0.0,0.0
sc02,01-07 15:00:00+01:00,0.0,0.0,0.0,0.0,0.0
sc02,01-07 16:00:00+01:00,0.0,0.0,0.0,0.0,0.0
sc02,01-07 17:00:00+01:00,0.0,0.0,0.0,0.0,0.0
sc02,01-07 18:00:00+01:00,0.0,0.0,0.0,0.0,0.0
sc02,01-07 19:00:00+01:00,0.0,0.0,0.0,0.0,0.0
sc02,01-07 20:00:00+01:00,0.0,0.0,0.0,0.0,0.0
sc02,01-07 21:00:00+01:00,0.0,0.0,0.0,0.0,0.0
sc02,01-07 22:00:00+01:00,0.0,9.871736999999548,0.0,0.0,0.0
sc02,01-07 23:00:00+01:00,0.0,144.82654300000004,0.0,0.0,0.0
sc03,01-01 00:00:00+01:00,0.0,150.0,0.0,0.0,0.0
sc03,01-01 01:00:00+01:00,0.0,150.0,0.0,0.0,0.0
sc03,01-01 02:00:00+01:00,0.0,150.0,0.0,0.0,0.0
sc03,01-01 03:00:00+01:00,0.0,150.0,0.0,0.0,0.0
sc03,01-01 04:00:00+01:00,0.0,150.0,0.0,0.0,0.0
sc03,01-01 05:00:00+01:00,0.0,150.0,0.0,0.0,0.0
sc03,01-01 06:00:00+01:00,0.0,150.0,0.0,0.0,0.0
sc03,01-01 07:00:00+01:00,0.0,150.0,0.0,0.0,0.0
sc03,01-01 08:00:00+01:00,0.0,150.0,0.0,0.0,0.0
sc03,01-01 09:00:00+01:00,0.0,150.0,0.0,0.0,0.0
sc03,01-01 10:00:00+01:00,0.0,150.0,0.0,0.0,0.0
sc03,01-01 11:00:00+01:00,0.0,140.31353699999983,0.0,0.0,0.0
sc03,01-01 12:00:00+01:00,0.0,150.0,0.0,0.0,0.0
sc03,01-01 13:00:00+01:00,0.0,150.0,0.0,0.0,0.0
sc03,01-01 14:00:00+01:00,0.0,146.9769659999999,0.0,0.0,0.0
sc03,01-01 15:00:00+01:00,0.0,0.0,0.0,0.0,0.0
sc03,01-01 16:00:00+01:00,0.0,0.0,0.0,0.0,0.0
sc03,01-01 17:00:00+01:00,0.0,0.0,0.0,0.0,0.0
sc03,01-01 18:00:00+01:00,0.0,0.0,0.0,0.0,0.0
sc03,01-01 19:00:00+01:00,0.0,0.0,0.0,0.0,0.0
sc03,01-01 20:00:00+01:00,0.0,0.0,0.0,0.0,0.0
sc03,01-01 21:00:00+01:00,0.0,3.5952289999998666,0.0,0.0,0.0
sc03,01-01 22:00:00+01:00,0.0,134.38439999999954,0.0,0.0,0.0
sc03,01-01 23:00:00+01:00,0.0,150.0,0.0,0.0,0.0
sc03,01-02 00:00:00+01:00,0.0,150.0,0.0,0.0,0.0
sc03,01-02 01:00:00+01:00,0.0,150.0,0.0,0.0,0.0
sc03,01-02 02:00:00+01:00,0.0,150.0,0.0,0.0,0.0
sc03,01-02 03:00:00+01:00,0.0,150.0,0.0,0.0,0.0
sc03,01-02 04:00:00+01:00,0.0,150.0,0.0,0.0,0.0
sc03,01-02 05:00:00+01:00,0.0,25.51267399999979,0.0,0.0,0.0
sc03,01-02 06:00:00+01:00,0.0,0.0,0.0,0.0,0.0
sc03,01-02 07:00:00+01:00,0.0,0.0,0.0,0.0,0.0
sc03,01-02 08:00:00+01:00,0.0,0.0,0.0,0.0,0.0
sc03,01-02 09:00:00+01:00,0.0,0.0,0.0,0.0,0.0
sc03,01-02 10:00:00+01:00,0.0,0.0,0.0,0.0,0.0
sc03,01-02 11:00:00+01:00,0.0,0.0,0.0,0.0,0.0
sc03,01-02 12:00:00+01:00,0.0,0.0,0.0,0.0,0.0
sc03,01-02 13:00:00+01:00,0.0,0.0,0.0,0.0,0.0
sc03,01-02 14:00:00+01:00,0.0,0.0,0.0,0.0,0.0
sc03,01-02 15:00:00+01:00,0.0,0.0,0.0,0.0,0.0
sc03,01-02 16:00:00+01:00,0.0,0.0,0.0,0.0,0.0
sc03,01-02 17:00:00+01:00,0.0,0.0,0.0,0.0,0.0
sc03,01-02 18:00:00+01:00,0.0,0.0,0.0,0.0,0.0
sc03,01-02 19:00:00+01:00,0.0,0.0,0.0,0.0,0.0
sc03,01-02 20:00:00+01:00,0.0,0.0,0.0,0.0,0.0
sc03,01-02 21:00:00+01:00,0.0,0.0,0.0,0.0,0.0
sc03,01-02 22:00:00+01:00,0.0,24.884856999999872,0.0,0.0,0.0
sc03,01-02 23:00:00+01:00,0.0,150.0,0.0,0.0,0.0
sc03,01-03 00:00:00+01:00,0.0,150.0,0.0,0.0,0.0
sc03,01-03 01:00:00+01:00,0.0,50.0,0.0,0.0,0.0
sc03,01-03 02:00:00+01:00,0.0,61.374819207756246,0.0,0.0,0.0
sc03,01-03 03:00:00+01:00,0.0,150.0,0.0,0.0,0.0
sc03,01-03 04:00:00+01:00,0.0,50.0,0.0,0.0,0.0
sc03,01-03 05:00:00+01:00,0.0,150.0,0.0,0.0,0.0
sc03,01-03 06:00:00+01:00,0.0,0.0,0.0,0.0,0.0
sc03,01-03 07:00:00+01:00,0.0,0.0,0.0,0.0,0.0
sc03,01-03 08:00:00+01:00,0.0,0.0,0.0,0.0,0.0
sc03,01-03 09:00:00+01:00,0.0,0.0,0.0,0.0,0.0
sc03,01-03 10:00:00+01:00,0.0,0.0,0.0,0.0,0.0
sc03,01-03 11:00:00+01:00,0.0,0.0,0.0,0.0,0.0
sc03,01-03 12:00:00+01:00,0.0,0.0,0.0,0.0,0.0
sc03,01-03 13:00:00+01:00,0.0,0.0,0.0,0.0,0.0
sc03,01-03 14:00:00+01:00,0.0,0.0,0.0,0.0,0.0
sc03,01-03 15:00:00+01:00,0.0,0.0,0.0,0.0,0.0
sc03,01-03 16:00:00+01:00,0.0,0.0,0.0,0.0,0.0
sc03,01-03 17:00:00+01:00,0.0,0.0,0.0,0.0,0.0
sc03,01-03 18:00:00+01:00,0.0,0.0,0.0,0.0,0.0
sc03,01-03 19:00:00+01:00,0.0,0.0,0.0,0.0,0.0
sc03,01-03 20:00:00+01:00,0.0,143.69371099999967,0.0,0.0,0.0
sc03,01-03 21:00:00+01:00,0.0,150.0,0.0,0.0,0.0
sc03,01-03 22:00:00+01:00,0.0,150.0,0.0,0.0,0.0
sc03,01-03 23:00:00+01:00,0.0,150.0,0.0,0.0,0.0
sc03,01-04 00:00:00+01:00,0.0,150.0,0.0,0.0,0.0
sc03,01-04 01:00:00+01:00,0.0,150.0,0.0,0.0,0.0
sc03,01-04 02:00:00+01:00,0.0,150.0,0.0,0.0,0.0
sc03,01-04 03:00:00+01:00,0.0,150.0,0.0,0.0,0.0
sc03,01-04 04:00:00+01:00,0.0,150.0,0.0,0.0,0.0
sc03,01-04 05:00:00+01:00,0.0,150.0,0.0,0.0,0.0
sc03,01-04 06:00:00+01:00,0.0,150.0,0.0,0.0,0.0
sc03,01-04 07:00:00+01:00,0.0,92.54905999999974,0.0,0.0,0.0
sc03,01-04 08:00:00+01:00,0.0,0.0,0.0,0.0,0.0
sc03,01-04 09:00:00+01:00,0.0,0.0,0.0,0.0,0.0
sc03,01-04 10:00:00+01:00,0.0,0.0,0.0,0.0,0.0
sc03,01-04 11:00:00+01:00,0.0,0.0,0.0,0.0,0.0
sc03,01-04 12:00:00+01:00,0.0,0.0,0.0,0.0,0.0
sc03,01-04 13:00:00+01:00,0.0,0.0,0.0,0.0,0.0
sc03,01-04 14:00:00+01:00,0.0,0.0,0.0,0.0,0.0
sc03,01-04 15:00:00+01:00,0.0,0.0,0.0,0.0,0.0
sc03,01-04 16:00:00+01:00,0.0,0.0,0.0,0.0,0.0
sc03,01-04 17:00:00+01:00,0.0,0.0,0.0,0.0,0.0
sc03,01-04 18:00:00+01:00,0.0,0.0,0.0,0.0,0.0
sc03,01-04 19:00:00+01:00,0.0,0.0,0.0,0.0,0.0
sc03,01-04 20:00:00+01:00,0.0,0.0,0.0,0.0,0.0
sc03,01-04 21:00:00+01:00,0.0,0.0,0.0,0.0,0.0
sc03,01-04 22:00:00+01:00,0.0,73.54317299999964,0.0,0.0,0.0
sc03,01-04 23:00:00+01:00,0.0,125.20065600000032,0.0,0.0,0.0
sc03,01-05 00:00:00+01:00,0.0,135.05594999999994,0.0,0.0,0.0
sc03,01-05 01:00:00+01:00,0.0,150.0,0.0,0.0,0.0
sc03,01-05 02:00:00+01:00,0.0,150.0,0.0,0.0,0.0
sc03,01-05 03:00:00+01:00,0.0,150.0,0.0,0.0,0.0
sc03,01-05 04:00:00+01:00,0.0,80.97235800000003,0.0,0.0,0.0
sc03,01-05 05:00:00+01:00,0.0,0.0,0.0,0.0,0.0
sc03,01-05 06:00:00+01:00,0.0,0.0,0.0,0.0,0.0
sc03,01-05 07:00:00+01:00,0.0,0.0,0.0,0.0,0.0
sc03,01-05 08:00:00+01:00,0.0,0.0,0.0,0.0,0.0
sc03,01-05 09:00:00+01:00,0.0,0.0,0.0,0.0,0.0
sc03,01-05 10:00:00+01:00,0.0,0.0,0.0,0.0,0.0
sc03,01-05 11:00:00+01:00,0.0,0.0,0.0,0.0,0.0
sc03,01-05 12:00:00+01:00,0.0,0.0,0.0,0.0,0.0
sc03,01-05 13:00:00+01:00,0.0,0.0,0.0,0.0,0.0
sc03,01-05 14:00:00+01:00,0.0,0.0,0.0,0.0,0.0
sc03,01-05 15:00:00+01:00,0.0,0.0,0.0,0.0,0.0
sc03,01-05 16:00:00+01:00,0.0,0.0,0.0,0.0,0.0
sc03,01-05 17:00:00+01:00,0.0,0.0,0.0,0.0,0.0
sc03,01-05 18:00:00+01:00,0.0,0.0,0.0,0.0,0.0
sc03,01-05 19:00:00+01:00,0.0,0.0,0.0,0.0,0.0
sc03,01-05 20:00:00+01:00,0.0,0.0,0.0,0.0,0.0
sc03,01-05 21:00:00+01:00,0.0,0.0,0.0,0.0,0.0
sc03,01-05 22:00:00+01:00,0.0,6.138285999999549,0.0,0.0,0.0
sc03,01-05 23:00:00+01:00,0.0,150.0,0.0,0.0,0.0
sc03,01-06 00:00:00+01:00,0.0,150.0,0.0,0.0,0.0
sc03,01-06 01:00:00+01:00,0.0,150.0,0.0,0.0,0.0
sc03,01-06 02:00:00+01:00,0.0,150.0,0.0,0.0,0.0
sc03,01-06 03:00:00+01:00,0.0,150.0,0.0,0.0,0.0
sc03,01-06 04:00:00+01:00,0.0,150.0,0.0,0.0,0.0
sc03,01-06 05:00:00+01:00,0.0,150.0,0.0,0.0,0.0
sc03,01-06 06:00:00+01:00,0.0,150.0,0.0,0.0,0.0
sc03,01-06 07:00:00+01:00,0.0,150.0,0.0,0.0,0.0
sc03,01-06 08:00:00+01:00,0.0,150.0,0.0,0.0,0.0
sc03,01-06 09:00:00+01:00,0.0,150.0,0.0,0.0,0.0
sc03,01-06 10:00:00+01:00,0.0,73.03053199999938,0.0,0.0,0.0
sc03,01-06 11:00:00+01:00,0.0,6.168022999999967,0.0,0.0,0.0
sc03,01-06 12:00:00+01:00,0.0,21.339764999999456,0.0,0.0,0.0
sc03,01-06 13:00:00+01:00,0.0,52.48254100000012,0.0,0.0,0.0
sc03,01-06 14:00:00+01:00,0.0,52.88746300000009,0.0,0.0,0.0
sc03,01-06 15:00:00+01:00,0.0,0.0,0.0,0.0,0.0
sc03,01-06 16:00:00+01:00,0.0,0.0,0.0,0.0,0.0
sc03,01-06 17:00:00+01:00,0.0,0.0,0.0,0.0,0.0
sc03,01-06 18:00:00+01:00,0.0,0.0,0.0,0.0,0.0
sc03,01-06 19:00:00+01:00,0.0,0.0,0.0,0.0,0.0
sc03,01-06 20:00:00+01:00,0.0,35.73219399999961,0.0,0.0,0.0
sc03,01-06 21:00:00+01:00,0.0,150.0,0.0,0.0,0.0
sc03,01-06 22:00:00+01:00,0.0,150.0,0.0,0.0,0.0
sc03,01-06 23:00:00+01:00,0.0,150.0,0.0,0.0,0.0
sc03,01-07 00:00:00+01:00,0.0,150.0,0.0,0.0,0.0
sc03,01-07 01:00:00+01:00,0.0,150.0,0.0,0.0,0.0
sc03,01-07 02:00:00+01:00,0.0,150.0,0.0,0.0,0.0
sc03,01-07 03:00:00+01:00,0.0,150.0,0.0,0.0,0.0
sc03,01-07 04:00:00+01:00,0.0,150.0,0.0,0.0,0.0
sc03,01-07 05:00:00+01:00,0.0,150.0,0.0,0.0,0.0
sc03,01-07 06:00:00+01:00,0.0,150.0,0.0,0.0,0.0
sc03,01-07 07:00:00+01:00,0.0,150.0,0.0,0.0,0.0
sc03,01-07 08:00:00+01:00,0.0,150.0,0.0,0.0,0.0
sc03,01-07 09:00:00+01:00,0.0,72.03335399999962,0.0,0.0,0.0
sc03,01-07 10:00:00+01:00,0.0,0.0,0.0,0.0,0.0
sc03,01-07 11:00:00+01:00,0.0,0.0,0.0,0.0,0.0
sc03,01-07 12:00:00+01:00,0.0,0.0,0.0,0.0,0.0
sc03,01-07 13:00:00+01:00,0.0,0.0,0.0,0.0,0.0
sc03,01-07 14:00:00+01:00,0.0,0.0,0.0,0.0,0.0
sc03,01-07 15:00:00+01:00,0.0,0.0,0.0,0.0,0.0
sc03,01-07 16:00:00+01:00,0.0,0.0,0.0,0.0,0.0
sc03,01-07 17:00:00+01:00,0.0,0.0,0.0,0.0,0.0
sc03,01-07 18:00:00+01:00,0.0,0.0,0.0,0.0,0.0
sc03,01-07 19:00:00+01:00,0.0,0.0,0.0,0.0,0.0
sc03,01-07 20:00:00+01:00,0.0,0.0,0.0,0.0,0.0
sc03,01-07 21:00:00+01:00,0.0,0.0,0.0,0.0,0.0
sc03,01-07 22:00:00+01:00,0.0,34.09349699999964,0.0,0.0,0.0
sc03,01-07 23:00:00+01:00,0.0,150.0,0.0,0.0,0.0
