Scenario,LoadLevel,Battery,Gas,Nuclear,PumpedHydro,Solar,StorageHydro,Wind
sc01,01-13 00:00:00+01:00,0.1,0.9276282381999997,0.7000000000000001,0.0,0.0,0.0,0.8123867618
sc01,01-13 01:00:00+01:00,0.0,0.88,0.7000000000000001,0.0,0.0,0.0,0.8560856998999999
sc01,01-13 02:00:00+01:00,0.0,0.88,0.7000000000000001,0.0,0.0,0.0,0.8803285725000001
sc01,01-13 03:00:00+01:00,0.0,0.88,0.7000000000000001,0.0,0.0,0.0,0.904186602
sc01,01-13 04:00:00+01:00,0.0,0.88,0.7000000000000001,0.0,0.0,0.0,0.9426559892000002
sc01,01-13 05:00:00+01:00,0.0,0.88,0.7000000000000001,0.0,0.0,0.0,0.8889752695
sc01,01-13 06:00:00+01:00,0.0,1.1443298342999997,0.7000000000000001,0.0,0.0,0.0,0.8458121657000001
sc01,01-13 07:00:00+01:00,0.0,1.5597623413000004,0.7000000000000001,0.0,0.0,0.0,0.7830176587
sc01,01-13 08:00:00+01:00,0.0,1.921710771113,0.7000000000000001,0.0,0.011964715687000001,0.0,0.7196515131999999
sc01,01-13 09:00:00+01:00,0.0,1.9830198613499999,0.7000000000000001,0.0,0.20865478115000002,0.0,0.6314753575000001
sc01,01-13 10:00:00+01:00,0.0,1.6847142272000002,0.7000000000000001,0.0,0.621915263,0.0,0.5730915098
sc01,01-13 11:00:00+01:00,0.0,1.4904290511000005,0.7000000000000001,0.0,0.8608994621000001,0.0,0.5421764868
sc01,01-13 12:00:00+01:00,0.0,1.3724903610000005,0.7000000000000001,0.0,0.9387312320000001,0.0,0.5314334070000001
sc01,01-13 13:00:00+01:00,0.0,1.1693134280000002,0.7000000000000001,0.0,1.0304898652,0.0,0.5129687068
sc01,01-13 14:00:00+01:00,0.0,0.9934778718999997,0.7000000000000001,0.0,1.0960237342,0.0,0.5301593939
sc01,01-13 15:00:00+01:00,0.0,1.0076183227,0.7000000000000001,0.0,1.0701368713,0.0,0.531860806
sc01,01-13 16:00:00+01:00,0.0,1.4220948351999998,0.7000000000000001,0.0,0.8153672878,0.0,0.501755877
sc01,01-13 17:00:00+01:00,0.027091802659999303,2.2,0.7000000000000001,0.0,0.23968307234,0.0,0.466378125
sc01,01-13 18:00:00+01:00,0.1,2.2,0.7000000000000001,0.0,0.006390426932,0.31899927186799915,0.45917730120000005
sc01,01-13 19:00:00+01:00,0.0729081973400007,2.2,0.7000000000000001,0.0,0.0,0.39104736935999834,0.4780174333
sc01,01-13 20:00:00+01:00,0.0,2.2,0.7000000000000001,0.0,0.0,0.2530054544999996,0.4983705455
sc01,01-13 21:00:00+01:00,0.0,2.0673040991999994,0.7000000000000001,0.0,0.0,0.0,0.5099229007999999
sc01,01-13 22:00:00+01:00,0.0,1.8591713663999994,0.7000000000000001,0.0,0.0,0.0,0.4990156336
sc01,01-13 23:00:00+01:00,0.0,1.6217388716999999,0.7000000000000001,0.0,0.0,0.0,0.5264831283
sc01,01-14 00:00:00+01:00,0.0,1.4037195525000001,0.7000000000000001,0.0,0.0,0.0,0.5597934474999999
sc01,01-14 01:00:00+01:00,0.0,1.2544534539999996,0.7000000000000001,0.0,0.0,0.0,0.561841546
sc01,01-14 02:00:00+01:00,0.0,1.0925659161999999,0.7000000000000001,0.0,0.0,0.0,0.5888300838
sc01,01-14 03:00:00+01:00,0.0,1.0003209881999997,0.7000000000000001,0.0,0.0,0.0,0.5812620118
sc01,01-14 04:00:00+01:00,0.0,0.8822766751999997,0.7000000000000001,0.0,0.0,0.0,0.6010363248
sc01,01-14 05:00:00+01:00,0.0,0.9281773169999994,0.7000000000000001,0.0,0.0,0.0,0.6249846830000001
sc01,01-14 06:00:00+01:00,0.0,1.1754080896999999,0.7000000000000001,0.0,0.0,0.0,0.6271899103
sc01,01-14 07:00:00+01:00,0.0,1.4929974156999997,0.7000000000000001,0.0,0.0,0.0,0.6376655843
sc01,01-14 08:00:00+01:00,0.0,1.7793846979679995,0.7000000000000001,0.0,0.013964464532,0.0,0.6550818375
sc01,01-14 09:00:00+01:00,0.0,1.6539235017,0.7000000000000001,0.0,0.29175429399999997,0.0,0.6711852043
sc01,01-14 10:00:00+01:00,0.0,1.2367353950000002,0.7000000000000001,0.0,0.748223066,0.0,0.670643539
sc01,01-14 11:00:00+01:00,0.0,1.0693232428000004,0.7000000000000001,0.0,0.9520269043,0.0,0.6680928529000001
sc01,01-14 12:00:00+01:00,0.0,0.9647177494999996,0.7000000000000001,0.0,1.0304381157,0.0,0.6836581347999999
sc01,01-14 13:00:00+01:00,0.0,0.88,0.7000000000000001,0.0,1.0661241176,0.0,0.740275816
sc01,01-14 14:00:00+01:00,0.0,0.88,0.7000000000000001,0.0,1.0779297609,0.0,0.7943211242
sc01,01-14 15:00:00+01:00,0.0,0.88,0.7000000000000001,0.0,1.0194690045,0.0,0.8233295263
sc01,01-14 16:00:00+01:00,0.0,1.1083812487000002,0.7000000000000001,0.0,0.7282282542,0.0,0.8162664971
sc01,01-14 17:00:00+01:00,0.0,1.8532098656799993,0.7000000000000001,0.0,0.22475499632,0.0,0.835659138
sc01,01-14 18:00:00+01:00,0.0,2.1331637298029995,0.7000000000000001,0.0,0.006520820397000001,0.0,0.9492484498
sc01,01-14 19:00:00+01:00,0.03202782281500055,2.1126968385849993,0.7000000000000001,0.0,0.0,0.0,1.0445323386
sc01,01-14 20:00:00+01:00,0.0,2.0102143495,0.7000000000000001,0.0,0.0,0.0,1.0656156504999998
sc01,01-14 21:00:00+01:00,0.0,1.6527167563999998,0.7000000000000001,0.0,0.0,0.0,1.0799792436
sc01,01-14 22:00:00+01:00,0.0,1.4349603157999997,0.7000000000000001,0.0,0.0,0.0,1.0783736842
sc01,01-14 23:00:00+01:00,0.0,1.2143415808000002,0.7000000000000001,0.0,0.0,0.0,1.0820174192
sc01,01-15 00:00:00+01:00,0.0,1.055591234,0.7000000000000001,0.0,0.0,0.0,1.084668766
sc01,01-15 01:00:00+01:00,0.0,0.9549134818,0.7000000000000001,0.0,0.0,0.0,1.0800805182
sc01,01-15 02:00:00+01:00,0.0,0.88,0.7000000000000001,0.0,0.0,0.0,1.1073914977000001
sc01,01-15 03:00:00+01:00,0.0,0.9919781837999997,0.7000000000000001,0.0,0.0,0.0,1.0313518162
sc01,01-15 04:00:00+01:00,0.0,1.3749203372999999,0.7000000000000001,0.0,0.0,0.0,0.8878306627000001
sc01,01-15 05:00:00+01:00,0.0,1.7752509367999993,0.7000000000000001,0.0,0.0,0.0,0.9174890632
sc01,01-15 06:00:00+01:00,0.023619537999999385,2.2,0.7000000000000001,0.0,0.0,0.0,0.9253744620000001
sc01,01-15 07:00:00+01:00,0.1,2.2,0.7000000000000001,0.0,0.0,0.08415047379999888,1.0974235262
sc01,01-15 08:00:00+01:00,0.0,2.2,0.7000000000000001,0.0,0.011893464517,0.3002089396830004,1.1758625958
sc01,01-15 09:00:00+01:00,0.0,2.2,0.7000000000000001,0.0,0.17753446248,0.1844515978200007,1.2018629397
sc01,01-15 10:00:00+01:00,0.0,2.0850653667000003,0.7000000000000001,0.0,0.45913043,0.0,1.2098002033000002
sc01,01-15 11:00:00+01:00,0.0,1.8196427228000007,0.7000000000000001,0.0,0.6935953420000001,0.0,1.1723379352
sc01,01-15 12:00:00+01:00,0.0,1.5919967609000012,0.7000000000000001,0.0,0.7649720619,0.0,1.1971671771999999
sc01,01-15 13:00:00+01:00,0.0,1.3290249043999998,0.7000000000000001,0.0,0.8104767044000001,0.0,1.2663513912
sc01,01-15 14:00:00+01:00,0.0,1.1963669335000007,0.7000000000000001,0.0,0.8201919735000001,0.0,1.320521093
sc01,01-15 15:00:00+01:00,0.0,1.3080480286999996,0.7000000000000001,0.0,0.7286969313,0.0,1.30064704
sc01,01-15 16:00:00+01:00,0.0,1.6294639662000008,0.7000000000000001,0.0,0.5278351673,0.0,1.3224478665000001
sc01,01-15 17:00:00+01:00,0.0,2.2,0.7000000000000001,0.0,0.21365561902000002,0.016210808480000186,1.3089435725
sc01,01-15 18:00:00+01:00,0.07638046200000062,2.2,0.7000000000000001,0.1789960026883115,0.0067770187,0.12452147211168807,1.3598660445
sc01,01-15 19:00:00+01:00,0.0,2.2,0.7000000000000001,0.3177555688000001,0.0,0.0,1.3869814312000002
sc01,01-15 20:00:00+01:00,0.0,2.1157925816999996,0.7000000000000001,0.0,0.0,0.0,1.4117904183
sc01,01-15 21:00:00+01:00,0.0,1.5396897207999998,0.7000000000000001,0.0,0.0,0.0,1.4853802792000002
sc01,01-15 22:00:00+01:00,0.0,1.2231452285000004,0.7000000000000001,0.0,0.0,0.0,1.5554317715
sc01,01-15 23:00:00+01:00,0.0,0.7785864618,0.7000000000000001,0.0,0.0,0.0,1.5167065382
sc01,01-16 00:00:00+01:00,0.0,0.7000000000000001,0.7000000000000001,0.0,0.0,0.0,1.5508927287
sc01,01-16 01:00:00+01:00,0.0,0.7000000000000001,0.7000000000000001,0.0,0.0,0.0,1.5303444328000002
sc01,01-16 02:00:00+01:00,0.0,0.7000000000000001,0.7000000000000001,0.0,0.0,0.0,1.4394918675000001
sc01,01-16 03:00:00+01:00,0.0,0.7000000000000001,0.7000000000000001,0.0,0.0,0.0,1.4584051423
sc01,01-16 04:00:00+01:00,0.0,0.8172442013999998,0.7000000000000001,0.0,0.0,0.0,1.4520137986
sc01,01-16 05:00:00+01:00,0.0,1.2569789948999999,0.7000000000000001,0.0,0.0,0.0,1.4431090051000002
sc01,01-16 06:00:00+01:00,0.0,1.5429087679999998,0.7000000000000001,0.0,0.0,0.0,1.609684232
sc01,01-16 07:00:00+01:00,0.0,1.7112142447000005,0.7000000000000001,0.0,0.0,0.0,1.7645847553
sc01,01-16 08:00:00+01:00,0.0,1.7918395607540012,0.7000000000000001,0.0,0.010986446046,0.0,1.8663269932
sc01,01-16 09:00:00+01:00,0.0,1.7237349603199998,0.7000000000000001,0.0,0.15517599828,0.0,1.8495430414
sc01,01-16 10:00:00+01:00,0.0,1.459643222800001,0.7000000000000001,0.0,0.3798197204,0.0,1.8656530568
sc01,01-16 11:00:00+01:00,0.0,1.1939438931000006,0.7000000000000001,0.0,0.5822524517000001,0.0,1.8526426552
sc01,01-16 12:00:00+01:00,0.0,0.9474066687999998,0.7000000000000001,0.0,0.6646658375000001,0.0,1.8808734937000002
sc01,01-16 13:00:00+01:00,0.0,0.8294675156999998,0.7000000000000001,0.0,0.6465609025000001,0.0,1.8665535818
sc01,01-16 14:00:00+01:00,0.0,0.9297562339999998,0.7000000000000001,0.0,0.5552449443,0.0,1.7879368217000002
sc01,01-16 15:00:00+01:00,0.0,1.0843975709000002,0.7000000000000001,0.0,0.4110743838,0.0,1.7783070452999998
sc01,01-16 16:00:00+01:00,0.0,1.3666448597000005,0.7000000000000001,0.0,0.2703042505,0.0,1.7779438898
sc01,01-16 17:00:00+01:00,0.0,1.81001788937,0.7000000000000001,0.0,0.08848260893000001,0.0,1.7832385017
sc01,01-16 18:00:00+01:00,0.1,2.02,0.7000000000000001,0.008113685658000608,0.003468874042,0.0,1.7710714402999999
sc01,01-16 19:00:00+01:00,0.1,1.9993006481000015,0.7000000000000001,0.0,0.0,0.0,1.7663433518999998
sc01,01-16 20:00:00+01:00,0.0,1.7701214615,0.7000000000000001,0.0,0.0,0.0,1.7219865385000002
sc01,01-16 21:00:00+01:00,0.0,1.2826530383000003,0.7000000000000001,0.0,0.0,0.0,1.7140219616999999
sc01,01-16 22:00:00+01:00,0.0,1.0569059181999998,0.7000000000000001,0.0,0.0,0.0,1.7008210818
sc01,01-16 23:00:00+01:00,0.0,0.6119268647,0.7000000000000001,0.0,0.0,0.0,1.6067991353000002
sc01,01-17 00:00:00+01:00,0.0,0.6000000000000001,0.7000000000000001,0.0,0.0,0.0,1.553619571
sc01,01-17 01:00:00+01:00,0.0,0.6000000000000001,0.7000000000000001,0.0,0.0,0.0,1.4319212381
sc01,01-17 02:00:00+01:00,0.0,0.6000000000000001,0.7000000000000001,0.0,0.0,0.0,1.4019835655000001
sc01,01-17 03:00:00+01:00,0.0,0.6000000000000001,0.7000000000000001,0.0,0.0,0.0,1.4698265568
sc01,01-17 04:00:00+01:00,0.0,0.7414223486999996,0.7000000000000001,0.0,0.0,0.0,1.4692786513000002
sc01,01-17 05:00:00+01:00,0.0,1.1392674687,0.7000000000000001,0.0,0.0,0.0,1.5039185313
sc01,01-17 06:00:00+01:00,0.0,1.4661674862000003,0.7000000000000001,0.0,0.0,0.0,1.6155385138
sc01,01-17 07:00:00+01:00,0.0,1.6066232680000003,0.7000000000000001,0.0,0.0,0.0,1.767584732
sc01,01-17 08:00:00+01:00,0.0,1.7772054927500005,0.7000000000000001,0.0,0.00827201865,0.0,1.7510994886
sc01,01-17 09:00:00+01:00,0.0,1.6485054420499996,0.7000000000000001,0.0,0.14873216485000001,0.0,1.7747203931
sc01,01-17 10:00:00+01:00,0.0,1.3732843017,0.7000000000000001,0.0,0.3987415583,0.0,1.7569301400000001
sc01,01-17 11:00:00+01:00,0.0,1.0775769475,0.7000000000000001,0.0,0.5853385578,0.0,1.7829264947
sc01,01-17 12:00:00+01:00,0.0,0.8786603107000004,0.7000000000000001,0.0,0.6995976477,0.0,1.7364930416000002
sc01,01-17 13:00:00+01:00,0.0,0.7000345790999998,0.7000000000000001,0.0,0.7561891761999999,0.0,1.7136872447
sc01,01-17 14:00:00+01:00,0.0,0.6543613193000002,0.7000000000000001,0.0,0.7849458425,0.0,1.6663208382
sc01,01-17 15:00:00+01:00,0.0,0.7254695901000003,0.7000000000000001,0.0,0.696199515,0.0,1.6924018949000001
sc01,01-17 16:00:00+01:00,0.0,1.0718181374,0.7000000000000001,0.0,0.47251239400000006,0.0,1.7275624686000002
sc01,01-17 17:00:00+01:00,0.0,1.6721284187599998,0.7000000000000001,0.0,0.14565765774,0.0,1.7406509235
sc01,01-17 18:00:00+01:00,0.1,1.9200000000000004,0.7000000000000001,0.0,0.005893070823,0.007404612376999825,1.7540483168
sc01,01-17 19:00:00+01:00,0.1,1.901497438000001,0.7000000000000001,0.0,0.0,0.0,1.749526562
sc01,01-17 20:00:00+01:00,0.0,1.6622618330999996,0.7000000000000001,0.0,0.0,0.0,1.7260351669
sc01,01-17 21:00:00+01:00,0.0,1.1790581814999999,0.7000000000000001,0.0,0.0,0.0,1.7286778185
sc01,01-17 22:00:00+01:00,0.0,0.9502547668000002,0.7000000000000001,0.0,0.0,0.0,1.7344222332
sc01,01-17 23:00:00+01:00,0.0,0.4925737350999998,0.7000000000000001,0.0,0.0,0.0,1.6914432649000002
sc01,01-18 00:00:00+01:00,0.0,0.46,0.7000000000000001,0.0,0.0,0.0,1.6913650069
sc01,01-18 01:00:00+01:00,0.0,0.46,0.7000000000000001,0.0,0.0,0.0,1.5563917313000002
sc01,01-18 02:00:00+01:00,0.0,0.46,0.7000000000000001,0.0,0.0,0.0,1.5121961388
sc01,01-18 03:00:00+01:00,0.0,0.47224449199999996,0.7000000000000001,0.0,0.0,0.0,1.478631508
sc01,01-18 04:00:00+01:00,0.0,0.7491339743,0.7000000000000001,0.0,0.0,0.0,1.4228820257
sc01,01-18 05:00:00+01:00,0.0,1.1045764984999997,0.7000000000000001,0.0,0.0,0.0,1.4679095014999999
sc01,01-18 06:00:00+01:00,0.0,1.4457520550000003,0.7000000000000001,0.0,0.0,0.0,1.545968945
sc01,01-18 07:00:00+01:00,0.0,1.6703637528000002,0.7000000000000001,0.0,0.0,0.0,1.6196452472
sc01,01-18 08:00:00+01:00,0.1,1.7800000000000002,0.7000000000000001,0.03647634652800005,0.015977596872,0.0,1.5321220566
sc01,01-18 09:00:00+01:00,0.0,1.7800000000000002,0.7000000000000001,0.016523867000000664,0.291245339,0.0,1.4297597940000002
sc01,01-18 10:00:00+01:00,0.0,1.366701191299999,0.7000000000000001,0.0,0.7507284559,0.0,1.3747423528000002
sc01,01-18 11:00:00+01:00,0.0,1.0744596305000005,0.7000000000000001,0.0,0.9625168865,0.0,1.380064483
sc01,01-18 12:00:00+01:00,0.0,0.8226491589000006,0.7000000000000001,0.0,1.0312404880000001,0.0,1.4337563531
sc01,01-18 13:00:00+01:00,0.0,0.6013788544956185,0.7000000000000001,0.0,1.0602078487,0.0,1.5346093181999998
sc01,01-18 14:00:00+01:00,0.0,0.48400054039999973,0.7000000000000001,0.0,1.0490805573,0.0,1.5533449023
sc01,01-18 15:00:00+01:00,0.0,0.5486443166000001,0.7000000000000001,0.0,0.9604740555,0.0,1.5801236279
sc01,01-18 16:00:00+01:00,0.0,0.9096701933999999,0.7000000000000001,0.0,0.7270691162,0.0,1.5845566904000001
sc01,01-18 17:00:00+01:00,0.0,1.6187933819999996,0.7000000000000001,0.0,0.2726573235,0.0,1.5797792945
sc01,01-18 18:00:00+01:00,0.0,1.7800000000000002,0.7000000000000001,0.30202171014300083,0.012142524957000002,0.0,1.5824717649
sc01,01-18 19:00:00+01:00,0.09164007144083752,1.7800000000000002,0.7000000000000001,0.17461387325916178,0.0,0.0,1.5923960553
sc01,01-18 20:00:00+01:00,0.0,1.656365842,0.7000000000000001,0.0,0.0,0.0,1.626970158
sc01,01-18 21:00:00+01:00,0.0,1.2352850833000002,0.7000000000000001,0.0,0.0,0.0,1.5822069167000001
sc01,01-18 22:00:00+01:00,0.0,1.1587342823,0.7000000000000001,0.0,0.0,0.0,1.4532747177
sc01,01-18 23:00:00+01:00,0.0,0.7132145902999997,0.7000000000000001,0.0,0.0,0.0,1.3535864097
sc01,01-19 00:00:00+01:00,0.0,0.6717329931999999,0.7000000000000001,0.0,0.0,0.0,1.2812770068
sc01,01-19 01:00:00+01:00,0.0,0.5747837733,0.7000000000000001,0.0,0.0,0.0,1.2958822266999999
sc01,01-19 02:00:00+01:00,0.0,0.4699092734999998,0.7000000000000001,0.0,0.0,0.0,1.3264667265
sc01,01-19 03:00:00+01:00,0.0,0.5192962217999998,0.7000000000000001,0.0,0.0,0.0,1.3393457781999998
sc01,01-19 04:00:00+01:00,0.0,0.7094047839999998,0.7000000000000001,0.0,0.0,0.0,1.347580216
sc01,01-19 05:00:00+01:00,0.0,1.0592624280999998,0.7000000000000001,0.0,0.0,0.0,1.3492835719
sc01,01-19 06:00:00+01:00,0.0,1.4197744103,0.7000000000000001,0.0,0.0,0.0,1.3661505897000001
sc01,01-19 07:00:00+01:00,0.0,1.7081521883000002,0.7000000000000001,0.0,0.0,0.0,1.3621888116999998
sc01,01-19 08:00:00+01:00,0.0,1.7800000000000002,0.7000000000000001,0.1152165456339996,0.022826121666,0.0,1.3356303327
sc01,01-19 09:00:00+01:00,0.0,1.5488724427,0.7000000000000001,0.0,0.416214665,0.0,1.3679628923
sc01,01-19 10:00:00+01:00,0.0,0.9866866050000005,0.7000000000000001,0.0,0.9750318549,0.0,1.3750935401
sc01,01-19 11:00:00+01:00,0.0,0.5859879893,0.7000000000000001,0.0,1.2242919002,0.0,1.4730971105
sc01,01-19 12:00:00+01:00,0.0,0.32819971900000006,0.7000000000000001,0.0,1.247705876,0.0,1.600172405
sc01,01-19 13:00:00+01:00,0.0,0.24,0.7000000000000001,0.0,1.2025174662,0.0,1.6563384428
sc01,01-19 14:00:00+01:00,0.0,0.24,0.7000000000000001,0.0,1.0523242063,0.0,1.7296340964
sc01,01-19 15:00:00+01:00,0.0,0.37713218149999983,0.7000000000000001,0.0,0.8281476318000001,0.0,1.8121481867
sc01,01-19 16:00:00+01:00,0.0,0.7954672699000003,0.7000000000000001,0.0,0.49771019820000006,0.0,1.8429395319
sc01,01-19 17:00:00+01:00,0.0,1.3255713999199994,0.7000000000000001,0.0,0.15883976148,0.0,1.8613288386
sc01,01-19 18:00:00+01:00,0.0,1.56,0.7000000000000001,0.03367056280399988,0.006268955796,0.0,1.9008024814000002
sc01,01-19 19:00:00+01:00,0.0,1.4863095884999995,0.7000000000000001,0.0,0.0,0.0,1.9631394115000003
sc01,01-19 20:00:00+01:00,0.0,1.1905903585000004,0.7000000000000001,0.0,0.0,0.0,1.9223866415
sc01,01-19 21:00:00+01:00,0.0,0.8572381931000002,0.7000000000000001,0.0,0.0,0.0,1.8245138069
sc01,01-19 22:00:00+01:00,0.0,0.7208400551000003,0.7000000000000001,0.0,0.0,0.0,1.7840819449
sc01,01-19 23:00:00+01:00,0.0,0.2220518920000003,0.7000000000000001,0.0,0.0,0.0,1.7069311079999998
sc02,01-13 00:00:00+01:00,0.0,1.1901055905,0.7000000000000001,0.0,0.0,0.0,0.6499094095
sc02,01-13 01:00:00+01:00,0.0,1.06,0.7000000000000001,0.0,0.0,0.0,0.6848685599
sc02,01-13 02:00:00+01:00,0.0,0.9012939374378295,0.7000000000000001,0.0,0.0,0.0,0.704262858
sc02,01-13 03:00:00+01:00,0.0,0.88,0.7000000000000001,0.0,0.0,0.0,0.7233492817
sc02,01-13 04:00:00+01:00,0.0,0.88,0.7000000000000001,0.0,0.0,0.0,0.7541247913
sc02,01-13 05:00:00+01:00,0.0,0.9801427844999996,0.7000000000000001,0.0,0.0,0.0,0.7111802155
sc02,01-13 06:00:00+01:00,0.0,1.3134922673999996,0.7000000000000001,0.0,0.0,0.0,0.6766497326
sc02,01-13 07:00:00+01:00,0.0,1.716365873,0.7000000000000001,0.0,0.0,0.0,0.626414127
sc02,01-13 08:00:00+01:00,0.0,2.0680340169499996,0.7000000000000001,0.0,0.00957177255,0.0,0.5757212105
sc02,01-13 09:00:00+01:00,0.0,2.1510458891399997,0.7000000000000001,0.0,0.16692382486000001,0.0,0.505180286
sc02,01-13 10:00:00+01:00,0.0,1.9237155816,0.7000000000000001,0.0,0.4975322105,0.0,0.4584732079
sc02,01-13 11:00:00+01:00,0.0,1.7710442408000002,0.7000000000000001,0.0,0.6887195697,0.0,0.43374118949999996
sc02,01-13 12:00:00+01:00,0.0,1.6665232887,0.7000000000000001,0.0,0.7509849856,0.0,0.4251467257
sc02,01-13 13:00:00+01:00,0.0,1.4780051422999998,0.7000000000000001,0.0,0.8243918922000001,0.0,0.4103749655
sc02,01-13 14:00:00+01:00,0.0,1.3187144976000003,0.7000000000000001,0.0,0.8768189873000001,0.0,0.42412751509999996
sc02,01-13 15:00:00+01:00,0.0,1.3280178582000008,0.7000000000000001,0.0,0.856109497,0.0,0.42548864480000004
sc02,01-13 16:00:00+01:00,0.0,1.6855194681999999,0.7000000000000001,0.0,0.6522938303000001,0.0,0.4014047015
sc02,01-13 17:00:00+01:00,0.0,2.3683040421499992,0.7000000000000001,0.0,0.19174645785,0.0,0.3731025
sc02,01-13 18:00:00+01:00,0.1,2.5,0.7000000000000001,0.0,0.005112341545,0.11211281745499918,0.367341841
sc02,01-13 19:00:00+01:00,0.047320436400000415,2.5,0.7000000000000001,0.0,0.0,0.2122386169999986,0.38241394659999994
sc02,01-13 20:00:00+01:00,0.05267956359999959,2.5,0.7000000000000001,0.0,0.0,0.0,0.3986964364
sc02,01-13 21:00:00+01:00,0.0,2.1692886792999992,0.7000000000000001,0.0,0.0,0.0,0.4079383207
sc02,01-13 22:00:00+01:00,0.0,1.9589744931999993,0.7000000000000001,0.0,0.0,0.0,0.3992125068
sc02,01-13 23:00:00+01:00,0.0,1.7270354973,0.7000000000000001,0.0,0.0,0.0,0.4211865027
sc02,01-14 00:00:00+01:00,0.0,1.515678242,0.7000000000000001,0.0,0.0,0.0,0.447834758
sc02,01-14 01:00:00+01:00,0.0,1.3668217632,0.7000000000000001,0.0,0.0,0.0,0.4494732368
sc02,01-14 02:00:00+01:00,0.0,1.210331933,0.7000000000000001,0.0,0.0,0.0,0.47106406700000003
sc02,01-14 03:00:00+01:00,0.0,1.1165733904999997,0.7000000000000001,0.0,0.0,0.0,0.4650096095
sc02,01-14 04:00:00+01:00,0.0,1.06,0.7000000000000001,0.0,0.0,0.0,0.48082905980000007
sc02,01-14 05:00:00+01:00,0.0,1.06,0.7000000000000001,0.0,0.0,0.0,0.49998774630000004
sc02,01-14 06:00:00+01:00,0.0,1.3008460716999997,0.7000000000000001,0.0,0.0,0.0,0.5017519283
sc02,01-14 07:00:00+01:00,0.0,1.6205305324999997,0.7000000000000001,0.0,0.0,0.0,0.5101324675000001
sc02,01-14 08:00:00+01:00,0.0,1.9131939583739996,0.7000000000000001,0.0,0.011171571626,0.0,0.52406547
sc02,01-14 09:00:00+01:00,0.0,1.8465114011999997,0.7000000000000001,0.0,0.23340343530000002,0.0,0.5369481635
sc02,01-14 10:00:00+01:00,0.0,1.5205087160999997,0.7000000000000001,0.0,0.5985784527,0.0,0.5365148312
sc02,01-14 11:00:00+01:00,0.0,1.3933471943000004,0.7000000000000001,0.0,0.7616215234,0.0,0.5344742823
sc02,01-14 12:00:00+01:00,0.0,1.3075369996,0.7000000000000001,0.0,0.8243504925,0.0,0.5469265079000001
sc02,01-14 13:00:00+01:00,0.0,1.1067080532,0.7000000000000001,0.0,0.852899294,0.0,0.5922206528
sc02,01-14 14:00:00+01:00,0.0,1.0481362920000001,0.7000000000000001,0.0,0.8623438086999999,0.0,0.6354568993
sc02,01-14 15:00:00+01:00,0.0,1.026583685089472,0.7000000000000001,0.0,0.8155752036,0.0,0.6586636210000001
sc02,01-14 16:00:00+01:00,0.0,1.417280199,0.7000000000000001,0.0,0.5825826033,0.0,0.6530131977
sc02,01-14 17:00:00+01:00,0.0,2.065292692489999,0.7000000000000001,0.0,0.17980399701,0.0,0.6685273105
sc02,01-14 18:00:00+01:00,0.07666252030000079,2.2476550635829984,0.7000000000000001,0.0,0.005216656317,0.0,0.7593987598
sc02,01-14 19:00:00+01:00,0.1,2.2536311290999995,0.7000000000000001,0.0,0.0,0.0,0.8356258709
sc02,01-14 20:00:00+01:00,0.02333747969999922,2.2,0.7000000000000001,0.0,0.0,0.0,0.8524925203
sc02,01-14 21:00:00+01:00,0.0,1.8687126050999994,0.7000000000000001,0.0,0.0,0.0,0.8639833949000001
sc02,01-14 22:00:00+01:00,0.0,1.6506350526999998,0.7000000000000001,0.0,0.0,0.0,0.8626989473
sc02,01-14 23:00:00+01:00,0.0,1.4307450646999995,0.7000000000000001,0.0,0.0,0.0,0.8656139353
sc02,01-15 00:00:00+01:00,0.0,1.2725249872000002,0.7000000000000001,0.0,0.0,0.0,0.8677350128000001
sc02,01-15 01:00:00+01:00,0.0,1.2400000000000002,0.7000000000000001,0.0,0.0,0.0,0.8640644145
sc02,01-15 02:00:00+01:00,0.0,1.1677648017999993,0.7000000000000001,0.0,0.0,0.0,0.8859131981999999
sc02,01-15 03:00:00+01:00,0.0,1.2397044482894737,0.7000000000000001,0.0,0.0,0.0,0.8250814529999999
sc02,01-15 04:00:00+01:00,0.0,1.5524864699000003,0.7000000000000001,0.0,0.0,0.0,0.7102645301
sc02,01-15 05:00:00+01:00,0.0,1.9587487494999993,0.7000000000000001,0.0,0.0,0.0,0.7339912505
sc02,01-15 06:00:00+01:00,0.0,2.4086944304999998,0.7000000000000001,0.0,0.0,0.0,0.7402995695000001
sc02,01-15 07:00:00+01:00,0.1,2.5,0.7000000000000001,0.0,0.0,0.003635178999998795,0.8779388210000001
sc02,01-15 08:00:00+01:00,0.0,2.5,0.7000000000000001,0.0,0.009514771613,0.23776015178700036,0.9406900766
sc02,01-15 09:00:00+01:00,0.1,2.5,0.7000000000000001,0.0,0.14202756996,0.06033107834000065,0.9614903517
sc02,01-15 10:00:00+01:00,0.0,2.4188514933000005,0.7000000000000001,0.0,0.367304344,0.0,0.9678401627
sc02,01-15 11:00:00+01:00,0.0,2.192829378200001,0.7000000000000001,0.0,0.5548762737,0.0,0.9378703481
sc02,01-15 12:00:00+01:00,0.0,1.9844246088000006,0.7000000000000001,0.0,0.6119776495,0.0,0.9577337417000001
sc02,01-15 13:00:00+01:00,0.0,1.8443905234999998,0.7000000000000001,0.0,0.6483813635,0.0,1.013081113
sc02,01-15 14:00:00+01:00,0.0,1.7200000000000002,0.7000000000000001,0.0,0.6561535788,0.0,1.0564168744
sc02,01-15 15:00:00+01:00,0.0,1.728952685489474,0.7000000000000001,0.0,0.5829575451,0.0,1.040517632
sc02,01-15 16:00:00+01:00,0.0,1.9995205730000007,0.7000000000000001,0.0,0.42226813379999995,0.0,1.0579582932
sc02,01-15 17:00:00+01:00,0.02073064680000028,2.5,0.7000000000000001,0.0,0.1709244952,0.0,1.0471548579999999
sc02,01-15 18:00:00+01:00,0.07926935319999973,2.5,0.7000000000000001,0.0,0.00542161496,0.2739571962400003,1.0878928356
sc02,01-15 19:00:00+01:00,0.1,2.5,0.7000000000000001,0.0,0.0,0.19515185500000012,1.109585145
sc02,01-15 20:00:00+01:00,0.0,2.3981506652999998,0.7000000000000001,0.0,0.0,0.0,1.1294323347
sc02,01-15 21:00:00+01:00,0.0,1.8367657766999999,0.7000000000000001,0.0,0.0,0.0,1.1883042233
sc02,01-15 22:00:00+01:00,0.0,1.5342315828000004,0.7000000000000001,0.0,0.0,0.0,1.2443454172000001
sc02,01-15 23:00:00+01:00,0.0,1.0819277695,0.7000000000000001,0.0,0.0,0.0,1.2133652305
sc02,01-16 00:00:00+01:00,0.0,0.9708499786894726,0.7000000000000001,0.0,0.0,0.0,1.2407141830000001
sc02,01-16 01:00:00+01:00,0.0,0.88,0.7000000000000001,0.0,0.0,0.0,1.2242755463
sc02,01-16 02:00:00+01:00,0.0,0.88,0.7000000000000001,0.0,0.0,0.0,1.151593494
sc02,01-16 03:00:00+01:00,0.0,0.88,0.7000000000000001,0.0,0.0,0.0,1.1667241138
sc02,01-16 04:00:00+01:00,0.0,1.1076469611999997,0.7000000000000001,0.0,0.0,0.0,1.1616110388
sc02,01-16 05:00:00+01:00,0.0,1.5456007959999998,0.7000000000000001,0.0,0.0,0.0,1.154487204
sc02,01-16 06:00:00+01:00,0.0,1.8648456144999999,0.7000000000000001,0.0,0.0,0.0,1.2877473855
sc02,01-16 07:00:00+01:00,0.0,2.0641311955000003,0.7000000000000001,0.0,0.0,0.0,1.4116678045
sc02,01-16 08:00:00+01:00,0.1,2.067302248663001,0.7000000000000001,0.0,0.008789156837,0.0,1.4930615944999999
sc02,01-16 09:00:00+01:00,0.1,2.0246787686699994,0.7000000000000001,0.0,0.12414079863,0.0,1.4796344327000002
sc02,01-16 10:00:00+01:00,0.0,1.908737778000001,0.7000000000000001,0.0,0.3038557763,0.0,1.4925224457000001
sc02,01-16 11:00:00+01:00,0.0,1.6809229144000002,0.7000000000000001,0.0,0.4658019613,0.0,1.4821141243
sc02,01-16 12:00:00+01:00,0.0,1.54,0.7000000000000001,0.0,0.53173267,0.0,1.5046987953
sc02,01-16 13:00:00+01:00,0.0,1.3900000000000001,0.7000000000000001,0.0,0.517248722,0.0,1.4932428657
sc02,01-16 14:00:00+01:00,0.0,1.4675238500894738,0.7000000000000001,0.0,0.4441959554,0.0,1.4303494573000002
sc02,01-16 15:00:00+01:00,0.0,1.5222738563999996,0.7000000000000001,0.0,0.328859507,0.0,1.4226456366
sc02,01-16 16:00:00+01:00,0.0,1.7762944879600004,0.7000000000000001,0.0,0.21624340034,0.0,1.4223551117
sc02,01-16 17:00:00+01:00,0.0,2.18436211145,0.7000000000000001,0.0,0.07078608715,0.0,1.4265908014000002
sc02,01-16 18:00:00+01:00,0.1,2.32,0.7000000000000001,0.053347602169320385,0.002775099233,0.009674146097680136,1.4168571525
sc02,01-16 19:00:00+01:00,0.1,2.32,0.7000000000000001,0.0,0.0,0.032569318300000843,1.4130746817
sc02,01-16 20:00:00+01:00,0.0,2.114518769,0.7000000000000001,0.0,0.0,0.0,1.377589231
sc02,01-16 21:00:00+01:00,0.0,1.6254574307000005,0.7000000000000001,0.0,0.0,0.0,1.3712175693000002
sc02,01-16 22:00:00+01:00,0.0,1.3970701342999994,0.7000000000000001,0.0,0.0,0.0,1.3606568657000002
sc02,01-16 23:00:00+01:00,0.0,0.9332866917000002,0.7000000000000001,0.0,0.0,0.0,1.2854393083
sc02,01-17 00:00:00+01:00,0.0,0.9382553431999996,0.7000000000000001,0.0,0.0,0.0,1.2428956568
sc02,01-17 01:00:00+01:00,0.0,0.8530313252894733,0.7000000000000001,0.0,0.0,0.0,1.1455369905000001
sc02,01-17 02:00:00+01:00,0.0,0.8912491476999995,0.7000000000000001,0.0,0.0,0.0,1.1215868523
sc02,01-17 03:00:00+01:00,0.0,0.8006697545000001,0.7000000000000001,0.0,0.0,0.0,1.1758612455
sc02,01-17 04:00:00+01:00,0.0,1.0352780789999998,0.7000000000000001,0.0,0.0,0.0,1.175422921
sc02,01-17 05:00:00+01:00,0.0,1.4400511749999998,0.7000000000000001,0.0,0.0,0.0,1.2031348250000002
sc02,01-17 06:00:00+01:00,0.0,1.7892751890000003,0.7000000000000001,0.0,0.0,0.0,1.292430811
sc02,01-17 07:00:00+01:00,0.0,1.9601402140000004,0.7000000000000001,0.0,0.0,0.0,1.414067786
sc02,01-17 08:00:00+01:00,0.1,2.0290797938800007,0.7000000000000001,0.0,0.00661761492,0.0,1.4008795911999998
sc02,01-17 09:00:00+01:00,0.1,1.9331959539299997,0.7000000000000001,0.0,0.11898573187,0.0,1.4197763142
sc02,01-17 10:00:00+01:00,0.0,1.8044186413,0.7000000000000001,0.0,0.3189932467,0.0,1.405544112
sc02,01-17 11:00:00+01:00,0.0,1.5512299583,0.7000000000000001,0.0,0.46827084620000003,0.0,1.4263411955
sc02,01-17 12:00:00+01:00,0.0,1.3658784486000006,0.7000000000000001,0.0,0.5596781182,0.0,1.3891944332000001
sc02,01-17 13:00:00+01:00,0.0,1.29,0.7000000000000001,0.0,0.604951341,0.0,1.3709497954
sc02,01-17 14:00:00+01:00,0.0,1.2446146555000004,0.7000000000000001,0.0,0.627956674,0.0,1.3330566705
sc02,01-17 15:00:00+01:00,0.0,1.217726051589474,0.7000000000000001,0.0,0.556959612,0.0,1.3539215158000002
sc02,01-17 16:00:00+01:00,0.0,1.5118331095,0.7000000000000001,0.0,0.3780099152,0.0,1.3820499753000002
sc02,01-17 17:00:00+01:00,0.0,2.0493901348,0.7000000000000001,0.0,0.1165261262,0.0,1.392520739
sc02,01-17 18:00:00+01:00,0.1,2.22,0.7000000000000001,0.0,0.004714456658,0.059392889841999696,1.4032386535
sc02,01-17 19:00:00+01:00,0.1,2.22,0.7000000000000001,0.0,0.0,0.03140275000000045,1.39962125
sc02,01-17 20:00:00+01:00,0.0,2.0074688662,0.7000000000000001,0.0,0.0,0.0,1.3808281338000001
sc02,01-17 21:00:00+01:00,0.0,1.524793745,0.7000000000000001,0.0,0.0,0.0,1.3829422550000001
sc02,01-17 22:00:00+01:00,0.0,1.2971392135000002,0.7000000000000001,0.0,0.0,0.0,1.3875377864999998
sc02,01-17 23:00:00+01:00,0.0,0.8308623880999998,0.7000000000000001,0.0,0.0,0.0,1.3531546119
sc02,01-18 00:00:00+01:00,0.0,0.7997999941999993,0.7000000000000001,0.0,0.0,0.0,1.3530920058000002
sc02,01-18 01:00:00+01:00,0.0,0.8172976149999999,0.7000000000000001,0.0,0.0,0.0,1.245113385
sc02,01-18 02:00:00+01:00,0.0,0.6877934047894734,0.7000000000000001,0.0,0.0,0.0,1.209756911
sc02,01-18 03:00:00+01:00,0.0,0.7679707936999999,0.7000000000000001,0.0,0.0,0.0,1.1829052063
sc02,01-18 04:00:00+01:00,0.0,1.0337103795,0.7000000000000001,0.0,0.0,0.0,1.1383056205000002
sc02,01-18 05:00:00+01:00,0.0,1.3981583987999993,0.7000000000000001,0.0,0.0,0.0,1.1743276012000001
sc02,01-18 06:00:00+01:00,0.0,1.7549458440000003,0.7000000000000001,0.0,0.0,0.0,1.236775156
sc02,01-18 07:00:00+01:00,0.0,1.9942928022000002,0.7000000000000001,0.0,0.0,0.0,1.2957161978
sc02,01-18 08:00:00+01:00,0.1,2.08,0.7000000000000001,0.0,0.012782077497,0.04609627720300016,1.2256976453000001
sc02,01-18 09:00:00+01:00,0.1,2.040724893640001,0.7000000000000001,0.0,0.23299627116,0.0,1.1438078352
sc02,01-18 10:00:00+01:00,0.0,1.7917953530999997,0.7000000000000001,0.0,0.6005827646999999,0.0,1.0997938822
sc02,01-18 11:00:00+01:00,0.0,1.5429759045000002,0.7000000000000001,0.0,0.7700135092,0.0,1.1040515863
sc02,01-18 12:00:00+01:00,0.0,1.3156485271000002,0.7000000000000001,0.0,0.8249923904,0.0,1.1470050825
sc02,01-18 13:00:00+01:00,0.0,1.1500000000000001,0.7000000000000001,0.0,0.848166279,0.0,1.2276874545
sc02,01-18 14:00:00+01:00,0.0,1.1044856324000003,0.7000000000000001,0.0,0.8392644458,0.0,1.2426759218
sc02,01-18 15:00:00+01:00,0.0,1.089016435589474,0.7000000000000001,0.0,0.7683792443999999,0.0,1.2640989023
sc02,01-18 16:00:00+01:00,0.0,1.3719953547,0.7000000000000001,0.0,0.5816552930000001,0.0,1.2676453523
sc02,01-18 17:00:00+01:00,0.0,1.9892807055699997,0.7000000000000001,0.0,0.21812585883,0.0,1.2638234356
sc02,01-18 18:00:00+01:00,0.1,2.08,0.7000000000000001,0.0,0.009714019965,0.22094456803500082,1.265977412
sc02,01-18 19:00:00+01:00,0.1,2.08,0.7000000000000001,0.0,0.0,0.18473315569999946,1.2739168443
sc02,01-18 20:00:00+01:00,0.0,1.9817598736,0.7000000000000001,0.0,0.0,0.0,1.3015761264
sc02,01-18 21:00:00+01:00,0.0,1.5517264667000001,0.7000000000000001,0.0,0.0,0.0,1.2657655333000002
sc02,01-18 22:00:00+01:00,0.0,1.4493892258,0.7000000000000001,0.0,0.0,0.0,1.1626197742
sc02,01-18 23:00:00+01:00,0.0,0.9839318722999999,0.7000000000000001,0.0,0.0,0.0,1.0828691277
sc02,01-19 00:00:00+01:00,0.0,0.9279883944999998,0.7000000000000001,0.0,0.0,0.0,1.0250216055
sc02,01-19 01:00:00+01:00,0.0,0.926854530789473,0.7000000000000001,0.0,0.0,0.0,1.0367057813
sc02,01-19 02:00:00+01:00,0.0,0.82,0.7000000000000001,0.0,0.0,0.0,1.0611733812
sc02,01-19 03:00:00+01:00,0.0,0.82,0.7000000000000001,0.0,0.0,0.0,1.0714766225
sc02,01-19 04:00:00+01:00,0.0,0.9789208272000001,0.7000000000000001,0.0,0.0,0.0,1.0780641728
sc02,01-19 05:00:00+01:00,0.0,1.3291191424999995,0.7000000000000001,0.0,0.0,0.0,1.0794268575
sc02,01-19 06:00:00+01:00,0.0,1.6930045283000001,0.7000000000000001,0.0,0.0,0.0,1.0929204717
sc02,01-19 07:00:00+01:00,0.013092163433000403,1.9674977871669999,0.7000000000000001,0.0,0.0,0.0,1.0897510494
sc02,01-19 08:00:00+01:00,0.0869078365669996,2.08,0.7000000000000001,0.0,0.018260897333,0.0,1.0685042661000002
sc02,01-19 09:00:00+01:00,0.1,1.8057079542000003,0.7000000000000001,0.0,0.33297173199999996,0.0,1.0943703138
sc02,01-19 10:00:00+01:00,0.0,1.4567116840000007,0.7000000000000001,0.0,0.7800254839,0.0,1.1000748321
sc02,01-19 11:00:00+01:00,0.0,1.1254657915000001,0.7000000000000001,0.0,0.9794335202,0.0,1.1784776883
sc02,01-19 12:00:00+01:00,0.0,0.9299999999999999,0.7000000000000001,0.0,0.9981647007,0.0,1.280137924
sc02,01-19 13:00:00+01:00,0.0,0.8518029638894742,0.7000000000000001,0.0,0.9620139729999999,0.0,1.3250707542
sc02,01-19 14:00:00+01:00,0.0,0.8868143583000002,0.7000000000000001,0.0,0.841859365,0.0,1.3837072767
sc02,01-19 15:00:00+01:00,0.0,0.9051913450999999,0.7000000000000001,0.0,0.6625181055,0.0,1.4497185494
sc02,01-19 16:00:00+01:00,0.0,1.2635972158000004,0.7000000000000001,0.0,0.3981681585,0.0,1.4743516257
sc02,01-19 17:00:00+01:00,0.0,1.7296051195199995,0.7000000000000001,0.0,0.12707180918,0.0,1.4890630713000002
sc02,01-19 18:00:00+01:00,0.1,1.86,0.7000000000000001,0.015084850663000082,0.005015164637,0.0,1.5206419847000001
sc02,01-19 19:00:00+01:00,0.1,1.7789374709999999,0.7000000000000001,0.0,0.0,0.0,1.570511529
sc02,01-19 20:00:00+01:00,0.0,1.5750676869,0.7000000000000001,0.0,0.0,0.0,1.5379093131000001
sc02,01-19 21:00:00+01:00,0.0,1.2221409542000001,0.7000000000000001,0.0,0.0,0.0,1.4596110458
sc02,01-19 22:00:00+01:00,0.0,1.0829196021947372,0.7000000000000001,0.0,0.0,0.0,1.4272655557
sc02,01-19 23:00:00+01:00,0.0,0.6634381139,0.7000000000000001,0.0,0.0,0.0,1.3655448861000001
sc03,01-13 00:00:00+01:00,0.0,0.88,0.7000000000000001,0.0,0.0,0.0,0.9748641142000001
sc03,01-13 01:00:00+01:00,0.0,0.88,0.7000000000000001,0.0,0.0,0.0,1.0273028398
sc03,01-13 02:00:00+01:00,0.0,0.88,0.7000000000000001,0.0,0.0,0.0,1.0563942871
sc03,01-13 03:00:00+01:00,0.0,0.88,0.7000000000000001,0.0,0.0,0.0,1.0850239225
sc03,01-13 04:00:00+01:00,0.0,0.88,0.7000000000000001,0.0,0.0,0.0,1.131187187
sc03,01-13 05:00:00+01:00,0.0,0.88,0.7000000000000001,0.0,0.0,0.0,1.0667703233
sc03,01-13 06:00:00+01:00,0.0,0.9751674010999997,0.7000000000000001,0.0,0.0,0.0,1.0149745988999999
sc03,01-13 07:00:00+01:00,0.0,1.4031588096000003,0.7000000000000001,0.0,0.0,0.0,0.9396211904
sc03,01-13 08:00:00+01:00,0.1,1.6340128165935246,0.7000000000000001,0.04137470878247562,0.014357658824,0.0,0.8635818157999999
sc03,01-13 09:00:00+01:00,0.1,1.5700000000000003,0.7000000000000001,0.14499383370000035,0.2503857373,0.0,0.757770429
sc03,01-13 10:00:00+01:00,0.0,1.4457128725000001,0.7000000000000001,0.0,0.7462983157,0.0,0.6877098118
sc03,01-13 11:00:00+01:00,0.0,1.2098138613000007,0.7000000000000001,0.0,1.0330793544999999,0.0,0.6506117842
sc03,01-13 12:00:00+01:00,0.0,1.078457433,0.7000000000000001,0.0,1.1264774785,0.0,0.6377200885000001
sc03,01-13 13:00:00+01:00,0.0,0.88,0.7000000000000001,0.0,1.2365878383000002,0.0,0.6155624482
sc03,01-13 14:00:00+01:00,0.0,0.88,0.7000000000000001,0.0,1.3152284810000001,0.0,0.6361912727
sc03,01-13 15:00:00+01:00,0.0,0.88,0.7000000000000001,0.0,1.2841642455,0.0,0.6382329673
sc03,01-13 16:00:00+01:00,0.0,1.1586702023000002,0.7000000000000001,0.0,0.9784407454000001,0.0,0.6021070523000001
sc03,01-13 17:00:00+01:00,0.015879563100000174,1.5700000000000003,0.7000000000000001,0.5,0.2876196868,0.0,0.5596537501000001
sc03,01-13 18:00:00+01:00,0.08412043689999985,1.5700000000000003,0.7000000000000001,0.32470601819432243,0.007668512318000001,0.5470592711876776,0.5510127614
sc03,01-13 19:00:00+01:00,0.1,1.5700000000000003,0.7000000000000001,0.5,0.0,0.39835207999999983,0.57362092
sc03,01-13 20:00:00+01:00,0.0,1.5700000000000003,0.7000000000000001,0.5,0.0,0.2833313454000003,0.5980446546
sc03,01-13 21:00:00+01:00,0.0,1.5700000000000003,0.7000000000000001,0.3953195189999997,0.0,0.0,0.611907481
sc03,01-13 22:00:00+01:00,0.0,1.5700000000000003,0.7000000000000001,0.18936823969999922,0.0,0.0,0.5988187603
sc03,01-13 23:00:00+01:00,0.0,1.516442246,0.7000000000000001,0.0,0.0,0.0,0.6317797540000001
sc03,01-14 00:00:00+01:00,0.0,1.291760863,0.7000000000000001,0.0,0.0,0.0,0.671752137
sc03,01-14 01:00:00+01:00,0.0,1.1420851447999998,0.7000000000000001,0.0,0.0,0.0,0.6742098552
sc03,01-14 02:00:00+01:00,0.0,0.9747998995,0.7000000000000001,0.0,0.0,0.0,0.7065961005
sc03,01-14 03:00:00+01:00,0.0,0.8840685857999997,0.7000000000000001,0.0,0.0,0.0,0.6975144142
sc03,01-14 04:00:00+01:00,0.0,0.88,0.7000000000000001,0.0,0.0,0.0,0.7212435897
sc03,01-14 05:00:00+01:00,0.0,0.88,0.7000000000000001,0.0,0.0,0.0,0.7499816195
sc03,01-14 06:00:00+01:00,0.0,1.0499701075999996,0.7000000000000001,0.0,0.0,0.0,0.7526278924
sc03,01-14 07:00:00+01:00,0.0,1.3654642987999996,0.7000000000000001,0.0,0.0,0.0,0.7651987012000001
sc03,01-14 08:00:00+01:00,0.07557543756399936,1.5700000000000003,0.7000000000000001,0.0,0.016757357436,0.0,0.786098205
sc03,01-14 09:00:00+01:00,0.09240320096100103,1.368932400938999,0.7000000000000001,0.0,0.3501051529,0.0,0.8054222451999999
sc03,01-14 10:00:00+01:00,0.0,0.9529620740999996,0.7000000000000001,0.0,0.8978676791000001,0.0,0.8047722468
sc03,01-14 11:00:00+01:00,0.0,0.88,0.7000000000000001,0.0,1.1424322851,0.0,0.8017114235
sc03,01-14 12:00:00+01:00,0.0,0.88,0.7000000000000001,0.0,1.2365257388000002,0.0,0.8203897618
sc03,01-14 13:00:00+01:00,0.0,0.88,0.7000000000000001,0.0,1.2793489411,0.0,0.8883309793
sc03,01-14 14:00:00+01:00,0.0,0.88,0.7000000000000001,0.0,1.2935157130000001,0.0,0.8724212869999992
sc03,01-14 15:00:00+01:00,0.0,0.88,0.7000000000000001,0.0,1.2233628053999999,0.0,0.9512751945999989
sc03,01-14 16:00:00+01:00,0.0,0.88,0.7000000000000001,0.0,0.873873905,0.0,0.9795197965
sc03,01-14 17:00:00+01:00,0.07112703879999964,1.5700000000000003,0.7000000000000001,0.0,0.26970599549999996,0.0,1.0027909657
sc03,01-14 18:00:00+01:00,0.028872961200000352,1.5700000000000003,0.7000000000000001,0.3431369145239995,0.007824984476,0.0,1.1390981398000002
sc03,01-14 19:00:00+01:00,0.1,1.5700000000000003,0.7000000000000001,0.2658181937000001,0.0,0.0,1.2534388063000002
sc03,01-14 20:00:00+01:00,0.0,1.5700000000000003,0.7000000000000001,0.22709121949999983,0.0,0.0,1.2787387805
sc03,01-14 21:00:00+01:00,0.0,1.4367209076999998,0.7000000000000001,0.0,0.0,0.0,1.2959750923
sc03,01-14 22:00:00+01:00,0.0,1.2192855789999997,0.7000000000000001,0.0,0.0,0.0,1.2940484209999998
sc03,01-14 23:00:00+01:00,0.0,0.9979380969999998,0.7000000000000001,0.0,0.0,0.0,1.2984209029999998
sc03,01-15 00:00:00+01:00,0.0,0.88,0.7000000000000001,0.0,0.0,0.0,1.3016025192000003
sc03,01-15 01:00:00+01:00,0.0,0.88,0.7000000000000001,0.0,0.0,0.0,1.2960966218
sc03,01-15 02:00:00+01:00,0.0,0.88,0.7000000000000001,0.0,0.0,0.0,1.3288697971999999
sc03,01-15 03:00:00+01:00,0.0,0.88,0.7000000000000001,0.0,0.0,0.0,1.2376221794
sc03,01-15 04:00:00+01:00,0.0,1.1973542048000003,0.7000000000000001,0.0,0.0,0.0,1.0653967952
sc03,01-15 05:00:00+01:00,0.0,1.5700000000000003,0.7000000000000001,0.021753124199999488,0.0,0.0,1.1009868758
sc03,01-15 06:00:00+01:00,0.0,1.5700000000000003,0.7000000000000001,0.4685446457000004,0.0,0.0,1.1104493543
sc03,01-15 07:00:00+01:00,0.095,1.5700000000000003,0.7000000000000001,0.4996657684999992,0.0,0.0,1.3169082315
sc03,01-15 08:00:00+01:00,0.1,1.5700000000000003,0.7000000000000001,0.5,0.014272157419999999,0.09265772758000072,1.411035115
sc03,01-15 09:00:00+01:00,0.0,1.5700000000000003,0.7000000000000001,0.5,0.21304135498000001,0.03857211742000123,1.4422355276
sc03,01-15 10:00:00+01:00,0.0,1.5700000000000003,0.7000000000000001,0.18127924000000056,0.550956516,0.0,1.451760244
sc03,01-15 11:00:00+01:00,0.0,1.446456067300001,0.7000000000000001,0.0,0.8323144105,0.0,1.4068055222
sc03,01-15 12:00:00+01:00,0.0,1.1995689132000007,0.7000000000000001,0.0,0.9179664743,0.0,1.4366006125
sc03,01-15 13:00:00+01:00,0.0,0.9136592852999993,0.7000000000000001,0.0,0.9725720453000001,0.0,1.5196216694000002
sc03,01-15 14:00:00+01:00,0.0,0.88,0.7000000000000001,0.0,0.9842303682000001,0.0,1.5846253115
sc03,01-15 15:00:00+01:00,0.0,0.9021792342999994,0.7000000000000001,0.0,0.8744363177000001,0.0,1.560776448
sc03,01-15 16:00:00+01:00,0.0,1.2594073595000008,0.7000000000000001,0.0,0.6334022007,0.0,1.5869374398
sc03,01-15 17:00:00+01:00,0.0,1.5700000000000003,0.7000000000000001,0.3416909702000008,0.2563867428,0.0,1.5707322869999998
sc03,01-15 18:00:00+01:00,0.1,1.5700000000000003,0.7000000000000001,0.5,0.00813242244,0.1365693240600006,1.6318392535
sc03,01-15 19:00:00+01:00,0.0,1.5700000000000003,0.7000000000000001,0.5,0.0,0.1703592825000006,1.6643777174999999
sc03,01-15 20:00:00+01:00,0.0,1.5700000000000003,0.7000000000000001,0.2634344981999999,0.0,0.0,1.6941485018
sc03,01-15 21:00:00+01:00,0.0,1.242613665,0.7000000000000001,0.0,0.0,0.0,1.7824563350000002
sc03,01-15 22:00:00+01:00,0.0,0.9120588747000005,0.7000000000000001,0.0,0.0,0.0,1.8665181253
sc03,01-15 23:00:00+01:00,0.0,0.7000000000000001,0.7000000000000001,0.0,0.0,0.0,1.8200478463
sc03,01-16 00:00:00+01:00,0.0,0.7000000000000001,0.7000000000000001,0.0,0.0,0.0,1.8610712748000002
sc03,01-16 01:00:00+01:00,0.0,0.7000000000000001,0.7000000000000001,0.0,0.0,0.0,1.8364133197999999
sc03,01-16 02:00:00+01:00,0.0,0.7000000000000001,0.7000000000000001,0.0,0.0,0.0,1.7273902413999997
sc03,01-16 03:00:00+01:00,0.0,0.7000000000000001,0.7000000000000001,0.0,0.0,0.0,1.7500861703
sc03,01-16 04:00:00+01:00,0.0,0.7000000000000001,0.7000000000000001,0.0,0.0,0.0,1.7424165583000002
sc03,01-16 05:00:00+01:00,0.0,0.9683571936000002,0.7000000000000001,0.0,0.0,0.0,1.7317308063999999
sc03,01-16 06:00:00+01:00,0.0,1.2209719217,0.7000000000000001,0.0,0.0,0.0,1.9316210783
sc03,01-16 07:00:00+01:00,0.07362312695499895,1.284674166345002,0.7000000000000001,0.0,0.0,0.0,2.1175017066999997
sc03,01-16 08:00:00+01:00,0.026376873045001054,1.3900000000000001,0.7000000000000001,0.0,0.013183735254999999,0.0,2.2395923917
sc03,01-16 09:00:00+01:00,0.1,1.2227911534199998,0.7000000000000001,0.0,0.18621119798,0.0,2.2194516486
sc03,01-16 10:00:00+01:00,0.0,1.0105486671000006,0.7000000000000001,0.0,0.4557836645000001,0.0,2.2387836684
sc03,01-16 11:00:00+01:00,0.0,0.7069648714000001,0.7000000000000001,0.0,0.6987029419999999,0.0,2.2231711866
sc03,01-16 12:00:00+01:00,0.0,0.7000000000000001,0.7000000000000001,0.0,0.797599005,0.0,2.2570481932
sc03,01-16 13:00:00+01:00,0.0,0.7000000000000001,0.7000000000000001,0.0,0.775873083,0.0,2.2398642983999997
sc03,01-16 14:00:00+01:00,0.0,0.7000000000000001,0.7000000000000001,0.0,0.6662939331,0.0,2.1455241864000003
sc03,01-16 15:00:00+01:00,0.0,0.7000000000000001,0.7000000000000001,0.0,0.4932892606,0.0,2.133968455
sc03,01-16 16:00:00+01:00,0.0,0.9569952315000001,0.7000000000000001,0.0,0.3243651005,0.0,2.133532668
sc03,01-16 17:00:00+01:00,0.04567366748000004,1.3900000000000001,0.7000000000000001,0.0,0.10617913072000001,0.0,2.1398862018
sc03,01-16 18:00:00+01:00,0.1,1.3900000000000001,0.7000000000000001,0.2832056226500006,0.004162648850000001,0.0,2.1252857285
sc03,01-16 19:00:00+01:00,0.054326332519999965,1.3900000000000001,0.7000000000000001,0.30170564448000103,0.0,0.0,2.119612023
sc03,01-16 20:00:00+01:00,0.0,1.3900000000000001,0.7000000000000001,0.035724153399999875,0.0,0.0,2.0663838466
sc03,01-16 21:00:00+01:00,0.0,0.9398486464000002,0.7000000000000001,0.0,0.0,0.0,2.0568263536
sc03,01-16 22:00:00+01:00,0.0,0.7167417015999994,0.7000000000000001,0.0,0.0,0.0,2.0409852984000003
sc03,01-16 23:00:00+01:00,0.0,0.6000000000000001,0.7000000000000001,0.0,0.0,0.0,1.9281589620000001
sc03,01-17 00:00:00+01:00,0.0,0.6000000000000001,0.7000000000000001,0.0,0.0,0.0,1.8643434851
sc03,01-17 01:00:00+01:00,0.0,0.6000000000000001,0.7000000000000001,0.0,0.0,0.0,1.7183054853000002
sc03,01-17 02:00:00+01:00,0.0,0.6000000000000001,0.7000000000000001,0.0,0.0,0.0,1.6823802784000002
sc03,01-17 03:00:00+01:00,0.0,0.6000000000000001,0.7000000000000001,0.0,0.0,0.0,1.7637918682999998
sc03,01-17 04:00:00+01:00,0.0,0.6000000000000001,0.7000000000000001,0.0,0.0,0.0,1.7631343816
sc03,01-17 05:00:00+01:00,0.0,0.8384837620000001,0.7000000000000001,0.0,0.0,0.0,1.804702238
sc03,01-17 06:00:00+01:00,0.0,1.1430597834,0.7000000000000001,0.0,0.0,0.0,1.9386462166000002
sc03,01-17 07:00:00+01:00,0.0,1.2531063214000007,0.7000000000000001,0.0,0.0,0.0,2.1211016786
sc03,01-17 08:00:00+01:00,0.1,1.29,0.7000000000000001,0.03533119092000056,0.009926422380000001,0.0,2.1013193866999997
sc03,01-17 09:00:00+01:00,0.1,1.1638149306799996,0.7000000000000001,0.0,0.17847859782,0.0,2.1296644715
sc03,01-17 10:00:00+01:00,0.0,0.9421499618000002,0.7000000000000001,0.0,0.47848987,0.0,2.1083161682
sc03,01-17 11:00:00+01:00,0.0,0.6039239374000003,0.7000000000000001,0.0,0.7024062693,0.0,2.1395117933
sc03,01-17 12:00:00+01:00,0.0,0.6000000000000001,0.7000000000000001,0.0,0.8395171772000001,0.0,2.0837916498999998
sc03,01-17 13:00:00+01:00,0.0,0.6000000000000001,0.7000000000000001,0.0,0.9074270114,0.0,2.0564246932
sc03,01-17 14:00:00+01:00,0.0,0.6000000000000001,0.7000000000000001,0.0,0.941935011,0.0,1.9995850062999998
sc03,01-17 15:00:00+01:00,0.0,0.6000000000000001,0.7000000000000001,0.0,0.835439418,0.0,2.0308822735
sc03,01-17 16:00:00+01:00,0.0,0.6318031640000001,0.7000000000000001,0.0,0.5670148728,0.0,2.0730749632
sc03,01-17 17:00:00+01:00,0.0,1.29,0.7000000000000001,0.004866702279999635,0.17478918931999998,0.0,2.0887811084
sc03,01-17 18:00:00+01:00,0.1,1.29,0.7000000000000001,0.285416334913,0.007071684987000001,0.0,2.1048579801000002
sc03,01-17 19:00:00+01:00,0.1,1.29,0.7000000000000001,0.26159212500000073,0.0,0.0,2.099431875
sc03,01-17 20:00:00+01:00,0.0,1.29,0.7000000000000001,0.027054799699999688,0.0,0.0,2.0712422003
sc03,01-17 21:00:00+01:00,0.0,0.8333226170000002,0.7000000000000001,0.0,0.0,0.0,2.074413383
sc03,01-17 22:00:00+01:00,0.0,0.6033703201000001,0.7000000000000001,0.0,0.0,0.0,2.0813066799
sc03,01-17 23:00:00+01:00,0.0,0.46,0.7000000000000001,0.0,0.0,0.0,2.0297319181
sc03,01-18 00:00:00+01:00,0.0,0.46,0.7000000000000001,0.0,0.0,0.0,2.0296380085
sc03,01-18 01:00:00+01:00,0.0,0.46,0.7000000000000001,0.0,0.0,0.0,1.8676700780000002
sc03,01-18 02:00:00+01:00,0.0,0.46,0.7000000000000001,0.0,0.0,0.0,1.8146353666000001
sc03,01-18 03:00:00+01:00,0.0,0.46,0.7000000000000001,0.0,0.0,0.0,1.7743578098
sc03,01-18 04:00:00+01:00,0.0,0.4645575697000002,0.7000000000000001,0.0,0.0,0.0,1.7074584303
sc03,01-18 05:00:00+01:00,0.0,0.8109945982999996,0.7000000000000001,0.0,0.0,0.0,1.7614914017000003
sc03,01-18 06:00:00+01:00,0.0,1.1365582664000005,0.7000000000000001,0.0,0.0,0.0,1.8551627335999998
sc03,01-18 07:00:00+01:00,0.1,1.1500000000000001,0.7000000000000001,0.09643470330000012,0.0,0.0,1.9435742967
sc03,01-18 08:00:00+01:00,0.1,1.1500000000000001,0.7000000000000001,0.3568564155520003,0.019173116248,0.0,1.8385464682
sc03,01-18 09:00:00+01:00,0.0,1.1500000000000001,0.7000000000000001,0.30232284020000066,0.3494944067,0.0,1.7157117531
sc03,01-18 10:00:00+01:00,0.0,0.9416070295999996,0.7000000000000001,0.0,0.9008741470999999,0.0,1.6496908232999998
sc03,01-18 11:00:00+01:00,0.0,0.6059433568000003,0.7000000000000001,0.0,1.1550202637,0.0,1.6560773795000001
sc03,01-18 12:00:00+01:00,0.0,0.46,0.7000000000000001,0.0,1.2374885856,0.0,1.7205076235
sc03,01-18 13:00:00+01:00,0.0,0.46,0.7000000000000001,0.0,1.2722494185,0.0,1.8415311817000002
sc03,01-18 14:00:00+01:00,0.0,0.46,0.7000000000000001,0.0,1.2588966687999998,0.0,1.8640138831000002
sc03,01-18 15:00:00+01:00,0.0,0.46,0.7000000000000001,0.0,1.1525688665,0.0,1.8961483534
sc03,01-18 16:00:00+01:00,0.0,0.46,0.7000000000000001,0.0,0.8724829395,0.0,1.9014680284
sc03,01-18 17:00:00+01:00,0.0222252666000006,1.1500000000000001,0.7000000000000001,0.07608079179999888,0.32718878819999997,0.0,1.8957351534
sc03,01-18 18:00:00+01:00,0.1,1.1500000000000001,0.7000000000000001,0.5,0.014571029948,0.013098851852000853,1.8989661182
sc03,01-18 19:00:00+01:00,0.07777473339999941,1.1500000000000001,0.7000000000000001,0.5,0.0,0.0,1.9108752666
sc03,01-18 20:00:00+01:00,0.0,1.1500000000000001,0.7000000000000001,0.18097181019999986,0.0,0.0,1.9523641898
sc03,01-18 21:00:00+01:00,0.0,0.9188437000000005,0.7000000000000001,0.0,0.0,0.0,1.8986483
sc03,01-18 22:00:00+01:00,0.0,0.8680793385000004,0.7000000000000001,0.0,0.0,0.0,1.7439296615
sc03,01-18 23:00:00+01:00,0.0,0.46,0.7000000000000001,0.0,0.0,0.0,1.6243036916000002
sc03,01-19 00:00:00+01:00,0.0,0.46,0.7000000000000001,0.0,0.0,0.0,1.5375324082000001
sc03,01-19 01:00:00+01:00,0.0,0.46,0.7000000000000001,0.0,0.0,0.0,1.555058672
sc03,01-19 02:00:00+01:00,0.0,0.46,0.7000000000000001,0.0,0.0,0.0,1.5917600718
sc03,01-19 03:00:00+01:00,0.0,0.46,0.7000000000000001,0.0,0.0,0.0,1.6072149338
sc03,01-19 04:00:00+01:00,0.0,0.46,0.7000000000000001,0.0,0.0,0.0,1.6170962593000002
sc03,01-19 05:00:00+01:00,0.0,0.7894057137,0.7000000000000001,0.0,0.0,0.0,1.6191402863
sc03,01-19 06:00:00+01:00,0.0,1.1465442924999998,0.7000000000000001,0.0,0.0,0.0,1.6393807075000002
sc03,01-19 07:00:00+01:00,0.1,1.1500000000000001,0.7000000000000001,0.18571442589999995,0.0,0.0,1.6346265741000001
sc03,01-19 08:00:00+01:00,0.1,1.1500000000000001,0.7000000000000001,0.37352525479999954,0.027391346,0.0,1.6027563992
sc03,01-19 09:00:00+01:00,0.0,1.1500000000000001,0.7000000000000001,0.0420369312000001,0.499457598,0.0,1.6415554708
sc03,01-19 10:00:00+01:00,0.0,0.5166615260000005,0.7000000000000001,0.0,1.1700382258,0.0,1.6501122482
sc03,01-19 11:00:00+01:00,0.0,0.24,0.7000000000000001,0.0,1.4691502803,0.0,1.7677165330000002
sc03,01-19 12:00:00+01:00,0.0,0.24,0.7000000000000001,0.0,1.4972470511,0.0,1.9202068864
sc03,01-19 13:00:00+01:00,0.0,0.24,0.7000000000000001,0.0,1.4430209595,0.0,1.9775650404999996
sc03,01-19 14:00:00+01:00,0.0,0.24,0.7000000000000001,0.0,1.2627890475,0.0,2.075560915
sc03,01-19 15:00:00+01:00,0.0,0.24,0.7000000000000001,0.0,0.9937771582000001,0.0,2.1745778236
sc03,01-19 16:00:00+01:00,0.0,0.3273373237999999,0.7000000000000001,0.0,0.5972522378,0.0,2.2115274384
sc03,01-19 17:00:00+01:00,0.0,0.9215376793899995,0.7000000000000001,0.0,0.19060771381000002,0.0,2.2335946068
sc03,01-19 18:00:00+01:00,0.1,0.9299999999999999,0.7000000000000001,0.182256276245,0.007522746955,0.0,2.2809629768
sc03,01-19 19:00:00+01:00,0.095,0.9299999999999999,0.7000000000000001,0.06868170659999995,0.0,0.0,2.3557672934
sc03,01-19 20:00:00+01:00,0.0,0.8061130301000001,0.7000000000000001,0.0,0.0,0.0,2.3068639699
sc03,01-19 21:00:00+01:00,0.0,0.4923354315000001,0.7000000000000001,0.0,0.0,0.0,2.1894165685
sc03,01-19 22:00:00+01:00,0.0,0.36402366660000013,0.7000000000000001,0.0,0.0,0.0,2.1408983334
sc03,01-19 23:00:00+01:00,0.0,0.0,0.7000000000000001,0.0,0.0,0.0,2.0483173287
