Scenario,LoadLevel,BrownLignite,CCGT_1,CCGT_2,CCGT_3,CCGT_4,DomesticCoal_Anthracite,ESS1,ESS2,ImportedCoal_Bituminous,ImportedCoal_SubBituminous,Nuclear1,Nuclear2,OCGT_1,OCGT_2,OCGT_3,SolarPV_1,SolarPV_2,WindFarm_1,WindFarm_2
sc01,01-01 00:00:00+01:00,0.0,129.85999999999999,0.0,0.0,534.0,0.0,0.0,0.0,0.0,0.0,300.0,300.0,0.0,0.0,0.0,0.0,0.0,452.376,678.564
sc01,01-01 01:00:00+01:00,0.0,123.4510390000001,0.0,0.0,534.0,0.0,0.0,0.0,0.0,0.0,300.0,300.0,0.0,0.0,0.0,0.0,0.0,416.752128,625.128192
sc01,01-01 02:00:00+01:00,0.0,110.60381000000031,0.0,0.0,534.0,0.0,0.0,0.0,0.0,0.0,300.0,300.0,0.0,0.0,0.0,0.0,0.0,386.548632,579.822948
sc01,01-01 03:00:00+01:00,0.0,88.40350000000008,0.0,0.0,534.0,0.0,0.0,0.0,0.0,0.0,300.0,300.0,0.0,0.0,0.0,0.0,0.0,370.847232,556.270848
sc01,01-01 04:00:00+01:00,0.0,97.31305200000018,0.0,0.0,534.0,0.0,0.0,0.0,0.0,0.0,300.0,300.0,0.0,0.0,0.0,0.0,0.0,348.1704,522.2556
sc01,01-01 05:00:00+01:00,0.0,147.63105999999982,0.0,0.0,534.0,0.0,0.0,0.0,0.0,0.0,300.0,300.0,0.0,0.0,0.0,0.0,0.0,323.84196,485.76294
sc01,01-01 06:00:00+01:00,0.0,185.2228039999998,0.0,0.0,534.0,0.0,0.0,0.0,0.0,0.0,300.0,300.0,0.0,0.0,0.0,0.0,0.0,307.400184,461.100276
sc01,01-01 07:00:00+01:00,0.0,277.2770269999999,0.0,0.0,534.0,0.0,0.0,0.0,0.0,0.0,300.0,300.0,0.0,0.0,0.0,0.0,0.0,278.94621600000005,418.419324
sc01,01-01 08:00:00+01:00,0.0,399.65059999999966,0.0,0.0,534.0,0.0,0.0,0.0,0.0,0.0,300.0,300.0,0.0,0.0,0.0,0.53832,0.35888000000000003,252.56124000000003,378.84186000000005
sc01,01-01 09:00:00+01:00,0.0,400.0,187.61856500000007,0.0,534.0,0.0,0.0,0.0,0.0,0.0,300.0,300.0,0.0,0.0,0.0,11.772495,7.848330000000001,213.077664,319.616496
sc01,01-01 10:00:00+01:00,0.0,400.0,303.2169870000002,0.0,534.0,0.0,0.0,0.0,0.0,0.0,300.0,300.0,0.0,0.0,0.0,29.815695,19.87713,187.216848,280.82527200000004
sc01,01-01 11:00:00+01:00,0.0,400.0,329.0953330000005,0.0,534.0,0.0,0.0,0.0,0.0,0.0,300.0,300.0,0.0,0.0,0.0,40.871895,27.24793,193.418712,290.12806800000004
sc01,01-01 12:00:00+01:00,0.0,400.0,289.3962930000001,0.0,534.0,0.0,0.0,0.0,0.0,0.0,300.0,300.0,0.0,0.0,0.0,45.92964,30.61976,203.42080800000002,305.131212
sc01,01-01 13:00:00+01:00,0.0,400.0,279.66808999999984,0.0,534.0,0.0,0.0,0.0,0.0,0.0,300.0,300.0,0.0,0.0,0.0,46.602285,31.06819,206.33882400000002,309.508236
sc01,01-01 14:00:00+01:00,0.0,400.0,316.47939400000024,0.0,534.0,0.0,0.0,0.0,0.0,0.0,300.0,300.0,0.0,0.0,0.0,44.12493,29.41662,207.704736,311.557104
sc01,01-01 15:00:00+01:00,0.0,400.0,400.0,0.0,534.0,0.0,0.0,0.0,0.0,0.0,300.0,300.0,0.0,0.0,0.0,37.142790000000005,24.76186,190.79553600000003,286.193304
sc01,01-01 16:00:00+01:00,0.0,400.0,400.0,100.35616199999997,534.0,0.0,0.0,0.0,0.0,0.0,300.0,300.0,0.0,0.0,0.0,22.91571,15.27714,180.473112,270.709668
sc01,01-01 17:00:00+01:00,0.0,400.0,400.0,171.88595800000027,534.0,0.0,0.0,0.0,0.0,0.0,300.0,300.0,0.0,0.0,0.0,5.17509,3.45006,191.37024,287.05536000000006
sc01,01-01 18:00:00+01:00,0.0,400.0,400.0,158.74890899999983,534.0,0.0,0.0,0.0,0.0,0.0,300.0,300.0,0.0,0.0,0.0,0.0,0.0,195.86484,293.79726
sc01,01-01 19:00:00+01:00,0.0,400.0,400.0,95.13404699999994,534.0,0.0,0.0,0.0,0.0,0.0,300.0,300.0,0.0,0.0,0.0,0.0,0.0,206.39325600000004,309.589884
sc01,01-01 20:00:00+01:00,0.0,400.0,400.0,9.14921000000013,534.0,0.0,0.0,0.0,0.0,0.0,300.0,300.0,0.0,0.0,0.0,0.0,0.0,220.29364800000002,330.440472
sc01,01-01 21:00:00+01:00,0.0,400.0,400.0,0.0,534.0,0.0,0.0,0.0,0.0,0.0,300.0,300.0,0.0,0.0,0.0,0.0,0.0,238.680864,358.021296
sc01,01-01 22:00:00+01:00,0.0,400.0,312.3306100000006,0.0,534.0,0.0,0.0,0.0,0.0,0.0,300.0,300.0,0.0,0.0,0.0,0.0,0.0,247.88397600000002,371.825964
sc01,01-01 23:00:00+01:00,0.0,400.0,185.86792299999988,0.0,534.0,0.0,0.0,0.0,0.0,0.0,300.0,300.0,0.0,0.0,0.0,0.0,0.0,248.76705600000003,373.150584
sc01,01-02 00:00:00+01:00,0.0,400.0,146.33265400000016,0.0,534.0,0.0,0.0,0.0,0.0,0.0,300.0,300.0,0.0,0.0,0.0,0.0,0.0,237.44988,356.17482
sc01,01-02 01:00:00+01:00,0.0,400.0,145.7309080000001,0.0,534.0,0.0,0.0,0.0,0.0,0.0,300.0,300.0,0.0,0.0,0.0,0.0,0.0,217.53136800000001,326.297052
sc01,01-02 02:00:00+01:00,0.0,400.0,122.57639700000011,0.0,534.0,0.0,0.0,0.0,0.0,0.0,300.0,300.0,0.0,0.0,0.0,0.0,0.0,212.61614400000002,318.924216
sc01,01-02 03:00:00+01:00,0.0,400.0,175.86938700000022,0.0,534.0,0.0,0.0,0.0,0.0,0.0,300.0,300.0,0.0,0.0,0.0,0.0,0.0,199.345968,299.018952
sc01,01-02 04:00:00+01:00,0.0,400.0,264.7285110000001,0.0,534.0,0.0,0.0,0.0,0.0,0.0,300.0,300.0,0.0,0.0,0.0,0.0,0.0,207.270936,310.906404
sc01,01-02 05:00:00+01:00,0.0,400.0,400.0,0.0,534.0,0.0,0.0,0.0,0.0,0.0,300.0,300.0,0.0,0.0,0.0,0.0,0.0,220.001472,330.002208
sc01,01-02 06:00:00+01:00,0.0,400.0,400.0,82.75369199999983,534.0,0.0,0.0,0.0,0.0,0.0,300.0,300.0,0.0,0.0,0.0,0.0,0.0,221.790744,332.686116
sc01,01-02 07:00:00+01:00,0.0,400.0,400.0,222.88226000000043,534.0,0.0,0.0,0.0,0.0,0.0,300.0,300.0,0.0,0.0,0.0,0.0,0.0,232.262928,348.394392
sc01,01-02 08:00:00+01:00,0.0,400.0,400.0,373.79039100000045,534.0,0.0,0.0,0.0,0.0,0.0,300.0,300.0,0.0,0.0,0.0,0.65583,0.43722,218.437272,327.655908
sc01,01-02 09:00:00+01:00,0.0,400.0,400.0,400.0,534.0,0.0,46.25659700000029,50.0,0.0,0.0,300.0,300.0,0.0,0.0,0.0,12.63789,8.42526,198.78444000000002,298.17666
sc01,01-02 10:00:00+01:00,0.0,400.0,400.0,400.0,534.0,0.0,100.0,50.0,51.853866000000416,0.0,300.0,300.0,0.0,0.0,0.0,30.12207,20.08138,159.784632,239.67694800000004
sc01,01-02 11:00:00+01:00,0.0,400.0,400.0,400.0,534.0,0.0,100.0,50.0,115.32620400000037,0.0,300.0,300.0,0.0,0.0,0.0,40.435785,26.95719,126.33976800000002,189.509652
sc01,01-02 12:00:00+01:00,34.28326800000059,400.0,400.0,400.0,534.0,0.0,100.0,50.0,116.60000000000002,0.0,300.0,300.0,0.0,0.0,0.0,44.65218,29.76812,102.638016,153.957024
sc01,01-02 13:00:00+01:00,0.0,400.0,400.0,400.0,534.0,0.0,100.0,50.0,116.60000000000002,28.24867200000025,300.0,300.0,0.0,0.0,0.0,44.476395,29.65093,96.63804,144.95706
sc01,01-02 14:00:00+01:00,0.0,400.0,400.0,400.0,534.0,0.0,100.0,50.0,116.60000000000002,58.790753000000585,300.0,300.0,0.0,0.0,0.0,40.983810000000005,27.32254,96.318216,144.477324
sc01,01-02 15:00:00+01:00,121.89999999999999,400.0,400.0,400.0,534.0,0.0,100.0,50.0,116.60000000000002,10.603213000000459,300.0,300.0,0.0,0.0,0.0,33.004545,22.00303,106.942392,160.413588
sc01,01-02 16:00:00+01:00,121.89999999999999,400.0,400.0,400.0,534.0,0.0,100.0,50.0,116.60000000000002,90.2,300.0,300.0,13.234296999999687,0.0,0.0,19.19916,12.79944,118.981584,178.472376
sc01,01-02 17:00:00+01:00,121.89999999999999,400.0,400.0,400.0,534.0,0.0,100.0,50.0,116.60000000000002,90.2,300.0,300.0,29.600743000000943,0.0,0.0,4.19826,2.79884,134.335008,201.502512
sc01,01-02 18:00:00+01:00,121.89999999999999,400.0,400.0,400.0,534.0,0.0,100.0,50.0,116.60000000000002,45.73957100000038,300.0,300.0,0.0,0.0,0.0,0.0,0.0,134.54964000000004,201.82446
sc01,01-02 19:00:00+01:00,68.54667100000056,400.0,400.0,400.0,534.0,0.0,100.0,50.0,116.60000000000002,0.0,300.0,300.0,0.0,0.0,0.0,0.0,0.0,132.375528,198.563292
sc01,01-02 20:00:00+01:00,0.0,400.0,400.0,400.0,534.0,0.0,100.0,50.0,81.98240500000031,0.0,300.0,300.0,0.0,0.0,0.0,0.0,0.0,124.914312,187.371468
sc01,01-02 21:00:00+01:00,0.0,400.0,400.0,400.0,534.0,0.0,43.54785600000055,50.0,0.0,0.0,300.0,300.0,0.0,0.0,0.0,0.0,0.0,130.700808,196.051212
sc01,01-02 22:00:00+01:00,0.0,400.0,400.0,315.9595830000002,534.0,0.0,0.0,0.0,0.0,0.0,300.0,300.0,0.0,0.0,0.0,0.0,0.0,141.973344,212.960016
sc01,01-02 23:00:00+01:00,0.0,400.0,400.0,182.8426430000001,534.0,0.0,0.0,0.0,0.0,0.0,300.0,300.0,0.0,0.0,0.0,0.0,0.0,138.408912,207.613368
sc01,01-03 00:00:00+01:00,0.0,400.0,400.0,111.29985600000003,534.0,0.0,0.0,0.0,0.0,0.0,300.0,300.0,0.0,0.0,0.0,0.0,0.0,134.172432,201.258648
sc01,01-03 01:00:00+01:00,0.0,400.0,400.0,27.757825000000125,534.0,0.0,0.0,0.0,0.0,0.0,300.0,300.0,0.0,0.0,0.0,0.0,0.0,143.413272,215.11990800000004
sc01,01-03 02:00:00+01:00,0.0,400.0,400.0,0.0,534.0,0.0,0.0,0.0,0.0,0.0,300.0,300.0,0.0,0.0,0.0,0.0,0.0,161.08164,241.62246
sc01,01-03 03:00:00+01:00,0.0,400.0,400.0,0.0,534.0,0.0,0.0,0.0,0.0,0.0,300.0,300.0,0.0,0.0,0.0,0.0,0.0,173.50452,260.25678000000005
sc01,01-03 04:00:00+01:00,0.0,400.0,400.0,0.0,534.0,0.0,0.0,0.0,0.0,0.0,300.0,300.0,0.0,0.0,0.0,0.0,0.0,188.525016,282.787524
sc01,01-03 05:00:00+01:00,0.0,400.0,400.0,150.59519500000042,534.0,0.0,0.0,0.0,0.0,0.0,300.0,300.0,0.0,0.0,0.0,0.0,0.0,201.637656,302.456484
sc01,01-03 06:00:00+01:00,0.0,400.0,400.0,310.74673600000045,534.0,0.0,0.0,0.0,0.0,0.0,300.0,300.0,0.0,0.0,0.0,0.0,0.0,219.687552,329.531328
sc01,01-03 07:00:00+01:00,0.0,400.0,400.0,400.0,534.0,0.0,0.0,47.79961700000068,0.0,0.0,300.0,300.0,0.0,0.0,0.0,0.0,0.0,233.91036000000003,350.86554
sc01,01-03 08:00:00+01:00,0.0,400.0,400.0,400.0,534.0,0.0,83.71394700000067,50.0,0.0,0.0,300.0,300.0,0.0,0.0,0.0,0.641955,0.42797,237.802896,356.704344
sc01,01-03 09:00:00+01:00,0.0,400.0,400.0,400.0,534.0,0.0,89.73025000000045,50.0,0.0,0.0,300.0,300.0,0.0,0.0,0.0,12.693255,8.46217,250.974792,376.462188
sc01,01-03 10:00:00+01:00,0.0,400.0,400.0,400.0,534.0,0.0,78.30135700000073,50.0,0.0,0.0,300.0,300.0,0.0,0.0,0.0,31.49586,20.99724,246.272472,369.408708
sc01,01-03 11:00:00+01:00,0.0,400.0,400.0,400.0,534.0,0.0,79.91856000000108,50.0,0.0,0.0,300.0,300.0,0.0,0.0,0.0,41.907825,27.93855,228.378312,342.567468
sc01,01-03 12:00:00+01:00,0.0,400.0,400.0,400.0,534.0,0.0,90.53691500000072,50.0,0.0,0.0,300.0,300.0,0.0,0.0,0.0,45.951195,30.63413,211.868712,317.803068
sc01,01-03 13:00:00+01:00,0.0,400.0,400.0,400.0,534.0,0.0,31.581467000000863,50.0,0.0,0.0,300.0,300.0,0.0,0.0,0.0,46.519995,31.013330000000003,225.654552,338.48182800000006
sc01,01-03 14:00:00+01:00,0.0,400.0,400.0,400.0,534.0,0.0,11.25547900000068,50.0,0.0,0.0,300.0,300.0,0.0,0.0,0.0,43.987875,29.32525,245.061648,367.592472
sc01,01-03 15:00:00+01:00,0.0,400.0,400.0,400.0,534.0,0.0,70.48128000000042,50.0,0.0,0.0,300.0,300.0,0.0,0.0,0.0,37.35291,24.90194,258.62364,387.93546000000003
sc01,01-03 16:00:00+01:00,0.0,400.0,400.0,400.0,534.0,0.0,100.0,50.0,45.94172000000085,0.0,300.0,300.0,0.0,0.0,0.0,23.38152,15.58768,277.503264,416.254896
sc01,01-03 17:00:00+01:00,0.0,400.0,400.0,400.0,534.0,0.0,100.0,50.0,9.734504000000644,0.0,300.0,300.0,0.0,0.0,0.0,5.541450000000001,3.6943,314.456832,471.685248
sc01,01-03 18:00:00+01:00,0.0,400.0,400.0,400.0,534.0,0.0,0.0,5.211373000000408,0.0,0.0,300.0,300.0,0.0,0.0,0.0,0.0,0.0,344.226672,516.340008
sc01,01-03 19:00:00+01:00,0.0,400.0,400.0,256.9778350000007,534.0,0.0,0.0,0.0,0.0,0.0,300.0,300.0,0.0,0.0,0.0,0.0,0.0,353.02089600000005,529.531344
sc01,01-03 20:00:00+01:00,0.0,400.0,400.0,105.82793900000031,534.0,0.0,0.0,0.0,0.0,0.0,300.0,300.0,0.0,0.0,0.0,0.0,0.0,361.14804,541.7220600000002
sc01,01-03 21:00:00+01:00,0.0,400.0,400.0,0.0,534.0,0.0,0.0,0.0,0.0,0.0,300.0,300.0,0.0,0.0,0.0,0.0,0.0,372.869424,559.304136
sc01,01-03 22:00:00+01:00,0.0,400.0,351.2029310000008,0.0,534.0,0.0,0.0,0.0,0.0,0.0,300.0,300.0,0.0,0.0,0.0,0.0,0.0,367.26768,550.90152
sc01,01-03 23:00:00+01:00,0.0,400.0,203.59239100000048,0.0,534.0,0.0,0.0,0.0,0.0,0.0,300.0,300.0,0.0,0.0,0.0,0.0,0.0,366.537888,549.806832
sc01,01-04 00:00:00+01:00,0.0,400.0,102.61905300000029,0.0,534.0,0.0,0.0,0.0,0.0,0.0,300.0,300.0,0.0,0.0,0.0,0.0,0.0,372.199248,558.298872
sc01,01-04 01:00:00+01:00,0.0,400.0,66.65394700000016,0.0,534.0,0.0,0.0,0.0,0.0,0.0,300.0,300.0,0.0,0.0,0.0,0.0,0.0,360.736056,541.104084
sc01,01-04 02:00:00+01:00,0.0,400.0,12.779874999999773,0.0,534.0,0.0,0.0,0.0,0.0,0.0,300.0,300.0,0.0,0.0,0.0,0.0,0.0,364.968072,547.452108
sc01,01-04 03:00:00+01:00,0.0,400.0,18.909604000000524,0.0,534.0,0.0,0.0,0.0,0.0,0.0,300.0,300.0,0.0,0.0,0.0,0.0,0.0,366.21432,549.32148
sc01,01-04 04:00:00+01:00,0.0,400.0,88.57962399999997,0.0,534.0,0.0,0.0,0.0,0.0,0.0,300.0,300.0,0.0,0.0,0.0,0.0,0.0,375.881544,563.822316
sc01,01-04 05:00:00+01:00,0.0,400.0,297.6704830000002,0.0,534.0,0.0,0.0,0.0,0.0,0.0,300.0,300.0,0.0,0.0,0.0,0.0,0.0,371.38291200000003,557.074368
sc01,01-04 06:00:00+01:00,0.0,400.0,400.0,0.0,534.0,0.0,0.0,0.0,0.0,0.0,300.0,300.0,0.0,0.0,0.0,0.0,0.0,374.36328,561.5449200000002
sc01,01-04 07:00:00+01:00,0.0,400.0,400.0,154.81247000000042,534.0,0.0,0.0,0.0,0.0,0.0,300.0,300.0,0.0,0.0,0.0,0.0,0.0,366.332328,549.4984920000002
sc01,01-04 08:00:00+01:00,0.0,400.0,400.0,266.1237910000005,534.0,0.0,0.0,0.0,0.0,0.0,300.0,300.0,0.0,0.0,0.0,0.59367,0.39578,357.352128,536.028192
sc01,01-04 09:00:00+01:00,0.0,400.0,400.0,349.99829200000045,534.0,0.0,0.0,0.0,0.0,0.0,300.0,300.0,0.0,0.0,0.0,12.025740000000003,8.01716,337.212432,505.818648
sc01,01-04 10:00:00+01:00,0.0,400.0,400.0,391.56062900000023,534.0,0.0,0.0,0.0,0.0,0.0,300.0,300.0,0.0,0.0,0.0,30.16707,20.11138,310.626,465.939
sc01,01-04 11:00:00+01:00,0.0,400.0,400.0,399.48156700000004,534.0,0.0,0.0,0.0,0.0,0.0,300.0,300.0,0.0,0.0,0.0,40.713225,27.14215,288.010152,432.015228
sc01,01-04 12:00:00+01:00,0.0,400.0,400.0,400.0,534.0,0.0,0.0,3.658415999999831,0.0,0.0,300.0,300.0,0.0,0.0,0.0,45.217425,30.144950000000005,275.048856,412.573284
sc01,01-04 13:00:00+01:00,0.0,400.0,400.0,400.0,534.0,0.0,0.0,5.160252000000143,0.0,0.0,300.0,300.0,0.0,0.0,0.0,45.813375,30.54225,265.952448,398.92867200000006
sc01,01-04 14:00:00+01:00,0.0,400.0,400.0,400.0,534.0,0.0,2.518051000000354,50.0,0.0,0.0,300.0,300.0,0.0,0.0,0.0,43.37122500000001,28.91415,256.549752,384.824628
sc01,01-04 15:00:00+01:00,0.0,400.0,400.0,400.0,534.0,0.0,100.0,50.0,11.052521000000425,0.0,300.0,300.0,0.0,0.0,0.0,36.907185000000005,24.60479,245.905056,368.857584
sc01,01-04 16:00:00+01:00,42.51202000000098,400.0,400.0,400.0,534.0,0.0,100.0,50.0,116.60000000000002,0.0,300.0,300.0,0.0,0.0,0.0,23.264265,15.50951,233.09827200000004,349.647408
sc01,01-04 17:00:00+01:00,92.71369000000018,400.0,400.0,400.0,534.0,0.0,100.0,50.0,116.60000000000002,0.0,300.0,300.0,0.0,0.0,0.0,5.61933,3.74622,235.501272,353.251908
sc01,01-04 18:00:00+01:00,0.0,400.0,400.0,400.0,534.0,0.0,100.0,50.0,50.482387000000294,0.0,300.0,300.0,0.0,0.0,0.0,0.03717,0.0,264.080232,396.12034800000004
sc01,01-04 19:00:00+01:00,0.0,400.0,400.0,400.0,534.0,0.0,11.679313000000025,50.0,0.0,0.0,300.0,300.0,0.0,0.0,0.0,0.0,0.0,270.628416,405.942624
sc01,01-04 20:00:00+01:00,0.0,400.0,400.0,364.3086210000008,534.0,0.0,0.0,0.0,0.0,0.0,300.0,300.0,0.0,0.0,0.0,0.0,0.0,256.511736,384.76760400000006
sc01,01-04 21:00:00+01:00,0.0,400.0,400.0,312.7020150000004,534.0,0.0,0.0,0.0,0.0,0.0,300.0,300.0,0.0,0.0,0.0,0.0,0.0,226.03356,339.05034
sc01,01-04 22:00:00+01:00,0.0,400.0,400.0,246.33870700000048,534.0,0.0,0.0,0.0,0.0,0.0,300.0,300.0,0.0,0.0,0.0,0.0,0.0,192.283488,288.425232
sc01,01-04 23:00:00+01:00,0.0,400.0,400.0,214.7636439999998,534.0,0.0,0.0,0.0,0.0,0.0,300.0,300.0,0.0,0.0,0.0,0.0,0.0,144.08568,216.12852
sc01,01-05 00:00:00+01:00,0.0,400.0,400.0,219.63096999999988,534.0,0.0,0.0,0.0,0.0,0.0,300.0,300.0,0.0,0.0,0.0,0.0,0.0,108.751392,163.12708800000001
sc01,01-05 01:00:00+01:00,0.0,400.0,400.0,210.11311699999968,534.0,0.0,0.0,0.0,0.0,0.0,300.0,300.0,0.0,0.0,0.0,0.0,0.0,86.994288,130.49143200000003
sc01,01-05 02:00:00+01:00,0.0,400.0,400.0,183.6782400000001,534.0,0.0,0.0,0.0,0.0,0.0,300.0,300.0,0.0,0.0,0.0,0.0,0.0,80.928288,121.39243200000001
sc01,01-05 03:00:00+01:00,0.0,400.0,400.0,191.66431199999988,534.0,0.0,0.0,0.0,0.0,0.0,300.0,300.0,0.0,0.0,0.0,0.0,0.0,81.102096,121.65314400000001
sc01,01-05 04:00:00+01:00,0.0,400.0,400.0,287.03102200000006,534.0,0.0,0.0,0.0,0.0,0.0,300.0,300.0,0.0,0.0,0.0,0.0,0.0,76.791888,115.187832
sc01,01-05 05:00:00+01:00,0.0,400.0,400.0,400.0,534.0,0.0,48.517928999999846,50.0,0.0,0.0,300.0,300.0,0.0,0.0,0.0,0.0,0.0,73.0476,109.5714
sc01,01-05 06:00:00+01:00,9.72736299999999,400.0,400.0,400.0,534.0,0.0,100.0,50.0,116.60000000000002,0.0,300.0,300.0,0.0,0.0,0.0,0.0,0.0,85.74566400000002,128.618496
sc01,01-05 07:00:00+01:00,62.97514800000015,400.0,400.0,400.0,534.0,0.0,100.0,50.0,116.60000000000002,90.2,300.0,300.0,0.0,0.0,0.0,0.0,0.0,99.40212,149.10318
sc01,01-05 08:00:00+01:00,121.89999999999999,400.0,400.0,400.0,534.0,0.0,100.0,50.0,116.60000000000002,80.12893400000056,300.0,300.0,0.0,0.0,0.0,0.520365,0.34691000000000005,113.744808,170.617212
sc01,01-05 09:00:00+01:00,121.89999999999999,400.0,400.0,400.0,534.0,0.0,100.0,50.0,116.60000000000002,90.2,300.0,300.0,21.152842000000906,0.0,0.0,10.418475,6.94565,115.060608,172.590912
sc01,01-05 10:00:00+01:00,121.89999999999999,400.0,400.0,400.0,534.0,0.0,100.0,50.0,116.60000000000002,90.2,300.0,300.0,17.44965000000033,0.0,0.0,26.335545000000003,17.55703,106.14290400000002,159.214356
sc01,01-05 11:00:00+01:00,121.89999999999999,400.0,400.0,400.0,534.0,0.0,100.0,50.0,116.60000000000002,79.92767100000043,300.0,300.0,0.0,0.0,0.0,35.618745,23.74583,93.97771200000001,140.966568
sc01,01-05 12:00:00+01:00,84.48949099999992,400.0,400.0,400.0,534.0,0.0,100.0,50.0,116.60000000000002,90.2,300.0,300.0,0.0,0.0,0.0,39.994665,26.66311,87.103872,130.655808
sc01,01-05 13:00:00+01:00,38.551037000000285,400.0,400.0,400.0,534.0,0.0,100.0,50.0,116.60000000000002,90.2,300.0,300.0,0.0,0.0,0.0,41.348445,27.565630000000002,89.991072,134.986608
sc01,01-05 14:00:00+01:00,44.8705340000003,400.0,400.0,400.0,534.0,0.0,100.0,50.0,116.60000000000002,90.2,300.0,300.0,0.0,0.0,0.0,39.72024,26.48016,94.50770400000002,141.761556
sc01,01-05 15:00:00+01:00,117.88999599999983,400.0,400.0,400.0,534.0,0.0,100.0,50.0,116.60000000000002,90.2,300.0,300.0,0.0,0.0,0.0,34.19092500000001,22.79395,94.308336,141.462504
sc01,01-05 16:00:00+01:00,121.89999999999999,400.0,400.0,400.0,534.0,0.0,100.0,50.0,116.60000000000002,90.2,300.0,300.0,99.63349300000102,0.0,0.0,21.650940000000002,14.43396,95.628888,143.443332
sc01,01-05 17:00:00+01:00,121.89999999999999,400.0,400.0,400.0,534.0,0.0,100.0,50.0,116.60000000000002,90.2,300.0,300.0,132.28215800000055,0.0,0.0,5.187135,3.45809,100.89684,151.34526
sc01,01-05 18:00:00+01:00,121.89999999999999,400.0,400.0,400.0,534.0,0.0,100.0,50.0,116.60000000000002,84.98630800000075,300.0,300.0,0.0,0.0,0.0,0.0,0.0,116.464608,174.696912
sc01,01-05 19:00:00+01:00,59.18999000000002,400.0,400.0,400.0,534.0,0.0,100.0,50.0,116.60000000000002,0.0,300.0,300.0,0.0,0.0,0.0,0.0,0.0,126.45900000000002,189.6885
sc01,01-05 20:00:00+01:00,0.0,400.0,400.0,400.0,534.0,0.0,100.0,50.0,52.575166000000564,0.0,300.0,300.0,0.0,0.0,0.0,0.0,0.0,124.823016,187.234524
sc01,01-05 21:00:00+01:00,0.0,400.0,400.0,400.0,534.0,0.0,45.72209200000044,50.0,0.0,0.0,300.0,300.0,0.0,0.0,0.0,0.0,0.0,123.486696,185.230044
sc01,01-05 22:00:00+01:00,0.0,400.0,400.0,388.98208400000044,534.0,0.0,0.0,0.0,0.0,0.0,300.0,300.0,0.0,0.0,0.0,0.0,0.0,131.711112,197.566668
sc01,01-05 23:00:00+01:00,0.0,400.0,400.0,195.39834799999988,534.0,0.0,0.0,0.0,0.0,0.0,300.0,300.0,0.0,0.0,0.0,0.0,0.0,151.781688,227.672532
sc01,01-06 00:00:00+01:00,0.0,400.0,400.0,58.054822000000115,534.0,0.0,0.0,0.0,0.0,0.0,300.0,300.0,0.0,0.0,0.0,0.0,0.0,170.1828,255.2742
sc01,01-06 01:00:00+01:00,0.0,400.0,400.0,0.0,534.0,0.0,0.0,0.0,0.0,0.0,300.0,300.0,0.0,0.0,0.0,0.0,0.0,193.572072,290.358108
sc01,01-06 02:00:00+01:00,0.0,400.0,332.16723299999995,0.0,534.0,0.0,0.0,0.0,0.0,0.0,300.0,300.0,0.0,0.0,0.0,0.0,0.0,202.13244,303.19866
sc01,01-06 03:00:00+01:00,0.0,400.0,256.69397699999996,0.0,534.0,0.0,0.0,0.0,0.0,0.0,300.0,300.0,0.0,0.0,0.0,0.0,0.0,215.982216,323.973324
sc01,01-06 04:00:00+01:00,0.0,400.0,206.74588600000033,0.0,534.0,0.0,0.0,0.0,0.0,0.0,300.0,300.0,0.0,0.0,0.0,0.0,0.0,230.846544,346.269816
sc01,01-06 05:00:00+01:00,0.0,400.0,248.62524700000023,0.0,534.0,0.0,0.0,0.0,0.0,0.0,300.0,300.0,0.0,0.0,0.0,0.0,0.0,236.593584,354.890376
sc01,01-06 06:00:00+01:00,0.0,400.0,317.99862400000023,0.0,534.0,0.0,0.0,0.0,0.0,0.0,300.0,300.0,0.0,0.0,0.0,0.0,0.0,242.79264,364.18896
sc01,01-06 07:00:00+01:00,0.0,400.0,400.0,0.0,534.0,0.0,0.0,0.0,0.0,0.0,300.0,300.0,0.0,0.0,0.0,0.0,0.0,236.56608,354.84912
sc01,01-06 08:00:00+01:00,0.0,400.0,400.0,56.548818,534.0,0.0,0.0,0.0,0.0,0.0,300.0,300.0,0.0,0.0,0.0,0.5016750000000001,0.33445,238.121784,357.182676
sc01,01-06 09:00:00+01:00,0.0,400.0,400.0,160.59221600000018,534.0,0.0,0.0,0.0,0.0,0.0,300.0,300.0,0.0,0.0,0.0,7.620225,5.08015,227.5632,341.3448
sc01,01-06 10:00:00+01:00,0.0,400.0,400.0,301.9383580000008,534.0,0.0,0.0,0.0,0.0,0.0,300.0,300.0,0.0,0.0,0.0,20.220690000000005,13.48046,180.074664,270.111996
sc01,01-06 11:00:00+01:00,0.0,400.0,400.0,385.0811169999999,534.0,0.0,0.0,0.0,0.0,0.0,300.0,300.0,0.0,0.0,0.0,28.02396,18.68264,141.002064,211.503096
sc01,01-06 12:00:00+01:00,0.0,400.0,400.0,400.0,534.0,0.0,0.0,0.0,0.0,0.0,300.0,300.0,0.0,0.0,0.0,31.23405,20.822700000000005,123.173136,184.759704
sc01,01-06 13:00:00+01:00,0.0,400.0,400.0,345.9410690000002,534.0,0.0,0.0,0.0,0.0,0.0,300.0,300.0,0.0,0.0,0.0,32.739165,21.82611,123.783336,185.675004
sc01,01-06 14:00:00+01:00,0.0,400.0,400.0,343.12849700000015,534.0,0.0,0.0,0.0,0.0,0.0,300.0,300.0,0.0,0.0,0.0,32.044995,21.363330000000005,129.561696,194.342544
sc01,01-06 15:00:00+01:00,0.0,400.0,400.0,400.0,534.0,0.0,0.0,8.48470700000059,0.0,0.0,300.0,300.0,0.0,0.0,0.0,27.730395,18.48693,120.906792,181.360188
sc01,01-06 16:00:00+01:00,0.0,400.0,400.0,400.0,534.0,0.0,100.0,50.0,9.275485000000195,0.0,300.0,300.0,0.0,0.0,0.0,17.096505,11.39767,115.51039200000001,173.265588
sc01,01-06 17:00:00+01:00,0.0,400.0,400.0,400.0,534.0,0.0,100.0,50.0,113.84659399999985,0.0,300.0,300.0,0.0,0.0,0.0,3.83139,2.55426,107.238816,160.85822400000004
sc01,01-06 18:00:00+01:00,0.0,400.0,400.0,400.0,534.0,0.0,100.0,50.0,43.006042000000576,0.0,300.0,300.0,0.0,0.0,0.0,0.0,0.0,115.994232,173.991348
sc01,01-06 19:00:00+01:00,0.0,400.0,400.0,400.0,534.0,0.0,8.332784000000814,50.0,0.0,0.0,300.0,300.0,0.0,0.0,0.0,0.0,0.0,135.427536,203.141304
sc01,01-06 20:00:00+01:00,0.0,400.0,400.0,400.0,534.0,0.0,0.0,0.0,0.0,0.0,300.0,300.0,0.0,0.0,0.0,0.0,0.0,164.839536,247.259304
sc01,01-06 21:00:00+01:00,0.0,400.0,400.0,305.9284240000004,534.0,0.0,0.0,0.0,0.0,0.0,300.0,300.0,0.0,0.0,0.0,0.0,0.0,187.979688,281.969532
sc01,01-06 22:00:00+01:00,0.0,400.0,400.0,196.59049999999988,534.0,0.0,0.0,0.0,0.0,0.0,300.0,300.0,0.0,0.0,0.0,0.0,0.0,186.689088,280.033632
sc01,01-06 23:00:00+01:00,0.0,400.0,400.0,78.93486600000021,534.0,0.0,0.0,0.0,0.0,0.0,300.0,300.0,0.0,0.0,0.0,0.0,0.0,183.0582,274.5873
sc01,01-07 00:00:00+01:00,0.0,400.0,400.0,34.42270299999972,534.0,0.0,0.0,0.0,0.0,0.0,300.0,300.0,0.0,0.0,0.0,0.0,0.0,167.44492800000003,251.16739199999998
sc01,01-07 01:00:00+01:00,0.0,400.0,400.0,23.449934000000283,534.0,0.0,0.0,0.0,0.0,0.0,300.0,300.0,0.0,0.0,0.0,0.0,0.0,138.252888,207.379332
sc01,01-07 02:00:00+01:00,0.0,400.0,400.0,39.96031599999994,534.0,0.0,0.0,0.0,0.0,0.0,300.0,300.0,0.0,0.0,0.0,0.0,0.0,107.152632,160.728948
sc01,01-07 03:00:00+01:00,0.0,400.0,400.0,83.1704040000003,534.0,0.0,0.0,0.0,0.0,0.0,300.0,300.0,0.0,0.0,0.0,0.0,0.0,75.07944,112.61916
sc01,01-07 04:00:00+01:00,0.0,400.0,400.0,121.02782899999997,534.0,0.0,0.0,0.0,0.0,0.0,300.0,300.0,0.0,0.0,0.0,0.0,0.0,51.712488,77.568732
sc01,01-07 05:00:00+01:00,0.0,400.0,400.0,173.18452299999998,534.0,0.0,0.0,0.0,0.0,0.0,300.0,300.0,0.0,0.0,0.0,0.0,0.0,43.565544,65.348316
sc01,01-07 06:00:00+01:00,0.0,400.0,400.0,131.10418184442412,534.0,0.0,0.0,0.0,0.0,0.0,300.0,300.0,0.0,0.0,0.0,0.0,0.0,47.075688,70.613532
sc01,01-07 07:00:00+01:00,0.0,400.0,400.0,268.613907,534.0,0.0,0.0,0.0,0.0,0.0,300.0,300.0,0.0,0.0,0.0,0.0,0.0,63.448344000000006,95.172516
sc01,01-07 08:00:00+01:00,0.0,400.0,400.0,328.4636770000005,534.0,0.0,0.0,0.0,0.0,0.0,300.0,300.0,0.0,0.0,0.0,0.296685,0.19779,84.47472,126.71208
sc01,01-07 09:00:00+01:00,0.0,400.0,400.0,400.0,534.0,0.0,0.0,0.0,0.0,0.0,300.0,300.0,0.0,0.0,0.0,5.73813,3.82542,79.473672,119.210508
sc01,01-07 10:00:00+01:00,0.0,400.0,400.0,400.0,534.0,0.0,0.0,14.926542000000321,0.0,0.0,300.0,300.0,0.0,0.0,0.0,15.798900000000001,10.532600000000002,50.333112,75.499668
sc01,01-07 11:00:00+01:00,0.0,400.0,400.0,400.0,534.0,0.0,10.796210000000418,50.0,0.0,0.0,300.0,300.0,0.0,0.0,0.0,24.959835,16.63989,32.678568,49.017852
sc01,01-07 12:00:00+01:00,0.0,400.0,400.0,400.0,534.0,0.0,0.0,35.54614800000044,0.0,0.0,300.0,300.0,0.0,0.0,0.0,31.32882,20.88588,26.931456000000004,40.397184
sc01,01-07 13:00:00+01:00,0.0,400.0,400.0,400.0,534.0,0.0,0.0,16.530127999999976,0.0,0.0,300.0,300.0,0.0,0.0,0.0,34.38310500000001,22.92207,23.192424,34.788636
sc01,01-07 14:00:00+01:00,0.0,400.0,400.0,400.0,534.0,0.0,0.0,40.067423000000325,0.0,0.0,300.0,300.0,0.0,0.0,0.0,33.611145,22.40743,20.16468,30.24702
sc01,01-07 15:00:00+01:00,0.0,400.0,400.0,400.0,534.0,0.0,100.0,50.0,6.7208859999999815,0.0,300.0,300.0,0.0,0.0,0.0,28.784505,19.18967,18.154656,27.231984
sc01,01-07 16:00:00+01:00,59.66599100000003,400.0,400.0,400.0,534.0,0.0,100.0,50.0,116.60000000000002,0.0,300.0,300.0,0.0,0.0,0.0,17.988405,11.99227,19.761696,29.642544
sc01,01-07 17:00:00+01:00,121.89999999999999,400.0,400.0,400.0,534.0,0.0,100.0,50.0,116.60000000000002,11.946055000000358,300.0,300.0,0.0,0.0,0.0,4.289925,2.85995,28.281384,42.422076
sc01,01-07 18:00:00+01:00,70.3545750000002,400.0,400.0,400.0,534.0,0.0,100.0,50.0,116.60000000000002,0.0,300.0,300.0,0.0,0.0,0.0,0.0,0.0,47.159352,70.739028
sc01,01-07 19:00:00+01:00,0.0,400.0,400.0,400.0,534.0,0.0,100.0,50.0,109.78685799999998,0.0,300.0,300.0,0.0,0.0,0.0,0.0,0.0,54.919728,82.379592
sc01,01-07 20:00:00+01:00,0.0,400.0,400.0,400.0,534.0,0.0,100.0,50.0,28.43750199999995,0.0,300.0,300.0,0.0,0.0,0.0,0.0,0.0,57.624048,86.436072
sc01,01-07 21:00:00+01:00,0.0,400.0,400.0,400.0,534.0,0.0,41.186414999999975,50.0,0.0,0.0,300.0,300.0,0.0,0.0,0.0,0.0,0.0,53.82986400000001,80.744796
sc01,01-07 22:00:00+01:00,0.0,400.0,400.0,400.0,534.0,0.0,0.0,0.0,0.0,0.0,300.0,300.0,0.0,0.0,0.0,0.0,0.0,58.132224,87.198336
sc01,01-07 23:00:00+01:00,0.0,400.0,400.0,354.76733699999994,534.0,0.0,0.0,0.0,0.0,0.0,300.0,300.0,0.0,0.0,0.0,0.0,0.0,60.487344,90.731016
sc02,01-01 00:00:00+01:00,0.0,400.0,106.83999999999993,0.0,534.0,0.0,0.0,0.0,0.0,0.0,300.0,300.0,0.0,0.0,0.0,0.0,0.0,301.584,452.376
sc02,01-01 01:00:00+01:00,0.0,400.0,70.74447899999991,0.0,534.0,0.0,0.0,0.0,0.0,0.0,300.0,300.0,0.0,0.0,0.0,0.0,0.0,277.834752,416.752128
sc02,01-01 02:00:00+01:00,0.0,400.0,32.727670000000096,0.0,534.0,0.0,0.0,0.0,0.0,0.0,300.0,300.0,0.0,0.0,0.0,0.0,0.0,257.699088,386.548632
sc02,01-01 03:00:00+01:00,0.0,397.44286000000005,0.0,0.0,534.0,0.0,0.0,0.0,0.0,0.0,300.0,300.0,0.0,0.0,0.0,0.0,0.0,247.231488,370.847232
sc02,01-01 04:00:00+01:00,0.0,387.45505199999997,0.0,0.0,534.0,0.0,0.0,0.0,0.0,0.0,300.0,300.0,0.0,0.0,0.0,0.0,0.0,232.1136,348.1704
sc02,01-01 05:00:00+01:00,0.0,400.0,17.499359999999964,0.0,534.0,0.0,0.0,0.0,0.0,0.0,300.0,300.0,0.0,0.0,0.0,0.0,0.0,215.89464000000004,323.84196
sc02,01-01 06:00:00+01:00,0.0,400.0,41.38962399999979,0.0,534.0,0.0,0.0,0.0,0.0,0.0,300.0,300.0,0.0,0.0,0.0,0.0,0.0,204.933456,307.400184
sc02,01-01 07:00:00+01:00,0.0,400.0,109.73220699999986,0.0,534.0,0.0,0.0,0.0,0.0,0.0,300.0,300.0,0.0,0.0,0.0,0.0,0.0,185.964144,278.94621600000005
sc02,01-01 08:00:00+01:00,0.0,400.0,210.11829999999986,0.0,534.0,0.0,0.0,0.0,0.0,0.0,300.0,300.0,0.0,0.0,0.0,0.53832,0.35888000000000003,168.37416,252.56124000000003
sc02,01-01 09:00:00+01:00,0.0,400.0,365.1832850000002,0.0,534.0,0.0,0.0,0.0,0.0,0.0,300.0,300.0,0.0,0.0,0.0,11.772495,7.848330000000001,142.051776,213.077664
sc02,01-01 10:00:00+01:00,0.0,400.0,400.0,59.23102700000005,534.0,0.0,0.0,0.0,0.0,0.0,300.0,300.0,0.0,0.0,0.0,29.815695,19.87713,124.811232,187.216848
sc02,01-01 11:00:00+01:00,0.0,400.0,400.0,90.27759300000059,534.0,0.0,0.0,0.0,0.0,0.0,300.0,300.0,0.0,0.0,0.0,40.871895,27.24793,128.945808,193.418712
sc02,01-01 12:00:00+01:00,0.0,400.0,400.0,58.91363300000019,534.0,0.0,0.0,0.0,0.0,0.0,300.0,300.0,0.0,0.0,0.0,45.92964,30.61976,135.613872,203.42080800000002
sc02,01-01 13:00:00+01:00,0.0,400.0,400.0,51.6171099999998,534.0,0.0,0.0,0.0,0.0,0.0,300.0,300.0,0.0,0.0,0.0,46.602285,31.06819,137.559216,206.33882400000002
sc02,01-01 14:00:00+01:00,0.0,400.0,400.0,89.56667400000029,534.0,0.0,0.0,0.0,0.0,0.0,300.0,300.0,0.0,0.0,0.0,44.12493,29.41662,138.469824,207.704736
sc02,01-01 15:00:00+01:00,0.0,400.0,400.0,234.36243800000045,534.0,0.0,0.0,0.0,0.0,0.0,300.0,300.0,0.0,0.0,0.0,37.142790000000005,24.76186,127.197024,190.79553600000003
sc02,01-01 16:00:00+01:00,0.0,400.0,400.0,400.0,534.0,0.0,0.0,0.0,0.0,0.0,300.0,300.0,0.0,0.0,0.0,22.91571,15.27714,120.31540800000002,180.473112
sc02,01-01 17:00:00+01:00,0.0,400.0,400.0,400.0,534.0,0.0,0.0,0.0,0.0,0.0,300.0,300.0,0.0,0.0,0.0,5.17509,3.45006,127.58015999999999,191.37024
sc02,01-01 18:00:00+01:00,0.0,400.0,400.0,400.0,534.0,0.0,0.0,0.0,0.0,0.0,300.0,300.0,0.0,0.0,0.0,0.0,0.0,130.57656,195.86484
sc02,01-01 19:00:00+01:00,0.0,400.0,400.0,400.0,534.0,0.0,0.0,0.0,0.0,0.0,300.0,300.0,0.0,0.0,0.0,0.0,0.0,137.595504,206.39325600000004
sc02,01-01 20:00:00+01:00,0.0,400.0,400.0,342.72725000000025,534.0,0.0,0.0,0.0,0.0,0.0,300.0,300.0,0.0,0.0,0.0,0.0,0.0,146.862432,220.29364800000002
sc02,01-01 21:00:00+01:00,0.0,400.0,400.0,245.8551310000001,534.0,0.0,0.0,0.0,0.0,0.0,300.0,300.0,0.0,0.0,0.0,0.0,0.0,159.120576,238.680864
sc02,01-01 22:00:00+01:00,0.0,400.0,400.0,118.90059000000042,534.0,0.0,0.0,0.0,0.0,0.0,300.0,300.0,0.0,0.0,0.0,0.0,0.0,165.255984,247.88397600000002
sc02,01-01 23:00:00+01:00,0.0,400.0,393.1738029999999,0.0,534.0,0.0,0.0,0.0,0.0,0.0,300.0,300.0,0.0,0.0,0.0,0.0,0.0,165.844704,248.76705600000003
sc02,01-02 00:00:00+01:00,0.0,400.0,344.20755400000036,0.0,534.0,0.0,0.0,0.0,0.0,0.0,300.0,300.0,0.0,0.0,0.0,0.0,0.0,158.29992,237.44988
sc02,01-02 01:00:00+01:00,0.0,400.0,327.0070480000001,0.0,534.0,0.0,0.0,0.0,0.0,0.0,300.0,300.0,0.0,0.0,0.0,0.0,0.0,145.020912,217.53136800000001
sc02,01-02 02:00:00+01:00,0.0,400.0,299.7565169999999,0.0,534.0,0.0,0.0,0.0,0.0,0.0,300.0,300.0,0.0,0.0,0.0,0.0,0.0,141.744096,212.61614400000002
sc02,01-02 03:00:00+01:00,0.0,400.0,341.99102700000003,0.0,534.0,0.0,0.0,0.0,0.0,0.0,300.0,300.0,0.0,0.0,0.0,0.0,0.0,132.897312,199.345968
sc02,01-02 04:00:00+01:00,0.0,400.0,400.0,37.45429099999997,534.0,0.0,0.0,0.0,0.0,0.0,300.0,300.0,0.0,0.0,0.0,0.0,0.0,138.180624,207.270936
sc02,01-02 05:00:00+01:00,0.0,400.0,400.0,216.15460600000037,534.0,0.0,0.0,0.0,0.0,0.0,300.0,300.0,0.0,0.0,0.0,0.0,0.0,146.667648,220.001472
sc02,01-02 06:00:00+01:00,0.0,400.0,400.0,400.0,534.0,0.0,0.0,0.0,0.0,0.0,300.0,300.0,0.0,0.0,0.0,0.0,0.0,147.860496,221.790744
sc02,01-02 07:00:00+01:00,0.0,400.0,400.0,400.0,534.0,0.0,0.0,16.43470000000036,0.0,0.0,300.0,300.0,0.0,0.0,0.0,0.0,0.0,154.841952,232.262928
sc02,01-02 08:00:00+01:00,0.0,400.0,400.0,400.0,534.0,0.0,100.0,50.0,5.821451000000644,0.0,300.0,300.0,0.0,0.0,0.0,0.65583,0.43722,145.62484800000001,218.437272
sc02,01-02 09:00:00+01:00,0.0,400.0,400.0,400.0,534.0,0.0,100.0,50.0,111.91029699999977,0.0,300.0,300.0,0.0,0.0,0.0,12.63789,8.42526,132.52296,198.78444000000002
sc02,01-02 10:00:00+01:00,68.40772600000055,400.0,400.0,400.0,534.0,0.0,100.0,50.0,116.60000000000002,0.0,300.0,300.0,0.0,0.0,0.0,30.12207,20.08138,106.523088,159.784632
sc02,01-02 11:00:00+01:00,104.00934400000061,400.0,400.0,400.0,534.0,0.0,100.0,50.0,116.60000000000002,0.0,300.0,300.0,0.0,0.0,0.0,40.435785,26.95719,84.226512,126.33976800000002
sc02,01-02 12:00:00+01:00,119.81494800000026,400.0,400.0,400.0,534.0,0.0,100.0,50.0,116.60000000000002,0.0,300.0,300.0,0.0,0.0,0.0,44.65218,29.76812,68.425344,102.638016
sc02,01-02 13:00:00+01:00,108.78037200000057,400.0,400.0,400.0,534.0,0.0,100.0,50.0,116.60000000000002,0.0,300.0,300.0,0.0,0.0,0.0,44.476395,29.65093,64.42536,96.63804
sc02,01-02 14:00:00+01:00,121.89999999999999,400.0,400.0,400.0,534.0,0.0,100.0,50.0,116.60000000000002,17.155933000000413,300.0,300.0,0.0,0.0,0.0,40.983810000000005,27.32254,64.212144,96.318216
sc02,01-02 15:00:00+01:00,121.89999999999999,400.0,400.0,400.0,534.0,0.0,100.0,50.0,116.60000000000002,90.2,300.0,300.0,9.521873000000417,0.0,0.0,33.004545,22.00303,71.294928,106.942392
sc02,01-02 16:00:00+01:00,121.89999999999999,400.0,400.0,400.0,534.0,0.0,100.0,50.0,116.60000000000002,90.2,300.0,300.0,112.38561700000007,0.0,0.0,19.19916,12.79944,79.321056,118.981584
sc02,01-02 17:00:00+01:00,121.89999999999999,400.0,400.0,400.0,534.0,0.0,100.0,50.0,116.60000000000002,90.2,300.0,300.0,141.54658300000057,0.0,0.0,4.19826,2.79884,89.556672,134.335008
sc02,01-02 18:00:00+01:00,121.89999999999999,400.0,400.0,400.0,534.0,0.0,100.0,50.0,116.60000000000002,90.2,300.0,300.0,67.66427100000084,0.0,0.0,0.0,0.0,89.69976,134.54964000000004
sc02,01-02 19:00:00+01:00,88.65961100000031,400.0,400.0,400.0,534.0,0.0,100.0,50.0,116.60000000000002,90.2,300.0,300.0,0.0,0.0,0.0,0.0,0.0,88.250352,132.375528
sc02,01-02 20:00:00+01:00,0.0,400.0,400.0,400.0,534.0,0.0,100.0,50.0,116.60000000000002,69.4776650000003,300.0,300.0,0.0,0.0,0.0,0.0,0.0,83.27620800000001,124.914312
sc02,01-02 21:00:00+01:00,0.0,400.0,400.0,400.0,534.0,0.0,100.0,50.0,52.465196000000546,0.0,300.0,300.0,0.0,0.0,0.0,0.0,0.0,87.133872,130.700808
sc02,01-02 22:00:00+01:00,0.0,400.0,400.0,400.0,534.0,0.0,0.0,34.270703000000125,0.0,0.0,300.0,300.0,0.0,0.0,0.0,0.0,0.0,94.648896,141.973344
sc02,01-02 23:00:00+01:00,0.0,400.0,400.0,400.0,534.0,0.0,0.0,0.0,0.0,0.0,300.0,300.0,0.0,0.0,0.0,0.0,0.0,92.272608,138.408912
sc02,01-03 00:00:00+01:00,0.0,400.0,400.0,373.11021600000015,534.0,0.0,0.0,0.0,0.0,0.0,300.0,300.0,0.0,0.0,0.0,0.0,0.0,89.448288,134.172432
sc02,01-03 01:00:00+01:00,0.0,400.0,400.0,297.26888500000024,534.0,0.0,0.0,0.0,0.0,0.0,300.0,300.0,0.0,0.0,0.0,0.0,0.0,95.608848,143.413272
sc02,01-03 02:00:00+01:00,0.0,400.0,400.0,230.11928700000018,534.0,0.0,0.0,0.0,0.0,0.0,300.0,300.0,0.0,0.0,0.0,0.0,0.0,107.38776,161.08164
sc02,01-03 03:00:00+01:00,0.0,400.0,400.0,220.44389799999985,534.0,0.0,0.0,0.0,0.0,0.0,300.0,300.0,0.0,0.0,0.0,0.0,0.0,115.66968,173.50452
sc02,01-03 04:00:00+01:00,0.0,400.0,400.0,289.249986,534.0,0.0,0.0,0.0,0.0,0.0,300.0,300.0,0.0,0.0,0.0,0.0,0.0,125.683344,188.525016
sc02,01-03 05:00:00+01:00,0.0,400.0,400.0,400.0,534.0,0.0,0.0,0.0,0.0,0.0,300.0,300.0,0.0,0.0,0.0,0.0,0.0,134.425104,201.637656
sc02,01-03 06:00:00+01:00,0.0,400.0,400.0,400.0,534.0,0.0,43.81969600000024,50.0,0.0,0.0,300.0,300.0,0.0,0.0,0.0,0.0,0.0,146.458368,219.687552
sc02,01-03 07:00:00+01:00,0.0,400.0,400.0,400.0,534.0,0.0,100.0,50.0,92.72491700000052,0.0,300.0,300.0,0.0,0.0,0.0,0.0,0.0,155.94024,233.91036000000003
sc02,01-03 08:00:00+01:00,65.2830270000001,400.0,400.0,400.0,534.0,0.0,100.0,50.0,116.60000000000002,0.0,300.0,300.0,0.0,0.0,0.0,0.641955,0.42797,158.535264,237.802896
sc02,01-03 09:00:00+01:00,0.0,400.0,400.0,400.0,534.0,0.0,100.0,50.0,116.60000000000002,82.27591000000022,300.0,300.0,0.0,0.0,0.0,12.693255,8.46217,167.31652800000003,250.974792
sc02,01-03 10:00:00+01:00,66.9284170000003,400.0,400.0,400.0,534.0,0.0,100.0,50.0,116.60000000000002,0.0,300.0,300.0,0.0,0.0,0.0,31.49586,20.99724,164.181648,246.272472
sc02,01-03 11:00:00+01:00,53.6338200000005,400.0,400.0,400.0,534.0,0.0,100.0,50.0,116.60000000000002,0.0,300.0,300.0,0.0,0.0,0.0,41.907825,27.93855,152.252208,228.378312
sc02,01-03 12:00:00+01:00,0.0,400.0,400.0,400.0,534.0,0.0,100.0,50.0,116.60000000000002,50.49417499999998,300.0,300.0,0.0,0.0,0.0,45.951195,30.63413,141.245808,211.868712
sc02,01-03 13:00:00+01:00,0.0,400.0,400.0,400.0,534.0,0.0,100.0,50.0,116.60000000000002,3.0269270000008452,300.0,300.0,0.0,0.0,0.0,46.519995,31.013330000000003,150.436368,225.654552
sc02,01-03 14:00:00+01:00,0.0,400.0,400.0,400.0,534.0,0.0,100.0,50.0,115.4735190000008,0.0,300.0,300.0,0.0,0.0,0.0,43.987875,29.32525,163.374432,245.061648
sc02,01-03 15:00:00+01:00,69.4009800000005,400.0,400.0,400.0,534.0,0.0,100.0,50.0,116.60000000000002,0.0,300.0,300.0,0.0,0.0,0.0,37.35291,24.90194,172.41576,258.62364
sc02,01-03 16:00:00+01:00,121.89999999999999,400.0,400.0,400.0,534.0,0.0,100.0,50.0,116.60000000000002,38.694440000000895,300.0,300.0,0.0,0.0,0.0,23.38152,15.58768,185.002176,277.503264
sc02,01-03 17:00:00+01:00,64.9818640000005,400.0,400.0,400.0,534.0,0.0,100.0,50.0,116.60000000000002,90.2,300.0,300.0,0.0,0.0,0.0,5.541450000000001,3.6943,209.637888,314.456832
sc02,01-03 18:00:00+01:00,0.0,400.0,400.0,400.0,534.0,0.0,100.0,50.0,116.60000000000002,25.46693300000047,300.0,300.0,0.0,0.0,0.0,0.0,0.0,229.484448,344.226672
sc02,01-03 19:00:00+01:00,0.0,400.0,400.0,400.0,534.0,0.0,100.0,50.0,1.161915000000513,0.0,300.0,300.0,0.0,0.0,0.0,0.0,0.0,235.347264,353.02089600000005
sc02,01-03 20:00:00+01:00,0.0,400.0,400.0,400.0,534.0,0.0,0.0,6.784639000000259,0.0,0.0,300.0,300.0,0.0,0.0,0.0,0.0,0.0,240.76536,361.14804
sc02,01-03 21:00:00+01:00,0.0,400.0,400.0,400.0,534.0,0.0,0.0,0.0,0.0,0.0,300.0,300.0,0.0,0.0,0.0,0.0,0.0,248.57961600000002,372.869424
sc02,01-03 22:00:00+01:00,0.0,400.0,400.0,257.25933100000066,534.0,0.0,0.0,0.0,0.0,0.0,300.0,300.0,0.0,0.0,0.0,0.0,0.0,244.84512000000004,367.26768
sc02,01-03 23:00:00+01:00,0.0,400.0,400.0,109.04063100000005,534.0,0.0,0.0,0.0,0.0,0.0,300.0,300.0,0.0,0.0,0.0,0.0,0.0,244.358592,366.537888
sc02,01-04 00:00:00+01:00,0.0,400.0,400.0,12.785093000000414,534.0,0.0,0.0,0.0,0.0,0.0,300.0,300.0,0.0,0.0,0.0,0.0,0.0,248.13283200000004,372.199248
sc02,01-04 01:00:00+01:00,0.0,400.0,367.26732700000053,0.0,534.0,0.0,0.0,0.0,0.0,0.0,300.0,300.0,0.0,0.0,0.0,0.0,0.0,240.490704,360.736056
sc02,01-04 02:00:00+01:00,0.0,400.0,316.9199350000002,0.0,534.0,0.0,0.0,0.0,0.0,0.0,300.0,300.0,0.0,0.0,0.0,0.0,0.0,243.312048,364.968072
sc02,01-04 03:00:00+01:00,0.0,400.0,324.08820400000025,0.0,534.0,0.0,0.0,0.0,0.0,0.0,300.0,300.0,0.0,0.0,0.0,0.0,0.0,244.14288000000002,366.21432
sc02,01-04 04:00:00+01:00,0.0,400.0,400.0,1.814244000000187,534.0,0.0,0.0,0.0,0.0,0.0,300.0,300.0,0.0,0.0,0.0,0.0,0.0,250.58769600000002,375.881544
sc02,01-04 05:00:00+01:00,0.0,400.0,400.0,207.15624300000002,534.0,0.0,0.0,0.0,0.0,0.0,300.0,300.0,0.0,0.0,0.0,0.0,0.0,247.588608,371.38291200000003
sc02,01-04 06:00:00+01:00,0.0,400.0,400.0,400.0,534.0,0.0,0.0,0.0,0.0,0.0,300.0,300.0,0.0,0.0,0.0,0.0,0.0,249.57552,374.36328
sc02,01-04 07:00:00+01:00,0.0,400.0,400.0,400.0,534.0,0.0,10.089410000000743,50.0,0.0,0.0,300.0,300.0,0.0,0.0,0.0,0.0,0.0,244.221552,366.332328
sc02,01-04 08:00:00+01:00,0.0,400.0,400.0,400.0,534.0,0.0,100.0,50.0,13.91723100000053,0.0,300.0,300.0,0.0,0.0,0.0,0.59367,0.39578,238.234752,357.352128
sc02,01-04 09:00:00+01:00,0.0,400.0,400.0,400.0,534.0,0.0,100.0,50.0,81.00865200000007,0.0,300.0,300.0,0.0,0.0,0.0,12.025740000000003,8.01716,224.80828800000003,337.212432
sc02,01-04 10:00:00+01:00,0.0,400.0,400.0,400.0,534.0,0.0,100.0,50.0,100.41562900000034,0.0,300.0,300.0,0.0,0.0,0.0,30.16707,20.11138,207.08400000000003,310.626
sc02,01-04 11:00:00+01:00,0.0,400.0,400.0,400.0,534.0,0.0,100.0,50.0,89.49002699999997,0.0,300.0,300.0,0.0,0.0,0.0,40.713225,27.14215,192.006768,288.010152
sc02,01-04 12:00:00+01:00,0.0,400.0,400.0,400.0,534.0,0.0,100.0,50.0,82.86579600000022,0.0,300.0,300.0,0.0,0.0,0.0,45.217425,30.144950000000005,183.365904,275.048856
sc02,01-04 13:00:00+01:00,0.0,400.0,400.0,400.0,534.0,0.0,100.0,50.0,76.78729200000068,0.0,300.0,300.0,0.0,0.0,0.0,45.813375,30.54225,177.301632,265.952448
sc02,01-04 14:00:00+01:00,0.0,400.0,400.0,400.0,534.0,0.0,99.70951100000048,50.0,116.60000000000002,0.0,300.0,300.0,0.0,0.0,0.0,43.37122500000001,28.91415,171.033168,256.549752
sc02,01-04 15:00:00+01:00,99.37340099999992,400.0,400.0,400.0,534.0,0.0,100.0,50.0,116.60000000000002,0.0,300.0,300.0,0.0,0.0,0.0,36.907185000000005,24.60479,163.936704,245.905056
sc02,01-04 16:00:00+01:00,121.89999999999999,400.0,400.0,400.0,534.0,0.0,100.0,50.0,116.60000000000002,90.2,300.0,300.0,24.660580000001055,0.0,0.0,23.264265,15.50951,155.398848,233.09827200000004
sc02,01-04 17:00:00+01:00,121.89999999999999,400.0,400.0,400.0,534.0,0.0,100.0,50.0,116.60000000000002,90.2,300.0,300.0,76.86475000000038,0.0,0.0,5.61933,3.74622,157.000848,235.501272
sc02,01-04 18:00:00+01:00,121.89999999999999,400.0,400.0,400.0,534.0,0.0,100.0,50.0,116.60000000000002,32.049247000000236,300.0,300.0,0.0,0.0,0.0,0.03717,0.0,176.053488,264.080232
sc02,01-04 19:00:00+01:00,20.602993000000126,400.0,400.0,400.0,534.0,0.0,100.0,50.0,116.60000000000002,0.0,300.0,300.0,0.0,0.0,0.0,0.0,0.0,180.41894400000004,270.628416
sc02,01-04 20:00:00+01:00,0.0,400.0,400.0,400.0,534.0,0.0,93.0070511969916,50.0,35.06134980300912,0.0,300.0,300.0,0.0,0.0,0.0,0.0,0.0,171.007824,256.511736
sc02,01-04 21:00:00+01:00,0.0,400.0,400.0,400.0,534.0,0.0,0.0,50.0,51.0633150000005,0.0,300.0,300.0,0.0,0.0,0.0,0.0,0.0,150.68904,226.03356
sc02,01-04 22:00:00+01:00,0.0,400.0,400.0,400.0,534.0,0.0,0.0,6.574947000000386,0.0,0.0,300.0,300.0,0.0,0.0,0.0,0.0,0.0,128.18899200000004,192.283488
sc02,01-04 23:00:00+01:00,0.0,400.0,400.0,400.0,534.0,0.0,0.0,0.0,0.0,0.0,300.0,300.0,0.0,0.0,0.0,0.0,0.0,96.05712,144.08568
sc02,01-05 00:00:00+01:00,0.0,400.0,400.0,400.0,534.0,0.0,0.0,0.0,0.0,0.0,300.0,300.0,0.0,0.0,0.0,0.0,0.0,72.500928,108.751392
sc02,01-05 01:00:00+01:00,0.0,400.0,400.0,400.0,534.0,0.0,0.0,0.0,0.0,0.0,300.0,300.0,0.0,0.0,0.0,0.0,0.0,57.996192,86.994288
sc02,01-05 02:00:00+01:00,0.0,400.0,400.0,400.0,534.0,0.0,0.0,0.0,0.0,0.0,300.0,300.0,0.0,0.0,0.0,0.0,0.0,53.952192,80.928288
sc02,01-05 03:00:00+01:00,0.0,400.0,400.0,400.0,534.0,0.0,0.0,0.0,0.0,0.0,300.0,300.0,0.0,0.0,0.0,0.0,0.0,54.068064,81.102096
sc02,01-05 04:00:00+01:00,0.0,400.0,400.0,400.0,534.0,0.0,0.0,0.0,0.0,0.0,300.0,300.0,0.0,0.0,0.0,0.0,0.0,51.19459200000001,76.791888
sc02,01-05 05:00:00+01:00,0.0,400.0,400.0,400.0,534.0,0.0,0.0,50.0,109.39092900000003,0.0,300.0,300.0,0.0,0.0,0.0,0.0,0.0,48.6984,73.0476
sc02,01-05 06:00:00+01:00,81.18208300000018,400.0,400.0,400.0,534.0,0.0,100.0,50.0,116.60000000000002,0.0,300.0,300.0,0.0,0.0,0.0,0.0,0.0,57.163776,85.74566400000002
sc02,01-05 07:00:00+01:00,121.89999999999999,400.0,400.0,400.0,534.0,0.0,100.0,50.0,116.60000000000002,90.2,300.0,300.0,23.910248000000202,0.0,0.0,0.0,0.0,66.26808,99.40212
sc02,01-05 08:00:00+01:00,121.89999999999999,400.0,400.0,400.0,534.0,0.0,100.0,50.0,116.60000000000002,90.2,300.0,300.0,84.71627400000061,0.0,0.0,0.520365,0.34691000000000005,75.829872,113.744808
sc02,01-05 09:00:00+01:00,121.89999999999999,400.0,400.0,400.0,534.0,0.0,100.0,50.0,116.60000000000002,90.2,300.0,300.0,117.03668200000097,0.0,0.0,10.418475,6.94565,76.707072,115.060608
sc02,01-05 10:00:00+01:00,121.89999999999999,400.0,400.0,400.0,534.0,0.0,100.0,50.0,116.60000000000002,90.2,300.0,300.0,105.90207000000075,0.0,0.0,26.335545000000003,17.55703,70.761936,106.14290400000002
sc02,01-05 11:00:00+01:00,121.89999999999999,400.0,400.0,400.0,534.0,0.0,100.0,50.0,116.60000000000002,90.2,300.0,300.0,68.04243100000075,0.0,0.0,35.618745,23.74583,62.651808,93.97771200000001
sc02,01-05 12:00:00+01:00,121.89999999999999,400.0,400.0,400.0,534.0,0.0,100.0,50.0,116.60000000000002,90.2,300.0,300.0,35.176051000000555,0.0,0.0,39.994665,26.66311,58.069248,87.103872
sc02,01-05 13:00:00+01:00,121.89999999999999,400.0,400.0,400.0,534.0,0.0,100.0,50.0,116.60000000000002,81.84359700000012,300.0,300.0,0.0,0.0,0.0,41.348445,27.565630000000002,59.994048,89.991072
sc02,01-05 14:00:00+01:00,121.89999999999999,400.0,400.0,400.0,534.0,0.0,100.0,50.0,116.60000000000002,90.2,300.0,300.0,1.7269540000002386,0.0,0.0,39.72024,26.48016,63.005136,94.50770400000002
sc02,01-05 15:00:00+01:00,121.89999999999999,400.0,400.0,400.0,534.0,0.0,100.0,50.0,116.60000000000002,90.2,300.0,300.0,74.5802760000003,0.0,0.0,34.19092500000001,22.79395,62.872224,94.308336
sc02,01-05 16:00:00+01:00,121.89999999999999,400.0,400.0,400.0,534.0,0.0,100.0,50.0,116.60000000000002,90.2,300.0,300.0,161.83362000000068,0.0,0.0,21.650940000000002,14.43396,63.752592,95.628888
sc02,01-05 17:00:00+01:00,121.89999999999999,400.0,400.0,400.0,534.0,0.0,100.0,50.0,116.60000000000002,90.2,300.0,300.0,185.49337500000084,0.0,0.0,5.187135,3.45809,67.26456,100.89684
sc02,01-05 18:00:00+01:00,121.89999999999999,400.0,400.0,400.0,534.0,0.0,100.0,50.0,116.60000000000002,90.2,300.0,300.0,91.84014800000097,0.0,0.0,0.0,0.0,77.643072,116.464608
sc02,01-05 19:00:00+01:00,74.37248999999969,400.0,400.0,400.0,534.0,0.0,100.0,50.0,116.60000000000002,90.2,300.0,300.0,0.0,0.0,0.0,0.0,0.0,84.30600000000001,126.45900000000002
sc02,01-05 20:00:00+01:00,39.994346000000405,400.0,400.0,400.0,534.0,0.0,100.0,50.0,116.60000000000002,0.0,300.0,300.0,0.0,0.0,0.0,0.0,0.0,83.215344,124.823016
sc02,01-05 21:00:00+01:00,0.0,400.0,400.0,400.0,534.0,0.0,32.02767200000023,50.0,116.60000000000002,0.0,300.0,300.0,0.0,0.0,0.0,0.0,0.0,82.32446400000002,123.486696
sc02,01-05 22:00:00+01:00,0.0,400.0,400.0,400.0,534.0,0.0,0.0,48.741344000000296,0.0,0.0,300.0,300.0,0.0,0.0,0.0,0.0,0.0,87.80740800000001,131.711112
sc02,01-05 23:00:00+01:00,0.0,400.0,400.0,400.0,534.0,0.0,0.0,0.0,0.0,0.0,300.0,300.0,0.0,0.0,0.0,0.0,0.0,101.187792,151.781688
sc02,01-06 00:00:00+01:00,0.0,400.0,400.0,299.87382200000013,534.0,0.0,0.0,0.0,0.0,0.0,300.0,300.0,0.0,0.0,0.0,0.0,0.0,113.4552,170.1828
sc02,01-06 01:00:00+01:00,0.0,400.0,400.0,180.52613699999975,534.0,0.0,0.0,0.0,0.0,0.0,300.0,300.0,0.0,0.0,0.0,0.0,0.0,129.048048,193.572072
sc02,01-06 02:00:00+01:00,0.0,400.0,400.0,100.61093300000002,534.0,0.0,0.0,0.0,0.0,0.0,300.0,300.0,0.0,0.0,0.0,0.0,0.0,134.75496,202.13244
sc02,01-06 03:00:00+01:00,0.0,400.0,400.0,36.67915700000002,534.0,0.0,0.0,0.0,0.0,0.0,300.0,300.0,0.0,0.0,0.0,0.0,0.0,143.988144,215.982216
sc02,01-06 04:00:00+01:00,0.0,400.0,399.11800600000026,0.0,534.0,0.0,0.0,0.0,0.0,0.0,300.0,300.0,0.0,0.0,0.0,0.0,0.0,153.897696,230.846544
sc02,01-06 05:00:00+01:00,0.0,400.0,400.0,45.78656700000017,534.0,0.0,0.0,0.0,0.0,0.0,300.0,300.0,0.0,0.0,0.0,0.0,0.0,157.729056,236.593584
sc02,01-06 06:00:00+01:00,0.0,400.0,400.0,120.32582400000003,534.0,0.0,0.0,0.0,0.0,0.0,300.0,300.0,0.0,0.0,0.0,0.0,0.0,161.86176,242.79264
sc02,01-06 07:00:00+01:00,0.0,400.0,400.0,234.61731800000018,534.0,0.0,0.0,0.0,0.0,0.0,300.0,300.0,0.0,0.0,0.0,0.0,0.0,157.71072,236.56608
sc02,01-06 08:00:00+01:00,0.0,400.0,400.0,354.98363799999953,534.0,0.0,0.0,0.0,0.0,0.0,300.0,300.0,0.0,0.0,0.0,0.5016750000000001,0.33445,158.747856,238.121784
sc02,01-06 09:00:00+01:00,0.0,400.0,400.0,400.0,534.0,0.0,0.0,0.0,0.0,0.0,300.0,300.0,0.0,0.0,0.0,7.620225,5.08015,151.7088,227.5632
sc02,01-06 10:00:00+01:00,0.0,400.0,400.0,400.0,534.0,0.0,0.0,2.0005780000006412,0.0,0.0,300.0,300.0,0.0,0.0,0.0,20.220690000000005,13.48046,120.049776,180.074664
sc02,01-06 11:00:00+01:00,0.0,400.0,400.0,400.0,534.0,0.0,0.0,35.908804500252245,16.674032499747526,0.0,300.0,300.0,0.0,0.0,0.0,28.02396,18.68264,94.001376,141.002064
sc02,01-06 12:00:00+01:00,0.0,400.0,400.0,400.0,534.0,0.0,0.0,29.982375000000673,0.0,0.0,300.0,300.0,0.0,0.0,0.0,31.23405,20.822700000000005,82.115424,123.173136
sc02,01-06 13:00:00+01:00,0.0,400.0,400.0,400.0,534.0,0.0,0.0,0.0,0.0,0.0,300.0,300.0,0.0,0.0,0.0,32.739165,21.82611,82.522224,123.783336
sc02,01-06 14:00:00+01:00,0.0,400.0,400.0,400.0,534.0,0.0,0.0,1.0965770000000985,0.0,0.0,300.0,300.0,0.0,0.0,0.0,32.044995,21.363330000000005,86.37446400000002,129.561696
sc02,01-06 15:00:00+01:00,0.0,400.0,400.0,400.0,534.0,0.0,0.0,50.0,59.24036700000068,0.0,300.0,300.0,0.0,0.0,0.0,27.730395,18.48693,80.604528,120.906792
sc02,01-06 16:00:00+01:00,0.0,400.0,400.0,400.0,534.0,0.0,88.93414500000041,50.0,116.60000000000002,0.0,300.0,300.0,0.0,0.0,0.0,17.096505,11.39767,77.006928,115.51039200000001
sc02,01-06 17:00:00+01:00,0.0,400.0,400.0,400.0,534.0,0.0,100.0,50.0,116.60000000000002,86.61227400000027,300.0,300.0,0.0,0.0,0.0,3.83139,2.55426,71.492544,107.238816
sc02,01-06 18:00:00+01:00,23.06790200000053,400.0,400.0,400.0,534.0,0.0,100.0,50.0,116.60000000000002,0.0,300.0,300.0,0.0,0.0,0.0,0.0,0.0,77.329488,115.994232
sc02,01-06 19:00:00+01:00,0.0,400.0,400.0,400.0,534.0,0.0,4.58906400000092,50.0,116.60000000000002,0.0,300.0,300.0,0.0,0.0,0.0,0.0,0.0,90.285024,135.427536
sc02,01-06 20:00:00+01:00,0.0,400.0,400.0,400.0,534.0,0.0,0.0,0.0,32.95094600000048,0.0,300.0,300.0,0.0,0.0,0.0,0.0,0.0,109.89302400000001,164.839536
sc02,01-06 21:00:00+01:00,0.0,400.0,400.0,400.0,534.0,0.0,0.0,0.0,0.0,0.0,300.0,300.0,0.0,0.0,0.0,0.0,0.0,125.319792,187.979688
sc02,01-06 22:00:00+01:00,0.0,400.0,400.0,352.1647400000001,534.0,0.0,0.0,0.0,0.0,0.0,300.0,300.0,0.0,0.0,0.0,0.0,0.0,124.45939200000001,186.689088
sc02,01-06 23:00:00+01:00,0.0,400.0,400.0,231.48336600000042,534.0,0.0,0.0,0.0,0.0,0.0,300.0,300.0,0.0,0.0,0.0,0.0,0.0,122.03880000000001,183.0582
sc02,01-07 00:00:00+01:00,0.0,400.0,400.0,173.96014299999973,534.0,0.0,0.0,0.0,0.0,0.0,300.0,300.0,0.0,0.0,0.0,0.0,0.0,111.629952,167.44492800000003
sc02,01-07 01:00:00+01:00,0.0,400.0,400.0,138.66067400000026,534.0,0.0,0.0,0.0,0.0,0.0,300.0,300.0,0.0,0.0,0.0,0.0,0.0,92.168592,138.252888
sc02,01-07 02:00:00+01:00,0.0,400.0,400.0,129.2541759999999,534.0,0.0,0.0,0.0,0.0,0.0,300.0,300.0,0.0,0.0,0.0,0.0,0.0,71.435088,107.152632
sc02,01-07 03:00:00+01:00,0.0,400.0,400.0,145.7366040000003,534.0,0.0,0.0,0.0,0.0,0.0,300.0,300.0,0.0,0.0,0.0,0.0,0.0,50.05296,75.07944
sc02,01-07 04:00:00+01:00,0.0,400.0,400.0,164.12156899999997,534.0,0.0,0.0,0.0,0.0,0.0,300.0,300.0,0.0,0.0,0.0,0.0,0.0,34.474992,51.712488
sc02,01-07 05:00:00+01:00,0.0,400.0,400.0,209.48914299999987,534.0,0.0,0.0,0.0,0.0,0.0,300.0,300.0,0.0,0.0,0.0,0.0,0.0,29.043696,43.565544
sc02,01-07 06:00:00+01:00,0.0,400.0,400.0,265.5866659999999,534.0,0.0,0.0,0.0,0.0,0.0,300.0,300.0,0.0,0.0,0.0,0.0,0.0,31.383792,47.075688
sc02,01-07 07:00:00+01:00,0.0,400.0,400.0,321.48752700000017,534.0,0.0,0.0,0.0,0.0,0.0,300.0,300.0,0.0,0.0,0.0,0.0,0.0,42.298896,63.448344000000006
sc02,01-07 08:00:00+01:00,0.0,400.0,400.0,398.85927700000036,534.0,0.0,0.0,0.0,0.0,0.0,300.0,300.0,0.0,0.0,0.0,0.296685,0.19779,56.31648,84.47472
sc02,01-07 09:00:00+01:00,0.0,400.0,400.0,400.0,534.0,0.0,0.0,0.0,0.0,0.0,300.0,300.0,0.0,0.0,0.0,5.73813,3.82542,52.982448,79.473672
sc02,01-07 10:00:00+01:00,0.0,400.0,400.0,400.0,534.0,0.0,0.0,0.0,56.870802000000275,0.0,300.0,300.0,0.0,0.0,0.0,15.798900000000001,10.532600000000002,33.555408,50.333112
sc02,01-07 11:00:00+01:00,0.0,400.0,400.0,400.0,534.0,0.0,0.0,0.0,88.02835000000042,0.0,300.0,300.0,0.0,0.0,0.0,24.959835,16.63989,21.785712000000004,32.678568
sc02,01-07 12:00:00+01:00,0.0,400.0,400.0,400.0,534.0,0.0,0.0,0.0,57.989028000000275,0.0,300.0,300.0,0.0,0.0,0.0,31.32882,20.88588,17.954304,26.931456000000004
sc02,01-07 13:00:00+01:00,0.0,400.0,400.0,400.0,534.0,0.0,0.0,0.0,35.85714799999995,0.0,300.0,300.0,0.0,0.0,0.0,34.38310500000001,22.92207,15.461616,23.192424
sc02,01-07 14:00:00+01:00,0.0,400.0,400.0,400.0,534.0,0.0,0.0,0.0,56.87132300000031,0.0,300.0,300.0,0.0,0.0,0.0,33.611145,22.40743,13.44312,20.16468
sc02,01-07 15:00:00+01:00,0.0,400.0,400.0,400.0,534.0,0.0,5.249766000000045,50.0,116.60000000000002,0.0,300.0,300.0,0.0,0.0,0.0,28.784505,19.18967,12.103104,18.154656
sc02,01-07 16:00:00+01:00,76.13407100000013,400.0,400.0,400.0,534.0,0.0,100.0,50.0,116.60000000000002,0.0,300.0,300.0,0.0,0.0,0.0,17.988405,11.99227,13.174464,19.761696
sc02,01-07 17:00:00+01:00,121.89999999999999,400.0,400.0,400.0,534.0,0.0,100.0,50.0,116.60000000000002,35.513875000000375,300.0,300.0,0.0,0.0,0.0,4.289925,2.85995,18.854256,28.281384
sc02,01-07 18:00:00+01:00,109.65403500000004,400.0,400.0,400.0,534.0,0.0,100.0,50.0,116.60000000000002,0.0,300.0,300.0,0.0,0.0,0.0,0.0,0.0,31.439568,47.159352
sc02,01-07 19:00:00+01:00,0.0,400.0,400.0,400.0,534.0,0.0,100.0,50.0,116.60000000000002,38.95329800000014,300.0,300.0,0.0,0.0,0.0,0.0,0.0,36.613152,54.919728
sc02,01-07 20:00:00+01:00,0.0,400.0,400.0,400.0,534.0,0.0,59.85754200000015,50.0,116.60000000000002,0.0,300.0,300.0,0.0,0.0,0.0,0.0,0.0,38.416032,57.624048
sc02,01-07 21:00:00+01:00,0.0,400.0,400.0,400.0,534.0,0.0,0.0,19.444635000000044,116.60000000000002,0.0,300.0,300.0,0.0,0.0,0.0,0.0,0.0,35.886576,53.82986400000001
sc02,01-07 22:00:00+01:00,0.0,400.0,400.0,400.0,534.0,0.0,0.0,0.0,0.0,0.0,300.0,300.0,0.0,0.0,0.0,0.0,0.0,38.754816,58.132224
sc02,01-07 23:00:00+01:00,0.0,400.0,400.0,400.0,534.0,0.0,0.0,0.0,0.0,0.0,300.0,300.0,0.0,0.0,0.0,0.0,0.0,40.324896,60.487344
sc03,01-01 00:00:00+01:00,0.0,318.35,0.0,0.0,534.0,0.0,0.0,0.0,0.0,0.0,300.0,300.0,0.0,0.0,0.0,0.0,0.0,376.98,565.47
sc03,01-01 01:00:00+01:00,0.0,297.097759,0.0,0.0,534.0,0.0,0.0,0.0,0.0,0.0,300.0,300.0,0.0,0.0,0.0,0.0,0.0,347.29344000000003,520.94016
sc03,01-01 02:00:00+01:00,0.0,271.6657400000002,0.0,0.0,534.0,0.0,0.0,0.0,0.0,0.0,300.0,300.0,0.0,0.0,0.0,0.0,0.0,322.12386,483.18579
sc03,01-01 03:00:00+01:00,0.0,242.92318,0.0,0.0,534.0,0.0,0.0,0.0,0.0,0.0,300.0,300.0,0.0,0.0,0.0,0.0,0.0,309.03936,463.55904
sc03,01-01 04:00:00+01:00,0.0,242.38405200000003,0.0,0.0,534.0,0.0,0.0,0.0,0.0,0.0,300.0,300.0,0.0,0.0,0.0,0.0,0.0,290.142,435.213
sc03,01-01 05:00:00+01:00,0.0,282.56521000000004,0.0,0.0,534.0,0.0,0.0,0.0,0.0,0.0,300.0,300.0,0.0,0.0,0.0,0.0,0.0,269.86830000000003,404.80245
sc03,01-01 06:00:00+01:00,0.0,313.306214,0.0,0.0,534.0,0.0,0.0,0.0,0.0,0.0,300.0,300.0,0.0,0.0,0.0,0.0,0.0,256.16682,384.25023
sc03,01-01 07:00:00+01:00,0.0,393.50461699999994,0.0,0.0,534.0,0.0,0.0,0.0,0.0,0.0,300.0,300.0,0.0,0.0,0.0,0.0,0.0,232.45518,348.68277
sc03,01-01 08:00:00+01:00,0.0,400.0,104.88445000000002,0.0,534.0,0.0,0.0,0.0,0.0,0.0,300.0,300.0,0.0,0.0,0.0,0.53832,0.35888000000000003,210.4677,315.70155
sc03,01-01 09:00:00+01:00,0.0,400.0,276.40092500000003,0.0,534.0,0.0,0.0,0.0,0.0,0.0,300.0,300.0,0.0,0.0,0.0,11.772495,7.848330000000001,177.56472000000002,266.34708
sc03,01-01 10:00:00+01:00,0.0,400.0,381.22400700000026,0.0,534.0,0.0,0.0,0.0,0.0,0.0,300.0,300.0,0.0,0.0,0.0,29.815695,19.87713,156.01404,234.02106
sc03,01-01 11:00:00+01:00,0.0,400.0,400.0,0.0,534.0,0.0,0.0,0.0,0.0,0.0,300.0,300.0,0.0,0.0,0.0,40.871895,27.24793,161.18226,241.77339
sc03,01-01 12:00:00+01:00,0.0,400.0,374.1549630000002,0.0,534.0,0.0,0.0,0.0,0.0,0.0,300.0,300.0,0.0,0.0,0.0,45.92964,30.61976,169.51734,254.27600999999999
sc03,01-01 13:00:00+01:00,0.0,400.0,365.64259999999985,0.0,534.0,0.0,0.0,0.0,0.0,0.0,300.0,300.0,0.0,0.0,0.0,46.602285,31.06819,171.94902,257.92353
sc03,01-01 14:00:00+01:00,0.0,400.0,400.0,0.0,534.0,0.0,0.0,0.0,0.0,0.0,300.0,300.0,0.0,0.0,0.0,44.12493,29.41662,173.08728000000002,259.63092
sc03,01-01 15:00:00+01:00,0.0,400.0,400.0,4.864298000000211,534.0,0.0,0.0,0.0,0.0,0.0,300.0,300.0,0.0,0.0,0.0,37.142790000000005,24.76186,158.99628,238.49442
sc03,01-01 16:00:00+01:00,0.0,400.0,400.0,175.55329200000003,534.0,0.0,0.0,0.0,0.0,0.0,300.0,300.0,0.0,0.0,0.0,22.91571,15.27714,150.39426,225.59139
sc03,01-01 17:00:00+01:00,0.0,400.0,400.0,251.62355800000034,534.0,0.0,0.0,0.0,0.0,0.0,300.0,300.0,0.0,0.0,0.0,5.17509,3.45006,159.4752,239.21280000000002
sc03,01-01 18:00:00+01:00,0.0,400.0,400.0,240.3592590000001,534.0,0.0,0.0,0.0,0.0,0.0,300.0,300.0,0.0,0.0,0.0,0.0,0.0,163.2207,244.83105000000003
sc03,01-01 19:00:00+01:00,0.0,400.0,400.0,181.131237,534.0,0.0,0.0,0.0,0.0,0.0,300.0,300.0,0.0,0.0,0.0,0.0,0.0,171.99438,257.99157
sc03,01-01 20:00:00+01:00,0.0,400.0,400.0,100.93823000000013,534.0,0.0,0.0,0.0,0.0,0.0,300.0,300.0,0.0,0.0,0.0,0.0,0.0,183.57804,275.36706
sc03,01-01 21:00:00+01:00,0.0,400.0,400.0,0.0,534.0,0.0,0.0,0.0,0.0,0.0,300.0,300.0,0.0,0.0,0.0,0.0,0.0,198.90072,298.35108
sc03,01-01 22:00:00+01:00,0.0,400.0,400.0,0.0,534.0,0.0,0.0,0.0,0.0,0.0,300.0,300.0,0.0,0.0,0.0,0.0,0.0,206.56998,309.85497
sc03,01-01 23:00:00+01:00,0.0,400.0,289.5208629999998,0.0,534.0,0.0,0.0,0.0,0.0,0.0,300.0,300.0,0.0,0.0,0.0,0.0,0.0,207.30588,310.95882
sc03,01-02 00:00:00+01:00,0.0,400.0,245.27010400000037,0.0,534.0,0.0,0.0,0.0,0.0,0.0,300.0,300.0,0.0,0.0,0.0,0.0,0.0,197.8749,296.81235
sc03,01-02 01:00:00+01:00,0.0,400.0,236.36897799999988,0.0,534.0,0.0,0.0,0.0,0.0,0.0,300.0,300.0,0.0,0.0,0.0,0.0,0.0,181.27614,271.91421
sc03,01-02 02:00:00+01:00,0.0,400.0,211.16645700000015,0.0,534.0,0.0,0.0,0.0,0.0,0.0,300.0,300.0,0.0,0.0,0.0,0.0,0.0,177.18012,265.77018
sc03,01-02 03:00:00+01:00,0.0,400.0,258.9302070000002,0.0,534.0,0.0,0.0,0.0,0.0,0.0,300.0,300.0,0.0,0.0,0.0,0.0,0.0,166.12164,249.18246
sc03,01-02 04:00:00+01:00,0.0,400.0,351.09140100000025,0.0,534.0,0.0,0.0,0.0,0.0,0.0,300.0,300.0,0.0,0.0,0.0,0.0,0.0,172.72578,259.08867
sc03,01-02 05:00:00+01:00,0.0,400.0,400.0,0.0,534.0,0.0,0.0,0.0,0.0,0.0,300.0,300.0,0.0,0.0,0.0,0.0,0.0,183.33456,275.00184
sc03,01-02 06:00:00+01:00,0.0,400.0,400.0,175.16650199999995,534.0,0.0,0.0,0.0,0.0,0.0,300.0,300.0,0.0,0.0,0.0,0.0,0.0,184.82562,277.23843
sc03,01-02 07:00:00+01:00,0.0,400.0,400.0,319.65848000000017,534.0,0.0,0.0,0.0,0.0,0.0,300.0,300.0,0.0,0.0,0.0,0.0,0.0,193.55244,290.32866
sc03,01-02 08:00:00+01:00,0.0,400.0,400.0,400.0,534.0,0.0,14.805921000001,50.0,0.0,0.0,300.0,300.0,0.0,0.0,0.0,0.65583,0.43722,182.03106,273.04659
sc03,01-02 09:00:00+01:00,0.0,400.0,400.0,400.0,534.0,0.0,100.0,50.0,29.083446999999985,0.0,300.0,300.0,0.0,0.0,0.0,12.63789,8.42526,165.6537,248.48055
sc03,01-02 10:00:00+01:00,1.8307960000002454,400.0,400.0,400.0,534.0,0.0,100.0,50.0,116.60000000000002,0.0,300.0,300.0,0.0,0.0,0.0,30.12207,20.08138,133.15386,199.73079
sc03,01-02 11:00:00+01:00,51.36777400000037,400.0,400.0,400.0,534.0,0.0,100.0,50.0,116.60000000000002,0.0,300.0,300.0,0.0,0.0,0.0,40.435785,26.95719,105.28314000000002,157.92471
sc03,01-02 12:00:00+01:00,77.04910800000032,400.0,400.0,400.0,534.0,0.0,100.0,50.0,116.60000000000002,0.0,300.0,300.0,0.0,0.0,0.0,44.65218,29.76812,85.53168,128.29752
sc03,01-02 13:00:00+01:00,0.0,400.0,400.0,400.0,534.0,0.0,100.0,50.0,116.60000000000002,68.51452200000064,300.0,300.0,0.0,0.0,0.0,44.476395,29.65093,80.5317,120.79755
sc03,01-02 14:00:00+01:00,98.92334300000016,400.0,400.0,400.0,534.0,0.0,100.0,50.0,116.60000000000002,0.0,300.0,300.0,0.0,0.0,0.0,40.983810000000005,27.32254,80.26518,120.39777
sc03,01-02 15:00:00+01:00,121.89999999999999,400.0,400.0,400.0,534.0,0.0,100.0,50.0,116.60000000000002,55.16254300000069,300.0,300.0,0.0,0.0,0.0,33.004545,22.00303,89.11866,133.67799
sc03,01-02 16:00:00+01:00,121.89999999999999,400.0,400.0,400.0,534.0,0.0,100.0,50.0,116.60000000000002,90.2,300.0,300.0,62.80995700000026,0.0,0.0,19.19916,12.79944,99.15132,148.72698
sc03,01-02 17:00:00+01:00,121.89999999999999,400.0,400.0,400.0,534.0,0.0,100.0,50.0,116.60000000000002,90.2,300.0,300.0,85.57366300000025,0.0,0.0,4.19826,2.79884,111.94584,167.91876
sc03,01-02 18:00:00+01:00,121.89999999999999,400.0,400.0,400.0,534.0,0.0,100.0,50.0,116.60000000000002,90.2,300.0,300.0,11.601921000000695,0.0,0.0,0.0,0.0,112.1247,168.18705
sc03,01-02 19:00:00+01:00,33.50314100000029,400.0,400.0,400.0,534.0,0.0,100.0,50.0,116.60000000000002,90.2,300.0,300.0,0.0,0.0,0.0,0.0,0.0,110.31294,165.46941
sc03,01-02 20:00:00+01:00,0.0,400.0,400.0,400.0,534.0,0.0,100.0,50.0,116.60000000000002,17.430035000000622,300.0,300.0,0.0,0.0,0.0,0.0,0.0,104.09526,156.14289
sc03,01-02 21:00:00+01:00,0.0,400.0,400.0,400.0,534.0,0.0,98.00652600000059,50.0,0.0,0.0,300.0,300.0,0.0,0.0,0.0,0.0,0.0,108.91734,163.37601
sc03,01-02 22:00:00+01:00,0.0,400.0,400.0,400.0,534.0,0.0,0.0,0.0,0.0,0.0,300.0,300.0,0.0,0.0,0.0,0.0,0.0,118.31112,177.46668
sc03,01-02 23:00:00+01:00,0.0,400.0,400.0,390.51302300000026,534.0,0.0,0.0,0.0,0.0,0.0,300.0,300.0,0.0,0.0,0.0,0.0,0.0,115.34076,173.01114
sc03,01-03 00:00:00+01:00,0.0,400.0,400.0,317.2050360000003,534.0,0.0,0.0,0.0,0.0,0.0,300.0,300.0,0.0,0.0,0.0,0.0,0.0,111.81036000000002,167.71554
sc03,01-03 01:00:00+01:00,0.0,400.0,400.0,137.51335500000027,534.0,0.0,0.0,0.0,0.0,0.0,300.0,300.0,0.0,0.0,0.0,0.0,0.0,119.51106,179.26659
sc03,01-03 02:00:00+01:00,0.0,400.0,400.0,74.37675620775636,534.0,0.0,0.0,0.0,0.0,0.0,300.0,300.0,0.0,0.0,0.0,0.0,0.0,134.2347,201.35205
sc03,01-03 03:00:00+01:00,0.0,400.0,400.0,148.15034799999992,534.0,0.0,0.0,0.0,0.0,0.0,300.0,300.0,0.0,0.0,0.0,0.0,0.0,144.5871,216.88065
sc03,01-03 04:00:00+01:00,0.0,400.0,400.0,110.69789600000001,534.0,0.0,0.0,0.0,0.0,0.0,300.0,300.0,0.0,0.0,0.0,0.0,0.0,157.10418,235.65627
sc03,01-03 05:00:00+01:00,0.0,400.0,400.0,384.61088500000005,534.0,0.0,0.0,0.0,0.0,0.0,300.0,300.0,0.0,0.0,0.0,0.0,0.0,168.03138,252.04707
sc03,01-03 06:00:00+01:00,0.0,400.0,400.0,400.0,534.0,0.0,0.0,2.2832160000000323,0.0,0.0,300.0,300.0,0.0,0.0,0.0,0.0,0.0,183.07296,274.60944000000006
sc03,01-03 07:00:00+01:00,0.0,400.0,400.0,400.0,534.0,0.0,95.26226700000085,50.0,0.0,0.0,300.0,300.0,0.0,0.0,0.0,0.0,0.0,194.9253,292.38795
sc03,01-03 08:00:00+01:00,0.0,400.0,400.0,400.0,534.0,0.0,100.0,50.0,82.79848700000036,0.0,300.0,300.0,0.0,0.0,0.0,0.641955,0.42797,198.16908000000004,297.25362
sc03,01-03 09:00:00+01:00,0.0,400.0,400.0,400.0,534.0,0.0,100.0,50.0,94.30308000000076,0.0,300.0,300.0,0.0,0.0,0.0,12.693255,8.46217,209.14566,313.71849
sc03,01-03 10:00:00+01:00,0.0,400.0,400.0,400.0,534.0,0.0,100.0,50.0,80.91488700000038,0.0,300.0,300.0,0.0,0.0,0.0,31.49586,20.99724,205.22706,307.84059
sc03,01-03 11:00:00+01:00,0.0,400.0,400.0,400.0,534.0,0.0,100.0,50.0,75.07619000000088,0.0,300.0,300.0,0.0,0.0,0.0,41.907825,27.93855,190.31526,285.47289
sc03,01-03 12:00:00+01:00,0.0,400.0,400.0,400.0,534.0,0.0,100.0,50.0,78.81554499999976,0.0,300.0,300.0,0.0,0.0,0.0,45.951195,30.63413,176.55726,264.83589
sc03,01-03 13:00:00+01:00,0.0,400.0,400.0,400.0,534.0,0.0,100.0,50.0,25.604197000000607,0.0,300.0,300.0,0.0,0.0,0.0,46.519995,31.013330000000003,188.04546,282.06819
sc03,01-03 14:00:00+01:00,0.0,400.0,400.0,400.0,534.0,0.0,100.0,50.0,13.364499000000475,0.0,300.0,300.0,0.0,0.0,0.0,43.987875,29.32525,204.21804000000003,306.32706
sc03,01-03 15:00:00+01:00,0.0,400.0,400.0,400.0,534.0,0.0,100.0,50.0,78.24113000000021,0.0,300.0,300.0,0.0,0.0,0.0,37.35291,24.90194,215.5197,323.27955
sc03,01-03 16:00:00+01:00,0.0,400.0,400.0,400.0,534.0,0.0,100.0,50.0,116.60000000000002,44.96808000000063,300.0,300.0,0.0,0.0,0.0,23.38152,15.58768,231.25272,346.87908
sc03,01-03 17:00:00+01:00,24.15818400000058,400.0,400.0,400.0,534.0,0.0,100.0,50.0,116.60000000000002,0.0,300.0,300.0,0.0,0.0,0.0,5.541450000000001,3.6943,262.04736,393.07104
sc03,01-03 18:00:00+01:00,0.0,400.0,400.0,400.0,534.0,0.0,98.63915300000048,50.0,0.0,0.0,300.0,300.0,0.0,0.0,0.0,0.0,0.0,286.85556,430.28334
sc03,01-03 19:00:00+01:00,0.0,400.0,400.0,400.0,534.0,0.0,0.0,4.069875000000667,0.0,0.0,300.0,300.0,0.0,0.0,0.0,0.0,0.0,294.18408,441.27612
sc03,01-03 20:00:00+01:00,0.0,400.0,400.0,400.0,534.0,0.0,0.0,0.0,0.0,0.0,300.0,300.0,0.0,0.0,0.0,0.0,0.0,300.9567,451.43505
sc03,01-03 21:00:00+01:00,0.0,400.0,400.0,251.84429700000032,534.0,0.0,0.0,0.0,0.0,0.0,300.0,300.0,0.0,0.0,0.0,0.0,0.0,310.72452,466.08678
sc03,01-03 22:00:00+01:00,0.0,400.0,400.0,104.23113100000036,534.0,0.0,0.0,0.0,0.0,0.0,300.0,300.0,0.0,0.0,0.0,0.0,0.0,306.0564,459.0846
sc03,01-03 23:00:00+01:00,0.0,400.0,356.31651100000005,0.0,534.0,0.0,0.0,0.0,0.0,0.0,300.0,300.0,0.0,0.0,0.0,0.0,0.0,305.44824,458.1723600000001
sc03,01-04 00:00:00+01:00,0.0,400.0,257.7020730000005,0.0,534.0,0.0,0.0,0.0,0.0,0.0,300.0,300.0,0.0,0.0,0.0,0.0,0.0,310.16604,465.24906
sc03,01-04 01:00:00+01:00,0.0,400.0,216.96063700000045,0.0,534.0,0.0,0.0,0.0,0.0,0.0,300.0,300.0,0.0,0.0,0.0,0.0,0.0,300.61338,450.92007
sc03,01-04 02:00:00+01:00,0.0,400.0,164.84990500000018,0.0,534.0,0.0,0.0,0.0,0.0,0.0,300.0,300.0,0.0,0.0,0.0,0.0,0.0,304.14006,456.21009000000004
sc03,01-04 03:00:00+01:00,0.0,400.0,171.49890400000046,0.0,534.0,0.0,0.0,0.0,0.0,0.0,300.0,300.0,0.0,0.0,0.0,0.0,0.0,305.1786,457.7679
sc03,01-04 04:00:00+01:00,0.0,400.0,245.1969340000003,0.0,534.0,0.0,0.0,0.0,0.0,0.0,300.0,300.0,0.0,0.0,0.0,0.0,0.0,313.23462,469.85193
sc03,01-04 05:00:00+01:00,0.0,400.0,400.0,52.4133630000001,534.0,0.0,0.0,0.0,0.0,0.0,300.0,300.0,0.0,0.0,0.0,0.0,0.0,309.48576,464.22864
sc03,01-04 06:00:00+01:00,0.0,400.0,400.0,261.85200100000026,534.0,0.0,0.0,0.0,0.0,0.0,300.0,300.0,0.0,0.0,0.0,0.0,0.0,311.9694,467.9541
sc03,01-04 07:00:00+01:00,0.0,400.0,400.0,400.0,534.0,0.0,0.0,0.0,0.0,0.0,300.0,300.0,0.0,0.0,0.0,0.0,0.0,305.27694,457.91541
sc03,01-04 08:00:00+01:00,0.0,400.0,400.0,400.0,534.0,0.0,0.0,15.020511000000457,0.0,0.0,300.0,300.0,0.0,0.0,0.0,0.59367,0.39578,297.79344,446.69016
sc03,01-04 09:00:00+01:00,0.0,400.0,400.0,400.0,534.0,0.0,40.503472000000485,50.0,0.0,0.0,300.0,300.0,0.0,0.0,0.0,12.025740000000003,8.01716,281.01036,421.51554000000004
sc03,01-04 10:00:00+01:00,0.0,400.0,400.0,400.0,534.0,0.0,70.9881290000004,50.0,0.0,0.0,300.0,300.0,0.0,0.0,0.0,30.16707,20.11138,258.855,388.2825
sc03,01-04 11:00:00+01:00,0.0,400.0,400.0,400.0,534.0,0.0,69.48579700000035,50.0,0.0,0.0,300.0,300.0,0.0,0.0,0.0,40.713225,27.14215,240.00846,360.01269
sc03,01-04 12:00:00+01:00,0.0,400.0,400.0,400.0,534.0,0.0,68.26210600000005,50.0,0.0,0.0,300.0,300.0,0.0,0.0,0.0,45.217425,30.144950000000005,229.20738000000003,343.81107
sc03,01-04 13:00:00+01:00,0.0,400.0,400.0,400.0,534.0,0.0,65.97377200000054,50.0,0.0,0.0,300.0,300.0,0.0,0.0,0.0,45.813375,30.54225,221.62704,332.44056
sc03,01-04 14:00:00+01:00,0.0,400.0,400.0,400.0,534.0,0.0,100.0,50.0,9.413781000000455,0.0,300.0,300.0,0.0,0.0,0.0,43.37122500000001,28.91415,213.79146000000003,320.68719
sc03,01-04 15:00:00+01:00,0.0,400.0,400.0,400.0,534.0,0.0,100.0,50.0,113.51296100000019,0.0,300.0,300.0,0.0,0.0,0.0,36.907185000000005,24.60479,204.92088000000004,307.38132
sc03,01-04 16:00:00+01:00,121.89999999999999,400.0,400.0,400.0,534.0,0.0,100.0,50.0,116.60000000000002,17.736300000000828,300.0,300.0,0.0,0.0,0.0,23.264265,15.50951,194.24856000000003,291.37284
sc03,01-04 17:00:00+01:00,121.89999999999999,400.0,400.0,400.0,534.0,0.0,100.0,50.0,116.60000000000002,68.93922000000032,300.0,300.0,0.0,0.0,0.0,5.61933,3.74622,196.25106,294.37659
sc03,01-04 18:00:00+01:00,43.91581700000013,400.0,400.0,400.0,534.0,0.0,100.0,50.0,116.60000000000002,0.0,300.0,300.0,0.0,0.0,0.0,0.03717,0.0,220.06686,330.10029
sc03,01-04 19:00:00+01:00,0.0,400.0,400.0,400.0,534.0,0.0,100.0,50.0,24.44115300000005,0.0,300.0,300.0,0.0,0.0,0.0,0.0,0.0,225.52368,338.28552
sc03,01-04 20:00:00+01:00,0.0,400.0,400.0,400.0,534.0,0.0,21.18851100000063,50.0,0.0,0.0,300.0,300.0,0.0,0.0,0.0,0.0,0.0,213.75978,320.63967
sc03,01-04 21:00:00+01:00,0.0,400.0,400.0,400.0,534.0,0.0,0.0,6.882665000000565,0.0,0.0,300.0,300.0,0.0,0.0,0.0,0.0,0.0,188.3613,282.54195
sc03,01-04 22:00:00+01:00,0.0,400.0,400.0,400.0,534.0,0.0,0.0,0.0,0.0,0.0,300.0,300.0,0.0,0.0,0.0,0.0,0.0,160.23624,240.35436
sc03,01-04 23:00:00+01:00,0.0,400.0,400.0,400.0,534.0,0.0,0.0,0.0,0.0,0.0,300.0,300.0,0.0,0.0,0.0,0.0,0.0,120.0714,180.10710000000003
sc03,01-05 00:00:00+01:00,0.0,400.0,400.0,400.0,534.0,0.0,0.0,0.0,0.0,0.0,300.0,300.0,0.0,0.0,0.0,0.0,0.0,90.62616,135.93924
sc03,01-05 01:00:00+01:00,0.0,400.0,400.0,396.360737,534.0,0.0,0.0,0.0,0.0,0.0,300.0,300.0,0.0,0.0,0.0,0.0,0.0,72.49524,108.74286
sc03,01-05 02:00:00+01:00,0.0,400.0,400.0,367.39836000000014,534.0,0.0,0.0,0.0,0.0,0.0,300.0,300.0,0.0,0.0,0.0,0.0,0.0,67.44024,101.16036000000001
sc03,01-05 03:00:00+01:00,0.0,400.0,400.0,375.4568519999999,534.0,0.0,0.0,0.0,0.0,0.0,300.0,300.0,0.0,0.0,0.0,0.0,0.0,67.58508,101.37762000000001
sc03,01-05 04:00:00+01:00,0.0,400.0,400.0,400.0,534.0,0.0,0.0,0.0,0.0,0.0,300.0,300.0,0.0,0.0,0.0,0.0,0.0,63.99324000000001,95.98986
sc03,01-05 05:00:00+01:00,0.0,400.0,400.0,400.0,534.0,0.0,78.95442900000005,50.0,0.0,0.0,300.0,300.0,0.0,0.0,0.0,0.0,0.0,60.873,91.3095
sc03,01-05 06:00:00+01:00,45.454722999999866,400.0,400.0,400.0,534.0,0.0,100.0,50.0,116.60000000000002,0.0,300.0,300.0,0.0,0.0,0.0,0.0,0.0,71.45472,107.18208
sc03,01-05 07:00:00+01:00,121.89999999999999,400.0,400.0,400.0,534.0,0.0,100.0,50.0,116.60000000000002,72.69269800000046,300.0,300.0,0.0,0.0,0.0,0.0,0.0,82.8351,124.25265
sc03,01-05 08:00:00+01:00,121.89999999999999,400.0,400.0,400.0,534.0,0.0,100.0,50.0,116.60000000000002,90.2,300.0,300.0,37.32260400000077,0.0,0.0,0.520365,0.34691000000000005,94.78734,142.18101
sc03,01-05 09:00:00+01:00,121.89999999999999,400.0,400.0,400.0,534.0,0.0,100.0,50.0,116.60000000000002,90.2,300.0,300.0,69.0947620000011,0.0,0.0,10.418475,6.94565,95.88384,143.82576
sc03,01-05 10:00:00+01:00,121.89999999999999,400.0,400.0,400.0,534.0,0.0,100.0,50.0,116.60000000000002,90.2,300.0,300.0,61.675860000000704,0.0,0.0,26.335545000000003,17.55703,88.45242,132.67863
sc03,01-05 11:00:00+01:00,121.89999999999999,400.0,400.0,400.0,534.0,0.0,100.0,50.0,116.60000000000002,90.2,300.0,300.0,28.885051000000953,0.0,0.0,35.618745,23.74583,78.31476,117.47214
sc03,01-05 12:00:00+01:00,121.89999999999999,400.0,400.0,400.0,534.0,0.0,100.0,50.0,116.60000000000002,89.08277100000008,300.0,300.0,0.0,0.0,0.0,39.994665,26.66311,72.58656,108.87984
sc03,01-05 13:00:00+01:00,121.89999999999999,400.0,400.0,400.0,534.0,0.0,100.0,50.0,116.60000000000002,44.347317000000174,300.0,300.0,0.0,0.0,0.0,41.348445,27.565630000000002,74.99256,112.48884
sc03,01-05 14:00:00+01:00,84.24874400000049,400.0,400.0,400.0,534.0,0.0,100.0,50.0,116.60000000000002,90.2,300.0,300.0,0.0,0.0,0.0,39.72024,26.48016,78.75642,118.13463
sc03,01-05 15:00:00+01:00,121.89999999999999,400.0,400.0,400.0,534.0,0.0,100.0,50.0,116.60000000000002,90.2,300.0,300.0,35.28513600000062,0.0,0.0,34.19092500000001,22.79395,78.59028,117.88542000000001
sc03,01-05 16:00:00+01:00,121.89999999999999,400.0,400.0,400.0,534.0,0.0,100.0,50.0,116.60000000000002,90.2,300.0,300.0,139.47886300000067,0.0,0.0,21.650940000000002,14.43396,79.69074,119.53611000000001
sc03,01-05 17:00:00+01:00,121.89999999999999,400.0,400.0,400.0,534.0,0.0,100.0,50.0,116.60000000000002,90.2,300.0,300.0,174.32250800000025,0.0,0.0,5.187135,3.45809,84.0807,126.12105000000001
sc03,01-05 18:00:00+01:00,121.89999999999999,400.0,400.0,400.0,534.0,0.0,100.0,50.0,116.60000000000002,90.2,300.0,300.0,43.313228000000606,0.0,0.0,0.0,0.0,97.05384000000001,145.58076
sc03,01-05 19:00:00+01:00,111.88123999999988,400.0,400.0,400.0,534.0,0.0,100.0,50.0,116.60000000000002,0.0,300.0,300.0,0.0,0.0,0.0,0.0,0.0,105.3825,158.07375
sc03,01-05 20:00:00+01:00,0.0,400.0,400.0,400.0,534.0,0.0,100.0,50.0,104.58475600000028,0.0,300.0,300.0,0.0,0.0,0.0,0.0,0.0,104.01918,156.02877
sc03,01-05 21:00:00+01:00,0.0,400.0,400.0,400.0,534.0,0.0,97.17488200000035,50.0,0.0,0.0,300.0,300.0,0.0,0.0,0.0,0.0,0.0,102.90558,154.35837000000004
sc03,01-05 22:00:00+01:00,0.0,400.0,400.0,400.0,534.0,0.0,0.0,0.0,0.0,0.0,300.0,300.0,0.0,0.0,0.0,0.0,0.0,109.75926,164.63889
sc03,01-05 23:00:00+01:00,0.0,400.0,400.0,358.640718,534.0,0.0,0.0,0.0,0.0,0.0,300.0,300.0,0.0,0.0,0.0,0.0,0.0,126.48474000000002,189.72711
sc03,01-06 00:00:00+01:00,0.0,400.0,400.0,228.96432200000015,534.0,0.0,0.0,0.0,0.0,0.0,300.0,300.0,0.0,0.0,0.0,0.0,0.0,141.819,212.72850000000003
sc03,01-06 01:00:00+01:00,0.0,400.0,400.0,99.8711069999998,534.0,0.0,0.0,0.0,0.0,0.0,300.0,300.0,0.0,0.0,0.0,0.0,0.0,161.31006,241.96509000000003
sc03,01-06 02:00:00+01:00,0.0,400.0,400.0,16.38908299999997,534.0,0.0,0.0,0.0,0.0,0.0,300.0,300.0,0.0,0.0,0.0,0.0,0.0,168.4437,252.66555000000002
sc03,01-06 03:00:00+01:00,0.0,400.0,346.686567,0.0,534.0,0.0,0.0,0.0,0.0,0.0,300.0,300.0,0.0,0.0,0.0,0.0,0.0,179.98518,269.97777
sc03,01-06 04:00:00+01:00,0.0,400.0,302.93194600000027,0.0,534.0,0.0,0.0,0.0,0.0,0.0,300.0,300.0,0.0,0.0,0.0,0.0,0.0,192.37212,288.55818
sc03,01-06 05:00:00+01:00,0.0,400.0,347.2059070000001,0.0,534.0,0.0,0.0,0.0,0.0,0.0,300.0,300.0,0.0,0.0,0.0,0.0,0.0,197.16132,295.74198
sc03,01-06 06:00:00+01:00,0.0,400.0,400.0,19.162224000000005,534.0,0.0,0.0,0.0,0.0,0.0,300.0,300.0,0.0,0.0,0.0,0.0,0.0,202.3272,303.4908
sc03,01-06 07:00:00+01:00,0.0,400.0,400.0,136.04811800000016,534.0,0.0,0.0,0.0,0.0,0.0,300.0,300.0,0.0,0.0,0.0,0.0,0.0,197.1384,295.7076
sc03,01-06 08:00:00+01:00,0.0,400.0,400.0,255.76622799999947,534.0,0.0,0.0,0.0,0.0,0.0,300.0,300.0,0.0,0.0,0.0,0.5016750000000001,0.33445,198.43482,297.65223
sc03,01-06 09:00:00+01:00,0.0,400.0,400.0,355.4102160000001,534.0,0.0,0.0,0.0,0.0,0.0,300.0,300.0,0.0,0.0,0.0,7.620225,5.08015,189.636,284.45400000000006
sc03,01-06 10:00:00+01:00,0.0,400.0,400.0,400.0,534.0,0.0,0.0,0.0,0.0,0.0,300.0,300.0,0.0,0.0,0.0,20.220690000000005,13.48046,150.06222,225.09333
sc03,01-06 11:00:00+01:00,0.0,400.0,400.0,400.0,534.0,0.0,0.0,0.0,0.0,0.0,300.0,300.0,0.0,0.0,0.0,28.02396,18.68264,117.50172,176.25258
sc03,01-06 12:00:00+01:00,0.0,400.0,400.0,400.0,534.0,0.0,0.0,0.0,0.0,0.0,300.0,300.0,0.0,0.0,0.0,31.23405,20.822700000000005,102.64428,153.96642
sc03,01-06 13:00:00+01:00,0.0,400.0,400.0,400.0,534.0,0.0,0.0,0.0,0.0,0.0,300.0,300.0,0.0,0.0,0.0,32.739165,21.82611,103.15278,154.72917000000004
sc03,01-06 14:00:00+01:00,0.0,400.0,400.0,400.0,534.0,0.0,0.0,0.0,0.0,0.0,300.0,300.0,0.0,0.0,0.0,32.044995,21.363330000000005,107.96808000000001,161.95212
sc03,01-06 15:00:00+01:00,0.0,400.0,400.0,400.0,534.0,0.0,8.862537000000724,50.0,0.0,0.0,300.0,300.0,0.0,0.0,0.0,27.730395,18.48693,100.75566,151.13349000000002
sc03,01-06 16:00:00+01:00,0.0,400.0,400.0,400.0,534.0,0.0,100.0,50.0,57.404815000000276,0.0,300.0,300.0,0.0,0.0,0.0,17.096505,11.39767,96.25866,144.38799
sc03,01-06 17:00:00+01:00,41.92943400000038,400.0,400.0,400.0,534.0,0.0,100.0,50.0,116.60000000000002,0.0,300.0,300.0,0.0,0.0,0.0,3.83139,2.55426,89.36568,134.04852
sc03,01-06 18:00:00+01:00,0.0,400.0,400.0,400.0,534.0,0.0,100.0,50.0,91.33697200000046,0.0,300.0,300.0,0.0,0.0,0.0,0.0,0.0,96.66186,144.99279
sc03,01-06 19:00:00+01:00,0.0,400.0,400.0,400.0,534.0,0.0,64.76092400000077,50.0,0.0,0.0,300.0,300.0,0.0,0.0,0.0,0.0,0.0,112.85628,169.28442
sc03,01-06 20:00:00+01:00,0.0,400.0,400.0,400.0,534.0,0.0,0.0,0.0,0.0,0.0,300.0,300.0,0.0,0.0,0.0,0.0,0.0,137.36628,206.04942
sc03,01-06 21:00:00+01:00,0.0,400.0,400.0,384.25329399999987,534.0,0.0,0.0,0.0,0.0,0.0,300.0,300.0,0.0,0.0,0.0,0.0,0.0,156.64974,234.97461000000004
sc03,01-06 22:00:00+01:00,0.0,400.0,400.0,274.3776200000001,534.0,0.0,0.0,0.0,0.0,0.0,300.0,300.0,0.0,0.0,0.0,0.0,0.0,155.57424,233.36136
sc03,01-06 23:00:00+01:00,0.0,400.0,400.0,155.20911600000042,534.0,0.0,0.0,0.0,0.0,0.0,300.0,300.0,0.0,0.0,0.0,0.0,0.0,152.5485,228.82275
sc03,01-07 00:00:00+01:00,0.0,400.0,400.0,104.19142299999962,534.0,0.0,0.0,0.0,0.0,0.0,300.0,300.0,0.0,0.0,0.0,0.0,0.0,139.53744,209.30616
sc03,01-07 01:00:00+01:00,0.0,400.0,400.0,81.05530400000016,534.0,0.0,0.0,0.0,0.0,0.0,300.0,300.0,0.0,0.0,0.0,0.0,0.0,115.21074,172.81611
sc03,01-07 02:00:00+01:00,0.0,400.0,400.0,84.60724600000003,534.0,0.0,0.0,0.0,0.0,0.0,300.0,300.0,0.0,0.0,0.0,0.0,0.0,89.29386000000001,133.94079
sc03,01-07 03:00:00+01:00,0.0,400.0,400.0,114.45350400000032,534.0,0.0,0.0,0.0,0.0,0.0,300.0,300.0,0.0,0.0,0.0,0.0,0.0,62.5662,93.8493
sc03,01-07 04:00:00+01:00,0.0,400.0,400.0,142.57469899999987,534.0,0.0,0.0,0.0,0.0,0.0,300.0,300.0,0.0,0.0,0.0,0.0,0.0,43.09374,64.64061
sc03,01-07 05:00:00+01:00,0.0,400.0,400.0,191.33683300000004,534.0,0.0,0.0,0.0,0.0,0.0,300.0,300.0,0.0,0.0,0.0,0.0,0.0,36.30462,54.45693
sc03,01-07 06:00:00+01:00,0.0,400.0,400.0,245.97179600000007,534.0,0.0,0.0,0.0,0.0,0.0,300.0,300.0,0.0,0.0,0.0,0.0,0.0,39.22974,58.84461
sc03,01-07 07:00:00+01:00,0.0,400.0,400.0,295.0507170000001,534.0,0.0,0.0,0.0,0.0,0.0,300.0,300.0,0.0,0.0,0.0,0.0,0.0,52.87362,79.31043
sc03,01-07 08:00:00+01:00,0.0,400.0,400.0,363.6614770000004,534.0,0.0,0.0,0.0,0.0,0.0,300.0,300.0,0.0,0.0,0.0,0.296685,0.19779,70.3956,105.5934
sc03,01-07 09:00:00+01:00,0.0,400.0,400.0,400.0,534.0,0.0,0.0,0.0,0.0,0.0,300.0,300.0,0.0,0.0,0.0,5.73813,3.82542,66.22806,99.34209000000001
sc03,01-07 10:00:00+01:00,0.0,400.0,400.0,400.0,534.0,0.0,0.0,35.89867200000019,0.0,0.0,300.0,300.0,0.0,0.0,0.0,15.798900000000001,10.532600000000002,41.94426000000001,62.91639
sc03,01-07 11:00:00+01:00,0.0,400.0,400.0,400.0,534.0,0.0,24.412280000000287,50.0,0.0,0.0,300.0,300.0,0.0,0.0,0.0,24.959835,16.63989,27.23214,40.84821
sc03,01-07 12:00:00+01:00,0.0,400.0,400.0,400.0,534.0,0.0,0.0,46.76758800000036,0.0,0.0,300.0,300.0,0.0,0.0,0.0,31.32882,20.88588,22.44288,33.66432
sc03,01-07 13:00:00+01:00,0.0,400.0,400.0,400.0,534.0,0.0,0.0,26.193638000000185,0.0,0.0,300.0,300.0,0.0,0.0,0.0,34.38310500000001,22.92207,19.32702,28.99053
sc03,01-07 14:00:00+01:00,0.0,400.0,400.0,400.0,534.0,0.0,0.0,48.4693730000002,0.0,0.0,300.0,300.0,0.0,0.0,0.0,33.611145,22.40743,16.8039,25.20585
sc03,01-07 15:00:00+01:00,0.0,400.0,400.0,400.0,534.0,0.0,100.0,50.0,14.285326000000097,0.0,300.0,300.0,0.0,0.0,0.0,28.784505,19.18967,15.12888,22.69332
sc03,01-07 16:00:00+01:00,0.0,400.0,400.0,400.0,534.0,0.0,100.0,50.0,116.60000000000002,67.90003100000008,300.0,300.0,0.0,0.0,0.0,17.988405,11.99227,16.46808,24.70212
sc03,01-07 17:00:00+01:00,55.429965000000635,400.0,400.0,400.0,534.0,0.0,100.0,50.0,116.60000000000002,90.2,300.0,300.0,0.0,0.0,0.0,4.289925,2.85995,23.567820000000005,35.35173
sc03,01-07 18:00:00+01:00,90.004305,400.0,400.0,400.0,534.0,0.0,100.0,50.0,116.60000000000002,0.0,300.0,300.0,0.0,0.0,0.0,0.0,0.0,39.29946,58.94919000000001
sc03,01-07 19:00:00+01:00,0.0,400.0,400.0,400.0,534.0,0.0,100.0,50.0,116.60000000000002,16.070078000000155,300.0,300.0,0.0,0.0,0.0,0.0,0.0,45.76644,68.64966
sc03,01-07 20:00:00+01:00,0.0,400.0,400.0,400.0,534.0,0.0,100.0,50.0,52.447521999999914,0.0,300.0,300.0,0.0,0.0,0.0,0.0,0.0,48.02004,72.03006
sc03,01-07 21:00:00+01:00,0.0,400.0,400.0,400.0,534.0,0.0,63.615524999999785,50.0,0.0,0.0,300.0,300.0,0.0,0.0,0.0,0.0,0.0,44.85822,67.28733
sc03,01-07 22:00:00+01:00,0.0,400.0,400.0,400.0,534.0,0.0,0.0,0.0,0.0,0.0,300.0,300.0,0.0,0.0,0.0,0.0,0.0,48.44352000000001,72.66528
sc03,01-07 23:00:00+01:00,0.0,400.0,400.0,379.9703969999999,534.0,0.0,0.0,0.0,0.0,0.0,300.0,300.0,0.0,0.0,0.0,0.0,0.0,50.40612000000001,75.60918
