,,Nuclear1,Nuclear2,CCGT_1a,CCGT_1b,CCGT_2a,CCGT_2b,CCGT_3a,CCGT_3b,CCGT_4a,CCGT_4b,OCGT_1,OCGT_2,OCGT_3,WindFarm_1,WindFarm_2,SolarPV_1,SolarPV_2,ESS1,ESS2
sc01,01-01 00:00:00+01:00,,,,,,,,,,,,,,452.376,678.564,1.00E-06,1.00E-06,,
sc01,01-01 01:00:00+01:00,,,,,,,,,,,,,,416.752128,625.128192,1.00E-06,1.00E-06,,
sc01,01-01 02:00:00+01:00,,,,,,,,,,,,,,386.548632,579.822948,1.00E-06,1.00E-06,,
sc01,01-01 03:00:00+01:00,,,,,,,,,,,,,,370.847232,556.270848,1.00E-06,1.00E-06,,
sc01,01-01 04:00:00+01:00,,,,,,,,,,,,,,348.1704,522.2556,1.00E-06,1.00E-06,,
sc01,01-01 05:00:00+01:00,,,,,,,,,,,,,,323.84196,485.76294,1.00E-06,1.00E-06,,
sc01,01-01 06:00:00+01:00,,,,,,,,,,,,,,307.400184,461.100276,1.00E-06,1.00E-06,,
sc01,01-01 07:00:00+01:00,,,,,,,,,,,,,,278.946216,418.419324,0.02853,0.01902,,
sc01,01-01 08:00:00+01:00,,,,,,,,,,,,,,252.56124,378.84186,0.53832,0.35888,,
sc01,01-01 09:00:00+01:00,,,,,,,,,,,,,,213.077664,319.616496,11.772495,7.84833,,
sc01,01-01 10:00:00+01:00,,,,,,,,,,,,,,187.216848,280.825272,29.815695,19.87713,,
sc01,01-01 11:00:00+01:00,,,,,,,,,,,,,,193.418712,290.128068,40.871895,27.24793,,
sc01,01-01 12:00:00+01:00,,,,,,,,,,,,,,203.420808,305.131212,45.92964,30.61976,,
sc01,01-01 13:00:00+01:00,,,,,,,,,,,,,,206.338824,309.508236,46.602285,31.06819,,
sc01,01-01 14:00:00+01:00,,,,,,,,,,,,,,207.704736,311.557104,44.12493,29.41662,,
sc01,01-01 15:00:00+01:00,,,,,,,,,,,,,,190.795536,286.193304,37.14279,24.76186,,
sc01,01-01 16:00:00+01:00,,,,,,,,,,,,,,180.473112,270.709668,22.91571,15.27714,,
sc01,01-01 17:00:00+01:00,,,,,,,,,,,,,,191.37024,287.05536,5.17509,3.45006,,
sc01,01-01 18:00:00+01:00,,,,,,,,,,,,,,195.86484,293.79726,0.024075,0.01605,,
sc01,01-01 19:00:00+01:00,,,,,,,,,,,,,,206.393256,309.589884,1.00E-06,1.00E-06,,
sc01,01-01 20:00:00+01:00,,,,,,,,,,,,,,220.293648,330.440472,1.00E-06,1.00E-06,,
sc01,01-01 21:00:00+01:00,,,,,,,,,,,,,,238.680864,358.021296,1.00E-06,1.00E-06,,
sc01,01-01 22:00:00+01:00,,,,,,,,,,,,,,247.883976,371.825964,1.00E-06,1.00E-06,,
sc01,01-01 23:00:00+01:00,,,,,,,,,,,,,,248.767056,373.150584,1.00E-06,1.00E-06,,
sc01,01-02 00:00:00+01:00,,,,,,,,,,,,,,237.44988,356.17482,1.00E-06,1.00E-06,,
sc01,01-02 01:00:00+01:00,,,,,,,,,,,,,,217.531368,326.297052,1.00E-06,1.00E-06,,
sc01,01-02 02:00:00+01:00,,,,,,,,,,,,,,212.616144,318.924216,1.00E-06,1.00E-06,,
sc01,01-02 03:00:00+01:00,,,,,,,,,,,,,,199.345968,299.018952,1.00E-06,1.00E-06,,
sc01,01-02 04:00:00+01:00,,,,,,,,,,,,,,207.270936,310.906404,1.00E-06,1.00E-06,,
sc01,01-02 05:00:00+01:00,,,,,,,,,,,,,,220.001472,330.002208,1.00E-06,1.00E-06,,
sc01,01-02 06:00:00+01:00,,,,,,,,,,,,,,221.790744,332.686116,1.00E-06,1.00E-06,,
sc01,01-02 07:00:00+01:00,,,,,,,,,,,,,,232.262928,348.394392,0.029295,0.01953,,
sc01,01-02 08:00:00+01:00,,,,,,,,,,,,,,218.437272,327.655908,0.65583,0.43722,,
sc01,01-02 09:00:00+01:00,,,,,,,,,,,,,,198.78444,298.17666,12.63789,8.42526,,
sc01,01-02 10:00:00+01:00,,,,,,,,,,,,,,159.784632,239.676948,30.12207,20.08138,,
sc01,01-02 11:00:00+01:00,,,,,,,,,,,,,,126.339768,189.509652,40.435785,26.95719,,
sc01,01-02 12:00:00+01:00,,,,,,,,,,,,,,102.638016,153.957024,44.65218,29.76812,,
sc01,01-02 13:00:00+01:00,,,,,,,,,,,,,,96.63804,144.95706,44.476395,29.65093,,
sc01,01-02 14:00:00+01:00,,,,,,,,,,,,,,96.318216,144.477324,40.98381,27.32254,,
sc01,01-02 15:00:00+01:00,,,,,,,,,,,,,,106.942392,160.413588,33.004545,22.00303,,
sc01,01-02 16:00:00+01:00,,,,,,,,,,,,,,118.981584,178.472376,19.19916,12.79944,,
sc01,01-02 17:00:00+01:00,,,,,,,,,,,,,,134.335008,201.502512,4.19826,2.79884,,
sc01,01-02 18:00:00+01:00,,,,,,,,,,,,,,134.54964,201.82446,0.02868,0.01912,,
sc01,01-02 19:00:00+01:00,,,,,,,,,,,,,,132.375528,198.563292,1.00E-06,1.00E-06,,
sc01,01-02 20:00:00+01:00,,,,,,,,,,,,,,124.914312,187.371468,1.00E-06,1.00E-06,,
sc01,01-02 21:00:00+01:00,,,,,,,,,,,,,,130.700808,196.051212,1.00E-06,1.00E-06,,
sc01,01-02 22:00:00+01:00,,,,,,,,,,,,,,141.973344,212.960016,1.00E-06,1.00E-06,,
sc01,01-02 23:00:00+01:00,,,,,,,,,,,,,,138.408912,207.613368,1.00E-06,1.00E-06,,
sc01,01-03 00:00:00+01:00,,,,,,,,,,,,,,134.172432,201.258648,1.00E-06,1.00E-06,,
sc01,01-03 01:00:00+01:00,,,,,,,,,,,,,,143.413272,215.119908,1.00E-06,1.00E-06,,
sc01,01-03 02:00:00+01:00,,,,,,,,,,,,,,161.08164,241.62246,1.00E-06,1.00E-06,,
sc01,01-03 03:00:00+01:00,,,,,,,,,,,,,,173.50452,260.25678,1.00E-06,1.00E-06,,
sc01,01-03 04:00:00+01:00,,,,,,,,,,,,,,188.525016,282.787524,1.00E-06,1.00E-06,,
sc01,01-03 05:00:00+01:00,,,,,,,,,,,,,,201.637656,302.456484,1.00E-06,1.00E-06,,
sc01,01-03 06:00:00+01:00,,,,,,,,,,,,,,219.687552,329.531328,1.00E-06,1.00E-06,,
sc01,01-03 07:00:00+01:00,,,,,,,,,,,,,,233.91036,350.86554,0.029355,0.01957,,
sc01,01-03 08:00:00+01:00,,,,,,,,,,,,,,237.802896,356.704344,0.641955,0.42797,,
sc01,01-03 09:00:00+01:00,,,,,,,,,,,,,,250.974792,376.462188,12.693255,8.46217,,
sc01,01-03 10:00:00+01:00,,,,,,,,,,,,,,246.272472,369.408708,31.49586,20.99724,,
sc01,01-03 11:00:00+01:00,,,,,,,,,,,,,,228.378312,342.567468,41.907825,27.93855,,
sc01,01-03 12:00:00+01:00,,,,,,,,,,,,,,211.868712,317.803068,45.951195,30.63413,,
sc01,01-03 13:00:00+01:00,,,,,,,,,,,,,,225.654552,338.481828,46.519995,31.01333,,
sc01,01-03 14:00:00+01:00,,,,,,,,,,,,,,245.061648,367.592472,43.987875,29.32525,,
sc01,01-03 15:00:00+01:00,,,,,,,,,,,,,,258.62364,387.93546,37.35291,24.90194,,
sc01,01-03 16:00:00+01:00,,,,,,,,,,,,,,277.503264,416.254896,23.38152,15.58768,,
sc01,01-03 17:00:00+01:00,,,,,,,,,,,,,,314.456832,471.685248,5.54145,3.6943,,
sc01,01-03 18:00:00+01:00,,,,,,,,,,,,,,344.226672,516.340008,0.031365,0.02091,,
sc01,01-03 19:00:00+01:00,,,,,,,,,,,,,,353.020896,529.531344,1.00E-06,1.00E-06,,
sc01,01-03 20:00:00+01:00,,,,,,,,,,,,,,361.14804,541.72206,1.00E-06,1.00E-06,,
sc01,01-03 21:00:00+01:00,,,,,,,,,,,,,,372.869424,559.304136,1.00E-06,1.00E-06,,
sc01,01-03 22:00:00+01:00,,,,,,,,,,,,,,367.26768,550.90152,1.00E-06,1.00E-06,,
sc01,01-03 23:00:00+01:00,,,,,,,,,,,,,,366.537888,549.806832,1.00E-06,1.00E-06,,
sc01,01-04 00:00:00+01:00,,,,,,,,,,,,,,372.199248,558.298872,1.00E-06,1.00E-06,,
sc01,01-04 01:00:00+01:00,,,,,,,,,,,,,,360.736056,541.104084,1.00E-06,1.00E-06,,
sc01,01-04 02:00:00+01:00,,,,,,,,,,,,,,364.968072,547.452108,1.00E-06,1.00E-06,,
sc01,01-04 03:00:00+01:00,,,,,,,,,,,,,,366.21432,549.32148,1.00E-06,1.00E-06,,
sc01,01-04 04:00:00+01:00,,,,,,,,,,,,,,375.881544,563.822316,1.00E-06,1.00E-06,,
sc01,01-04 05:00:00+01:00,,,,,,,,,,,,,,371.382912,557.074368,1.00E-06,1.00E-06,,
sc01,01-04 06:00:00+01:00,,,,,,,,,,,,,,374.36328,561.54492,1.00E-06,1.00E-06,,
sc01,01-04 07:00:00+01:00,,,,,,,,,,,,,,366.332328,549.498492,0.028965,0.01931,,
sc01,01-04 08:00:00+01:00,,,,,,,,,,,,,,357.352128,536.028192,0.59367,0.39578,,
sc01,01-04 09:00:00+01:00,,,,,,,,,,,,,,337.212432,505.818648,12.02574,8.01716,,
sc01,01-04 10:00:00+01:00,,,,,,,,,,,,,,310.626,465.939,30.16707,20.11138,,
sc01,01-04 11:00:00+01:00,,,,,,,,,,,,,,288.010152,432.015228,40.713225,27.14215,,
sc01,01-04 12:00:00+01:00,,,,,,,,,,,,,,275.048856,412.573284,45.217425,30.14495,,
sc01,01-04 13:00:00+01:00,,,,,,,,,,,,,,265.952448,398.928672,45.813375,30.54225,,
sc01,01-04 14:00:00+01:00,,,,,,,,,,,,,,256.549752,384.824628,43.371225,28.91415,,
sc01,01-04 15:00:00+01:00,,,,,,,,,,,,,,245.905056,368.857584,36.907185,24.60479,,
sc01,01-04 16:00:00+01:00,,,,,,,,,,,,,,233.098272,349.647408,23.264265,15.50951,,
sc01,01-04 17:00:00+01:00,,,,,,,,,,,,,,235.501272,353.251908,5.61933,3.74622,,
sc01,01-04 18:00:00+01:00,,,,,,,,,,,,,,264.080232,396.120348,0.03717,0.02478,,
sc01,01-04 19:00:00+01:00,,,,,,,,,,,,,,270.628416,405.942624,1.00E-06,1.00E-06,,
sc01,01-04 20:00:00+01:00,,,,,,,,,,,,,,256.511736,384.767604,1.00E-06,1.00E-06,,
sc01,01-04 21:00:00+01:00,,,,,,,,,,,,,,226.03356,339.05034,1.00E-06,1.00E-06,,
sc01,01-04 22:00:00+01:00,,,,,,,,,,,,,,192.283488,288.425232,1.00E-06,1.00E-06,,
sc01,01-04 23:00:00+01:00,,,,,,,,,,,,,,144.08568,216.12852,1.00E-06,1.00E-06,,
sc01,01-05 00:00:00+01:00,,,,,,,,,,,,,,108.751392,163.127088,1.00E-06,1.00E-06,,
sc01,01-05 01:00:00+01:00,,,,,,,,,,,,,,86.994288,130.491432,1.00E-06,1.00E-06,,
sc01,01-05 02:00:00+01:00,,,,,,,,,,,,,,80.928288,121.392432,1.00E-06,1.00E-06,,
sc01,01-05 03:00:00+01:00,,,,,,,,,,,,,,81.102096,121.653144,1.00E-06,1.00E-06,,
sc01,01-05 04:00:00+01:00,,,,,,,,,,,,,,76.791888,115.187832,1.00E-06,1.00E-06,,
sc01,01-05 05:00:00+01:00,,,,,,,,,,,,,,73.0476,109.5714,1.00E-06,1.00E-06,,
sc01,01-05 06:00:00+01:00,,,,,,,,,,,,,,85.745664,128.618496,1.00E-06,1.00E-06,,
sc01,01-05 07:00:00+01:00,,,,,,,,,,,,,,99.40212,149.10318,0.028485,0.01899,,
sc01,01-05 08:00:00+01:00,,,,,,,,,,,,,,113.744808,170.617212,0.520365,0.34691,,
sc01,01-05 09:00:00+01:00,,,,,,,,,,,,,,115.060608,172.590912,10.418475,6.94565,,
sc01,01-05 10:00:00+01:00,,,,,,,,,,,,,,106.142904,159.214356,26.335545,17.55703,,
sc01,01-05 11:00:00+01:00,,,,,,,,,,,,,,93.977712,140.966568,35.618745,23.74583,,
sc01,01-05 12:00:00+01:00,,,,,,,,,,,,,,87.103872,130.655808,39.994665,26.66311,,
sc01,01-05 13:00:00+01:00,,,,,,,,,,,,,,89.991072,134.986608,41.348445,27.56563,,
sc01,01-05 14:00:00+01:00,,,,,,,,,,,,,,94.507704,141.761556,39.72024,26.48016,,
sc01,01-05 15:00:00+01:00,,,,,,,,,,,,,,94.308336,141.462504,34.190925,22.79395,,
sc01,01-05 16:00:00+01:00,,,,,,,,,,,,,,95.628888,143.443332,21.65094,14.43396,,
sc01,01-05 17:00:00+01:00,,,,,,,,,,,,,,100.89684,151.34526,5.187135,3.45809,,
sc01,01-05 18:00:00+01:00,,,,,,,,,,,,,,116.464608,174.696912,0.029895,0.01993,,
sc01,01-05 19:00:00+01:00,,,,,,,,,,,,,,126.459,189.6885,1.00E-06,1.00E-06,,
sc01,01-05 20:00:00+01:00,,,,,,,,,,,,,,124.823016,187.234524,1.00E-06,1.00E-06,,
sc01,01-05 21:00:00+01:00,,,,,,,,,,,,,,123.486696,185.230044,1.00E-06,1.00E-06,,
sc01,01-05 22:00:00+01:00,,,,,,,,,,,,,,131.711112,197.566668,1.00E-06,1.00E-06,,
sc01,01-05 23:00:00+01:00,,,,,,,,,,,,,,151.781688,227.672532,1.00E-06,1.00E-06,,
sc01,01-06 00:00:00+01:00,,,,,,,,,,,,,,170.1828,255.2742,1.00E-06,1.00E-06,,
sc01,01-06 01:00:00+01:00,,,,,,,,,,,,,,193.572072,290.358108,1.00E-06,1.00E-06,,
sc01,01-06 02:00:00+01:00,,,,,,,,,,,,,,202.13244,303.19866,1.00E-06,1.00E-06,,
sc01,01-06 03:00:00+01:00,,,,,,,,,,,,,,215.982216,323.973324,1.00E-06,1.00E-06,,
sc01,01-06 04:00:00+01:00,,,,,,,,,,,,,,230.846544,346.269816,1.00E-06,1.00E-06,,
sc01,01-06 05:00:00+01:00,,,,,,,,,,,,,,236.593584,354.890376,1.00E-06,1.00E-06,,
sc01,01-06 06:00:00+01:00,,,,,,,,,,,,,,242.79264,364.18896,1.00E-06,1.00E-06,,
sc01,01-06 07:00:00+01:00,,,,,,,,,,,,,,236.56608,354.84912,0.0282,0.0188,,
sc01,01-06 08:00:00+01:00,,,,,,,,,,,,,,238.121784,357.182676,0.501675,0.33445,,
sc01,01-06 09:00:00+01:00,,,,,,,,,,,,,,227.5632,341.3448,7.620225,5.08015,,
sc01,01-06 10:00:00+01:00,,,,,,,,,,,,,,180.074664,270.111996,20.22069,13.48046,,
sc01,01-06 11:00:00+01:00,,,,,,,,,,,,,,141.002064,211.503096,28.02396,18.68264,,
sc01,01-06 12:00:00+01:00,,,,,,,,,,,,,,123.173136,184.759704,31.23405,20.8227,,
sc01,01-06 13:00:00+01:00,,,,,,,,,,,,,,123.783336,185.675004,32.739165,21.82611,,
sc01,01-06 14:00:00+01:00,,,,,,,,,,,,,,129.561696,194.342544,32.044995,21.36333,,
sc01,01-06 15:00:00+01:00,,,,,,,,,,,,,,120.906792,181.360188,27.730395,18.48693,,
sc01,01-06 16:00:00+01:00,,,,,,,,,,,,,,115.510392,173.265588,17.096505,11.39767,,
sc01,01-06 17:00:00+01:00,,,,,,,,,,,,,,107.238816,160.858224,3.83139,2.55426,,
sc01,01-06 18:00:00+01:00,,,,,,,,,,,,,,115.994232,173.991348,0.028755,0.01917,,
sc01,01-06 19:00:00+01:00,,,,,,,,,,,,,,135.427536,203.141304,1.00E-06,1.00E-06,,
sc01,01-06 20:00:00+01:00,,,,,,,,,,,,,,164.839536,247.259304,1.00E-06,1.00E-06,,
sc01,01-06 21:00:00+01:00,,,,,,,,,,,,,,187.979688,281.969532,1.00E-06,1.00E-06,,
sc01,01-06 22:00:00+01:00,,,,,,,,,,,,,,186.689088,280.033632,1.00E-06,1.00E-06,,
sc01,01-06 23:00:00+01:00,,,,,,,,,,,,,,183.0582,274.5873,1.00E-06,1.00E-06,,
sc01,01-07 00:00:00+01:00,,,,,,,,,,,,,,167.444928,251.167392,1.00E-06,1.00E-06,,
sc01,01-07 01:00:00+01:00,,,,,,,,,,,,,,138.252888,207.379332,1.00E-06,1.00E-06,,
sc01,01-07 02:00:00+01:00,,,,,,,,,,,,,,107.152632,160.728948,1.00E-06,1.00E-06,,
sc01,01-07 03:00:00+01:00,,,,,,,,,,,,,,75.07944,112.61916,1.00E-06,1.00E-06,,
sc01,01-07 04:00:00+01:00,,,,,,,,,,,,,,51.712488,77.568732,1.00E-06,1.00E-06,,
sc01,01-07 05:00:00+01:00,,,,,,,,,,,,,,43.565544,65.348316,1.00E-06,1.00E-06,,
sc01,01-07 06:00:00+01:00,,,,,,,,,,,,,,47.075688,70.613532,1.00E-06,1.00E-06,,
sc01,01-07 07:00:00+01:00,,,,,,,,,,,,,,63.448344,95.172516,0.026115,0.01741,,
sc01,01-07 08:00:00+01:00,,,,,,,,,,,,,,84.47472,126.71208,0.296685,0.19779,,
sc01,01-07 09:00:00+01:00,,,,,,,,,,,,,,79.473672,119.210508,5.73813,3.82542,,
sc01,01-07 10:00:00+01:00,,,,,,,,,,,,,,50.333112,75.499668,15.7989,10.5326,,
sc01,01-07 11:00:00+01:00,,,,,,,,,,,,,,32.678568,49.017852,24.959835,16.63989,,
sc01,01-07 12:00:00+01:00,,,,,,,,,,,,,,26.931456,40.397184,31.32882,20.88588,,
sc01,01-07 13:00:00+01:00,,,,,,,,,,,,,,23.192424,34.788636,34.383105,22.92207,,
sc01,01-07 14:00:00+01:00,,,,,,,,,,,,,,20.16468,30.24702,33.611145,22.40743,,
sc01,01-07 15:00:00+01:00,,,,,,,,,,,,,,18.154656,27.231984,28.784505,19.18967,,
sc01,01-07 16:00:00+01:00,,,,,,,,,,,,,,19.761696,29.642544,17.988405,11.99227,,
sc01,01-07 17:00:00+01:00,,,,,,,,,,,,,,28.281384,42.422076,4.289925,2.85995,,
sc01,01-07 18:00:00+01:00,,,,,,,,,,,,,,47.159352,70.739028,0.03111,0.02074,,
sc01,01-07 19:00:00+01:00,,,,,,,,,,,,,,54.919728,82.379592,1.00E-06,1.00E-06,,
sc01,01-07 20:00:00+01:00,,,,,,,,,,,,,,57.624048,86.436072,1.00E-06,1.00E-06,,
sc01,01-07 21:00:00+01:00,,,,,,,,,,,,,,53.829864,80.744796,1.00E-06,1.00E-06,,
sc01,01-07 22:00:00+01:00,,,,,,,,,,,,,,58.132224,87.198336,1.00E-06,1.00E-06,,
sc01,01-07 23:00:00+01:00,,,,,,,,,,,,,,60.487344,90.731016,1.00E-06,1.00E-06,,
sc02,01-01 00:00:00+01:00,,,,,,,,,,,,,,301.584,452.376,1.00E-06,1.00E-06,,
sc02,01-01 01:00:00+01:00,,,,,,,,,,,,,,277.834752,416.752128,1.00E-06,1.00E-06,,
sc02,01-01 02:00:00+01:00,,,,,,,,,,,,,,257.699088,386.548632,1.00E-06,1.00E-06,,
sc02,01-01 03:00:00+01:00,,,,,,,,,,,,,,247.231488,370.847232,1.00E-06,1.00E-06,,
sc02,01-01 04:00:00+01:00,,,,,,,,,,,,,,232.1136,348.1704,1.00E-06,1.00E-06,,
sc02,01-01 05:00:00+01:00,,,,,,,,,,,,,,215.89464,323.84196,1.00E-06,1.00E-06,,
sc02,01-01 06:00:00+01:00,,,,,,,,,,,,,,204.933456,307.400184,1.00E-06,1.00E-06,,
sc02,01-01 07:00:00+01:00,,,,,,,,,,,,,,185.964144,278.946216,0.02853,0.01902,,
sc02,01-01 08:00:00+01:00,,,,,,,,,,,,,,168.37416,252.56124,0.53832,0.35888,,
sc02,01-01 09:00:00+01:00,,,,,,,,,,,,,,142.051776,213.077664,11.772495,7.84833,,
sc02,01-01 10:00:00+01:00,,,,,,,,,,,,,,124.811232,187.216848,29.815695,19.87713,,
sc02,01-01 11:00:00+01:00,,,,,,,,,,,,,,128.945808,193.418712,40.871895,27.24793,,
sc02,01-01 12:00:00+01:00,,,,,,,,,,,,,,135.613872,203.420808,45.92964,30.61976,,
sc02,01-01 13:00:00+01:00,,,,,,,,,,,,,,137.559216,206.338824,46.602285,31.06819,,
sc02,01-01 14:00:00+01:00,,,,,,,,,,,,,,138.469824,207.704736,44.12493,29.41662,,
sc02,01-01 15:00:00+01:00,,,,,,,,,,,,,,127.197024,190.795536,37.14279,24.76186,,
sc02,01-01 16:00:00+01:00,,,,,,,,,,,,,,120.315408,180.473112,22.91571,15.27714,,
sc02,01-01 17:00:00+01:00,,,,,,,,,,,,,,127.58016,191.37024,5.17509,3.45006,,
sc02,01-01 18:00:00+01:00,,,,,,,,,,,,,,130.57656,195.86484,0.024075,0.01605,,
sc02,01-01 19:00:00+01:00,,,,,,,,,,,,,,137.595504,206.393256,1.00E-06,1.00E-06,,
sc02,01-01 20:00:00+01:00,,,,,,,,,,,,,,146.862432,220.293648,1.00E-06,1.00E-06,,
sc02,01-01 21:00:00+01:00,,,,,,,,,,,,,,159.120576,238.680864,1.00E-06,1.00E-06,,
sc02,01-01 22:00:00+01:00,,,,,,,,,,,,,,165.255984,247.883976,1.00E-06,1.00E-06,,
sc02,01-01 23:00:00+01:00,,,,,,,,,,,,,,165.844704,248.767056,1.00E-06,1.00E-06,,
sc02,01-02 00:00:00+01:00,,,,,,,,,,,,,,158.29992,237.44988,1.00E-06,1.00E-06,,
sc02,01-02 01:00:00+01:00,,,,,,,,,,,,,,145.020912,217.531368,1.00E-06,1.00E-06,,
sc02,01-02 02:00:00+01:00,,,,,,,,,,,,,,141.744096,212.616144,1.00E-06,1.00E-06,,
sc02,01-02 03:00:00+01:00,,,,,,,,,,,,,,132.897312,199.345968,1.00E-06,1.00E-06,,
sc02,01-02 04:00:00+01:00,,,,,,,,,,,,,,138.180624,207.270936,1.00E-06,1.00E-06,,
sc02,01-02 05:00:00+01:00,,,,,,,,,,,,,,146.667648,220.001472,1.00E-06,1.00E-06,,
sc02,01-02 06:00:00+01:00,,,,,,,,,,,,,,147.860496,221.790744,1.00E-06,1.00E-06,,
sc02,01-02 07:00:00+01:00,,,,,,,,,,,,,,154.841952,232.262928,0.029295,0.01953,,
sc02,01-02 08:00:00+01:00,,,,,,,,,,,,,,145.624848,218.437272,0.65583,0.43722,,
sc02,01-02 09:00:00+01:00,,,,,,,,,,,,,,132.52296,198.78444,12.63789,8.42526,,
sc02,01-02 10:00:00+01:00,,,,,,,,,,,,,,106.523088,159.784632,30.12207,20.08138,,
sc02,01-02 11:00:00+01:00,,,,,,,,,,,,,,84.226512,126.339768,40.435785,26.95719,,
sc02,01-02 12:00:00+01:00,,,,,,,,,,,,,,68.425344,102.638016,44.65218,29.76812,,
sc02,01-02 13:00:00+01:00,,,,,,,,,,,,,,64.42536,96.63804,44.476395,29.65093,,
sc02,01-02 14:00:00+01:00,,,,,,,,,,,,,,64.212144,96.318216,40.98381,27.32254,,
sc02,01-02 15:00:00+01:00,,,,,,,,,,,,,,71.294928,106.942392,33.004545,22.00303,,
sc02,01-02 16:00:00+01:00,,,,,,,,,,,,,,79.321056,118.981584,19.19916,12.79944,,
sc02,01-02 17:00:00+01:00,,,,,,,,,,,,,,89.556672,134.335008,4.19826,2.79884,,
sc02,01-02 18:00:00+01:00,,,,,,,,,,,,,,89.69976,134.54964,0.02868,0.01912,,
sc02,01-02 19:00:00+01:00,,,,,,,,,,,,,,88.250352,132.375528,1.00E-06,1.00E-06,,
sc02,01-02 20:00:00+01:00,,,,,,,,,,,,,,83.276208,124.914312,1.00E-06,1.00E-06,,
sc02,01-02 21:00:00+01:00,,,,,,,,,,,,,,87.133872,130.700808,1.00E-06,1.00E-06,,
sc02,01-02 22:00:00+01:00,,,,,,,,,,,,,,94.648896,141.973344,1.00E-06,1.00E-06,,
sc02,01-02 23:00:00+01:00,,,,,,,,,,,,,,92.272608,138.408912,1.00E-06,1.00E-06,,
sc02,01-03 00:00:00+01:00,,,,,,,,,,,,,,89.448288,134.172432,1.00E-06,1.00E-06,,
sc02,01-03 01:00:00+01:00,,,,,,,,,,,,,,95.608848,143.413272,1.00E-06,1.00E-06,,
sc02,01-03 02:00:00+01:00,,,,,,,,,,,,,,107.38776,161.08164,1.00E-06,1.00E-06,,
sc02,01-03 03:00:00+01:00,,,,,,,,,,,,,,115.66968,173.50452,1.00E-06,1.00E-06,,
sc02,01-03 04:00:00+01:00,,,,,,,,,,,,,,125.683344,188.525016,1.00E-06,1.00E-06,,
sc02,01-03 05:00:00+01:00,,,,,,,,,,,,,,134.425104,201.637656,1.00E-06,1.00E-06,,
sc02,01-03 06:00:00+01:00,,,,,,,,,,,,,,146.458368,219.687552,1.00E-06,1.00E-06,,
sc02,01-03 07:00:00+01:00,,,,,,,,,,,,,,155.94024,233.91036,0.029355,0.01957,,
sc02,01-03 08:00:00+01:00,,,,,,,,,,,,,,158.535264,237.802896,0.641955,0.42797,,
sc02,01-03 09:00:00+01:00,,,,,,,,,,,,,,167.316528,250.974792,12.693255,8.46217,,
sc02,01-03 10:00:00+01:00,,,,,,,,,,,,,,164.181648,246.272472,31.49586,20.99724,,
sc02,01-03 11:00:00+01:00,,,,,,,,,,,,,,152.252208,228.378312,41.907825,27.93855,,
sc02,01-03 12:00:00+01:00,,,,,,,,,,,,,,141.245808,211.868712,45.951195,30.63413,,
sc02,01-03 13:00:00+01:00,,,,,,,,,,,,,,150.436368,225.654552,46.519995,31.01333,,
sc02,01-03 14:00:00+01:00,,,,,,,,,,,,,,163.374432,245.061648,43.987875,29.32525,,
sc02,01-03 15:00:00+01:00,,,,,,,,,,,,,,172.41576,258.62364,37.35291,24.90194,,
sc02,01-03 16:00:00+01:00,,,,,,,,,,,,,,185.002176,277.503264,23.38152,15.58768,,
sc02,01-03 17:00:00+01:00,,,,,,,,,,,,,,209.637888,314.456832,5.54145,3.6943,,
sc02,01-03 18:00:00+01:00,,,,,,,,,,,,,,229.484448,344.226672,0.031365,0.02091,,
sc02,01-03 19:00:00+01:00,,,,,,,,,,,,,,235.347264,353.020896,1.00E-06,1.00E-06,,
sc02,01-03 20:00:00+01:00,,,,,,,,,,,,,,240.76536,361.14804,1.00E-06,1.00E-06,,
sc02,01-03 21:00:00+01:00,,,,,,,,,,,,,,248.579616,372.869424,1.00E-06,1.00E-06,,
sc02,01-03 22:00:00+01:00,,,,,,,,,,,,,,244.84512,367.26768,1.00E-06,1.00E-06,,
sc02,01-03 23:00:00+01:00,,,,,,,,,,,,,,244.358592,366.537888,1.00E-06,1.00E-06,,
sc02,01-04 00:00:00+01:00,,,,,,,,,,,,,,248.132832,372.199248,1.00E-06,1.00E-06,,
sc02,01-04 01:00:00+01:00,,,,,,,,,,,,,,240.490704,360.736056,1.00E-06,1.00E-06,,
sc02,01-04 02:00:00+01:00,,,,,,,,,,,,,,243.312048,364.968072,1.00E-06,1.00E-06,,
sc02,01-04 03:00:00+01:00,,,,,,,,,,,,,,244.14288,366.21432,1.00E-06,1.00E-06,,
sc02,01-04 04:00:00+01:00,,,,,,,,,,,,,,250.587696,375.881544,1.00E-06,1.00E-06,,
sc02,01-04 05:00:00+01:00,,,,,,,,,,,,,,247.588608,371.382912,1.00E-06,1.00E-06,,
sc02,01-04 06:00:00+01:00,,,,,,,,,,,,,,249.57552,374.36328,1.00E-06,1.00E-06,,
sc02,01-04 07:00:00+01:00,,,,,,,,,,,,,,244.221552,366.332328,0.028965,0.01931,,
sc02,01-04 08:00:00+01:00,,,,,,,,,,,,,,238.234752,357.352128,0.59367,0.39578,,
sc02,01-04 09:00:00+01:00,,,,,,,,,,,,,,224.808288,337.212432,12.02574,8.01716,,
sc02,01-04 10:00:00+01:00,,,,,,,,,,,,,,207.084,310.626,30.16707,20.11138,,
sc02,01-04 11:00:00+01:00,,,,,,,,,,,,,,192.006768,288.010152,40.713225,27.14215,,
sc02,01-04 12:00:00+01:00,,,,,,,,,,,,,,183.365904,275.048856,45.217425,30.14495,,
sc02,01-04 13:00:00+01:00,,,,,,,,,,,,,,177.301632,265.952448,45.813375,30.54225,,
sc02,01-04 14:00:00+01:00,,,,,,,,,,,,,,171.033168,256.549752,43.371225,28.91415,,
sc02,01-04 15:00:00+01:00,,,,,,,,,,,,,,163.936704,245.905056,36.907185,24.60479,,
sc02,01-04 16:00:00+01:00,,,,,,,,,,,,,,155.398848,233.098272,23.264265,15.50951,,
sc02,01-04 17:00:00+01:00,,,,,,,,,,,,,,157.000848,235.501272,5.61933,3.74622,,
sc02,01-04 18:00:00+01:00,,,,,,,,,,,,,,176.053488,264.080232,0.03717,0.02478,,
sc02,01-04 19:00:00+01:00,,,,,,,,,,,,,,180.418944,270.628416,1.00E-06,1.00E-06,,
sc02,01-04 20:00:00+01:00,,,,,,,,,,,,,,171.007824,256.511736,1.00E-06,1.00E-06,,
sc02,01-04 21:00:00+01:00,,,,,,,,,,,,,,150.68904,226.03356,1.00E-06,1.00E-06,,
sc02,01-04 22:00:00+01:00,,,,,,,,,,,,,,128.188992,192.283488,1.00E-06,1.00E-06,,
sc02,01-04 23:00:00+01:00,,,,,,,,,,,,,,96.05712,144.08568,1.00E-06,1.00E-06,,
sc02,01-05 00:00:00+01:00,,,,,,,,,,,,,,72.500928,108.751392,1.00E-06,1.00E-06,,
sc02,01-05 01:00:00+01:00,,,,,,,,,,,,,,57.996192,86.994288,1.00E-06,1.00E-06,,
sc02,01-05 02:00:00+01:00,,,,,,,,,,,,,,53.952192,80.928288,1.00E-06,1.00E-06,,
sc02,01-05 03:00:00+01:00,,,,,,,,,,,,,,54.068064,81.102096,1.00E-06,1.00E-06,,
sc02,01-05 04:00:00+01:00,,,,,,,,,,,,,,51.194592,76.791888,1.00E-06,1.00E-06,,
sc02,01-05 05:00:00+01:00,,,,,,,,,,,,,,48.6984,73.0476,1.00E-06,1.00E-06,,
sc02,01-05 06:00:00+01:00,,,,,,,,,,,,,,57.163776,85.745664,1.00E-06,1.00E-06,,
sc02,01-05 07:00:00+01:00,,,,,,,,,,,,,,66.26808,99.40212,0.028485,0.01899,,
sc02,01-05 08:00:00+01:00,,,,,,,,,,,,,,75.829872,113.744808,0.520365,0.34691,,
sc02,01-05 09:00:00+01:00,,,,,,,,,,,,,,76.707072,115.060608,10.418475,6.94565,,
sc02,01-05 10:00:00+01:00,,,,,,,,,,,,,,70.761936,106.142904,26.335545,17.55703,,
sc02,01-05 11:00:00+01:00,,,,,,,,,,,,,,62.651808,93.977712,35.618745,23.74583,,
sc02,01-05 12:00:00+01:00,,,,,,,,,,,,,,58.069248,87.103872,39.994665,26.66311,,
sc02,01-05 13:00:00+01:00,,,,,,,,,,,,,,59.994048,89.991072,41.348445,27.56563,,
sc02,01-05 14:00:00+01:00,,,,,,,,,,,,,,63.005136,94.507704,39.72024,26.48016,,
sc02,01-05 15:00:00+01:00,,,,,,,,,,,,,,62.872224,94.308336,34.190925,22.79395,,
sc02,01-05 16:00:00+01:00,,,,,,,,,,,,,,63.752592,95.628888,21.65094,14.43396,,
sc02,01-05 17:00:00+01:00,,,,,,,,,,,,,,67.26456,100.89684,5.187135,3.45809,,
sc02,01-05 18:00:00+01:00,,,,,,,,,,,,,,77.643072,116.464608,0.029895,0.01993,,
sc02,01-05 19:00:00+01:00,,,,,,,,,,,,,,84.306,126.459,1.00E-06,1.00E-06,,
sc02,01-05 20:00:00+01:00,,,,,,,,,,,,,,83.215344,124.823016,1.00E-06,1.00E-06,,
sc02,01-05 21:00:00+01:00,,,,,,,,,,,,,,82.324464,123.486696,1.00E-06,1.00E-06,,
sc02,01-05 22:00:00+01:00,,,,,,,,,,,,,,87.807408,131.711112,1.00E-06,1.00E-06,,
sc02,01-05 23:00:00+01:00,,,,,,,,,,,,,,101.187792,151.781688,1.00E-06,1.00E-06,,
sc02,01-06 00:00:00+01:00,,,,,,,,,,,,,,113.4552,170.1828,1.00E-06,1.00E-06,,
sc02,01-06 01:00:00+01:00,,,,,,,,,,,,,,129.048048,193.572072,1.00E-06,1.00E-06,,
sc02,01-06 02:00:00+01:00,,,,,,,,,,,,,,134.75496,202.13244,1.00E-06,1.00E-06,,
sc02,01-06 03:00:00+01:00,,,,,,,,,,,,,,143.988144,215.982216,1.00E-06,1.00E-06,,
sc02,01-06 04:00:00+01:00,,,,,,,,,,,,,,153.897696,230.846544,1.00E-06,1.00E-06,,
sc02,01-06 05:00:00+01:00,,,,,,,,,,,,,,157.729056,236.593584,1.00E-06,1.00E-06,,
sc02,01-06 06:00:00+01:00,,,,,,,,,,,,,,161.86176,242.79264,1.00E-06,1.00E-06,,
sc02,01-06 07:00:00+01:00,,,,,,,,,,,,,,157.71072,236.56608,0.0282,0.0188,,
sc02,01-06 08:00:00+01:00,,,,,,,,,,,,,,158.747856,238.121784,0.501675,0.33445,,
sc02,01-06 09:00:00+01:00,,,,,,,,,,,,,,151.7088,227.5632,7.620225,5.08015,,
sc02,01-06 10:00:00+01:00,,,,,,,,,,,,,,120.049776,180.074664,20.22069,13.48046,,
sc02,01-06 11:00:00+01:00,,,,,,,,,,,,,,94.001376,141.002064,28.02396,18.68264,,
sc02,01-06 12:00:00+01:00,,,,,,,,,,,,,,82.115424,123.173136,31.23405,20.8227,,
sc02,01-06 13:00:00+01:00,,,,,,,,,,,,,,82.522224,123.783336,32.739165,21.82611,,
sc02,01-06 14:00:00+01:00,,,,,,,,,,,,,,86.374464,129.561696,32.044995,21.36333,,
sc02,01-06 15:00:00+01:00,,,,,,,,,,,,,,80.604528,120.906792,27.730395,18.48693,,
sc02,01-06 16:00:00+01:00,,,,,,,,,,,,,,77.006928,115.510392,17.096505,11.39767,,
sc02,01-06 17:00:00+01:00,,,,,,,,,,,,,,71.492544,107.238816,3.83139,2.55426,,
sc02,01-06 18:00:00+01:00,,,,,,,,,,,,,,77.329488,115.994232,0.028755,0.01917,,
sc02,01-06 19:00:00+01:00,,,,,,,,,,,,,,90.285024,135.427536,1.00E-06,1.00E-06,,
sc02,01-06 20:00:00+01:00,,,,,,,,,,,,,,109.893024,164.839536,1.00E-06,1.00E-06,,
sc02,01-06 21:00:00+01:00,,,,,,,,,,,,,,125.319792,187.979688,1.00E-06,1.00E-06,,
sc02,01-06 22:00:00+01:00,,,,,,,,,,,,,,124.459392,186.689088,1.00E-06,1.00E-06,,
sc02,01-06 23:00:00+01:00,,,,,,,,,,,,,,122.0388,183.0582,1.00E-06,1.00E-06,,
sc02,01-07 00:00:00+01:00,,,,,,,,,,,,,,111.629952,167.444928,1.00E-06,1.00E-06,,
sc02,01-07 01:00:00+01:00,,,,,,,,,,,,,,92.168592,138.252888,1.00E-06,1.00E-06,,
sc02,01-07 02:00:00+01:00,,,,,,,,,,,,,,71.435088,107.152632,1.00E-06,1.00E-06,,
sc02,01-07 03:00:00+01:00,,,,,,,,,,,,,,50.05296,75.07944,1.00E-06,1.00E-06,,
sc02,01-07 04:00:00+01:00,,,,,,,,,,,,,,34.474992,51.712488,1.00E-06,1.00E-06,,
sc02,01-07 05:00:00+01:00,,,,,,,,,,,,,,29.043696,43.565544,1.00E-06,1.00E-06,,
sc02,01-07 06:00:00+01:00,,,,,,,,,,,,,,31.383792,47.075688,1.00E-06,1.00E-06,,
sc02,01-07 07:00:00+01:00,,,,,,,,,,,,,,42.298896,63.448344,0.026115,0.01741,,
sc02,01-07 08:00:00+01:00,,,,,,,,,,,,,,56.31648,84.47472,0.296685,0.19779,,
sc02,01-07 09:00:00+01:00,,,,,,,,,,,,,,52.982448,79.473672,5.73813,3.82542,,
sc02,01-07 10:00:00+01:00,,,,,,,,,,,,,,33.555408,50.333112,15.7989,10.5326,,
sc02,01-07 11:00:00+01:00,,,,,,,,,,,,,,21.785712,32.678568,24.959835,16.63989,,
sc02,01-07 12:00:00+01:00,,,,,,,,,,,,,,17.954304,26.931456,31.32882,20.88588,,
sc02,01-07 13:00:00+01:00,,,,,,,,,,,,,,15.461616,23.192424,34.383105,22.92207,,
sc02,01-07 14:00:00+01:00,,,,,,,,,,,,,,13.44312,20.16468,33.611145,22.40743,,
sc02,01-07 15:00:00+01:00,,,,,,,,,,,,,,12.103104,18.154656,28.784505,19.18967,,
sc02,01-07 16:00:00+01:00,,,,,,,,,,,,,,13.174464,19.761696,17.988405,11.99227,,
sc02,01-07 17:00:00+01:00,,,,,,,,,,,,,,18.854256,28.281384,4.289925,2.85995,,
sc02,01-07 18:00:00+01:00,,,,,,,,,,,,,,31.439568,47.159352,0.03111,0.02074,,
sc02,01-07 19:00:00+01:00,,,,,,,,,,,,,,36.613152,54.919728,1.00E-06,1.00E-06,,
sc02,01-07 20:00:00+01:00,,,,,,,,,,,,,,38.416032,57.624048,1.00E-06,1.00E-06,,
sc02,01-07 21:00:00+01:00,,,,,,,,,,,,,,35.886576,53.829864,1.00E-06,1.00E-06,,
sc02,01-07 22:00:00+01:00,,,,,,,,,,,,,,38.754816,58.132224,1.00E-06,1.00E-06,,
sc02,01-07 23:00:00+01:00,,,,,,,,,,,,,,40.324896,60.487344,1.00E-06,1.00E-06,,
sc03,01-01 00:00:00+01:00,,,,,,,,,,,,,,376.98,565.47,1.00E-06,1.00E-06,,
sc03,01-01 01:00:00+01:00,,,,,,,,,,,,,,347.29344,520.94016,1.00E-06,1.00E-06,,
sc03,01-01 02:00:00+01:00,,,,,,,,,,,,,,322.12386,483.18579,1.00E-06,1.00E-06,,
sc03,01-01 03:00:00+01:00,,,,,,,,,,,,,,309.03936,463.55904,1.00E-06,1.00E-06,,
sc03,01-01 04:00:00+01:00,,,,,,,,,,,,,,290.142,435.213,1.00E-06,1.00E-06,,
sc03,01-01 05:00:00+01:00,,,,,,,,,,,,,,269.8683,404.80245,1.00E-06,1.00E-06,,
sc03,01-01 06:00:00+01:00,,,,,,,,,,,,,,256.16682,384.25023,1.00E-06,1.00E-06,,
sc03,01-01 07:00:00+01:00,,,,,,,,,,,,,,232.45518,348.68277,0.02853,0.01902,,
sc03,01-01 08:00:00+01:00,,,,,,,,,,,,,,210.4677,315.70155,0.53832,0.35888,,
sc03,01-01 09:00:00+01:00,,,,,,,,,,,,,,177.56472,266.34708,11.772495,7.84833,,
sc03,01-01 10:00:00+01:00,,,,,,,,,,,,,,156.01404,234.02106,29.815695,19.87713,,
sc03,01-01 11:00:00+01:00,,,,,,,,,,,,,,161.18226,241.77339,40.871895,27.24793,,
sc03,01-01 12:00:00+01:00,,,,,,,,,,,,,,169.51734,254.27601,45.92964,30.61976,,
sc03,01-01 13:00:00+01:00,,,,,,,,,,,,,,171.94902,257.92353,46.602285,31.06819,,
sc03,01-01 14:00:00+01:00,,,,,,,,,,,,,,173.08728,259.63092,44.12493,29.41662,,
sc03,01-01 15:00:00+01:00,,,,,,,,,,,,,,158.99628,238.49442,37.14279,24.76186,,
sc03,01-01 16:00:00+01:00,,,,,,,,,,,,,,150.39426,225.59139,22.91571,15.27714,,
sc03,01-01 17:00:00+01:00,,,,,,,,,,,,,,159.4752,239.2128,5.17509,3.45006,,
sc03,01-01 18:00:00+01:00,,,,,,,,,,,,,,163.2207,244.83105,0.024075,0.01605,,
sc03,01-01 19:00:00+01:00,,,,,,,,,,,,,,171.99438,257.99157,1.00E-06,1.00E-06,,
sc03,01-01 20:00:00+01:00,,,,,,,,,,,,,,183.57804,275.36706,1.00E-06,1.00E-06,,
sc03,01-01 21:00:00+01:00,,,,,,,,,,,,,,198.90072,298.35108,1.00E-06,1.00E-06,,
sc03,01-01 22:00:00+01:00,,,,,,,,,,,,,,206.56998,309.85497,1.00E-06,1.00E-06,,
sc03,01-01 23:00:00+01:00,,,,,,,,,,,,,,207.30588,310.95882,1.00E-06,1.00E-06,,
sc03,01-02 00:00:00+01:00,,,,,,,,,,,,,,197.8749,296.81235,1.00E-06,1.00E-06,,
sc03,01-02 01:00:00+01:00,,,,,,,,,,,,,,181.27614,271.91421,1.00E-06,1.00E-06,,
sc03,01-02 02:00:00+01:00,,,,,,,,,,,,,,177.18012,265.77018,1.00E-06,1.00E-06,,
sc03,01-02 03:00:00+01:00,,,,,,,,,,,,,,166.12164,249.18246,1.00E-06,1.00E-06,,
sc03,01-02 04:00:00+01:00,,,,,,,,,,,,,,172.72578,259.08867,1.00E-06,1.00E-06,,
sc03,01-02 05:00:00+01:00,,,,,,,,,,,,,,183.33456,275.00184,1.00E-06,1.00E-06,,
sc03,01-02 06:00:00+01:00,,,,,,,,,,,,,,184.82562,277.23843,1.00E-06,1.00E-06,,
sc03,01-02 07:00:00+01:00,,,,,,,,,,,,,,193.55244,290.32866,0.029295,0.01953,,
sc03,01-02 08:00:00+01:00,,,,,,,,,,,,,,182.03106,273.04659,0.65583,0.43722,,
sc03,01-02 09:00:00+01:00,,,,,,,,,,,,,,165.6537,248.48055,12.63789,8.42526,,
sc03,01-02 10:00:00+01:00,,,,,,,,,,,,,,133.15386,199.73079,30.12207,20.08138,,
sc03,01-02 11:00:00+01:00,,,,,,,,,,,,,,105.28314,157.92471,40.435785,26.95719,,
sc03,01-02 12:00:00+01:00,,,,,,,,,,,,,,85.53168,128.29752,44.65218,29.76812,,
sc03,01-02 13:00:00+01:00,,,,,,,,,,,,,,80.5317,120.79755,44.476395,29.65093,,
sc03,01-02 14:00:00+01:00,,,,,,,,,,,,,,80.26518,120.39777,40.98381,27.32254,,
sc03,01-02 15:00:00+01:00,,,,,,,,,,,,,,89.11866,133.67799,33.004545,22.00303,,
sc03,01-02 16:00:00+01:00,,,,,,,,,,,,,,99.15132,148.72698,19.19916,12.79944,,
sc03,01-02 17:00:00+01:00,,,,,,,,,,,,,,111.94584,167.91876,4.19826,2.79884,,
sc03,01-02 18:00:00+01:00,,,,,,,,,,,,,,112.1247,168.18705,0.02868,0.01912,,
sc03,01-02 19:00:00+01:00,,,,,,,,,,,,,,110.31294,165.46941,1.00E-06,1.00E-06,,
sc03,01-02 20:00:00+01:00,,,,,,,,,,,,,,104.09526,156.14289,1.00E-06,1.00E-06,,
sc03,01-02 21:00:00+01:00,,,,,,,,,,,,,,108.91734,163.37601,1.00E-06,1.00E-06,,
sc03,01-02 22:00:00+01:00,,,,,,,,,,,,,,118.31112,177.46668,1.00E-06,1.00E-06,,
sc03,01-02 23:00:00+01:00,,,,,,,,,,,,,,115.34076,173.01114,1.00E-06,1.00E-06,,
sc03,01-03 00:00:00+01:00,,,,,,,,,,,,,,111.81036,167.71554,1.00E-06,1.00E-06,,
sc03,01-03 01:00:00+01:00,,,,,,,,,,,,,,119.51106,179.26659,1.00E-06,1.00E-06,,
sc03,01-03 02:00:00+01:00,,,,,,,,,,,,,,134.2347,201.35205,1.00E-06,1.00E-06,,
sc03,01-03 03:00:00+01:00,,,,,,,,,,,,,,144.5871,216.88065,1.00E-06,1.00E-06,,
sc03,01-03 04:00:00+01:00,,,,,,,,,,,,,,157.10418,235.65627,1.00E-06,1.00E-06,,
sc03,01-03 05:00:00+01:00,,,,,,,,,,,,,,168.03138,252.04707,1.00E-06,1.00E-06,,
sc03,01-03 06:00:00+01:00,,,,,,,,,,,,,,183.07296,274.60944,1.00E-06,1.00E-06,,
sc03,01-03 07:00:00+01:00,,,,,,,,,,,,,,194.9253,292.38795,0.029355,0.01957,,
sc03,01-03 08:00:00+01:00,,,,,,,,,,,,,,198.16908,297.25362,0.641955,0.42797,,
sc03,01-03 09:00:00+01:00,,,,,,,,,,,,,,209.14566,313.71849,12.693255,8.46217,,
sc03,01-03 10:00:00+01:00,,,,,,,,,,,,,,205.22706,307.84059,31.49586,20.99724,,
sc03,01-03 11:00:00+01:00,,,,,,,,,,,,,,190.31526,285.47289,41.907825,27.93855,,
sc03,01-03 12:00:00+01:00,,,,,,,,,,,,,,176.55726,264.83589,45.951195,30.63413,,
sc03,01-03 13:00:00+01:00,,,,,,,,,,,,,,188.04546,282.06819,46.519995,31.01333,,
sc03,01-03 14:00:00+01:00,,,,,,,,,,,,,,204.21804,306.32706,43.987875,29.32525,,
sc03,01-03 15:00:00+01:00,,,,,,,,,,,,,,215.5197,323.27955,37.35291,24.90194,,
sc03,01-03 16:00:00+01:00,,,,,,,,,,,,,,231.25272,346.87908,23.38152,15.58768,,
sc03,01-03 17:00:00+01:00,,,,,,,,,,,,,,262.04736,393.07104,5.54145,3.6943,,
sc03,01-03 18:00:00+01:00,,,,,,,,,,,,,,286.85556,430.28334,0.031365,0.02091,,
sc03,01-03 19:00:00+01:00,,,,,,,,,,,,,,294.18408,441.27612,1.00E-06,1.00E-06,,
sc03,01-03 20:00:00+01:00,,,,,,,,,,,,,,300.9567,451.43505,1.00E-06,1.00E-06,,
sc03,01-03 21:00:00+01:00,,,,,,,,,,,,,,310.72452,466.08678,1.00E-06,1.00E-06,,
sc03,01-03 22:00:00+01:00,,,,,,,,,,,,,,306.0564,459.0846,1.00E-06,1.00E-06,,
sc03,01-03 23:00:00+01:00,,,,,,,,,,,,,,305.44824,458.17236,1.00E-06,1.00E-06,,
sc03,01-04 00:00:00+01:00,,,,,,,,,,,,,,310.16604,465.24906,1.00E-06,1.00E-06,,
sc03,01-04 01:00:00+01:00,,,,,,,,,,,,,,300.61338,450.92007,1.00E-06,1.00E-06,,
sc03,01-04 02:00:00+01:00,,,,,,,,,,,,,,304.14006,456.21009,1.00E-06,1.00E-06,,
sc03,01-04 03:00:00+01:00,,,,,,,,,,,,,,305.1786,457.7679,1.00E-06,1.00E-06,,
sc03,01-04 04:00:00+01:00,,,,,,,,,,,,,,313.23462,469.85193,1.00E-06,1.00E-06,,
sc03,01-04 05:00:00+01:00,,,,,,,,,,,,,,309.48576,464.22864,1.00E-06,1.00E-06,,
sc03,01-04 06:00:00+01:00,,,,,,,,,,,,,,311.9694,467.9541,1.00E-06,1.00E-06,,
sc03,01-04 07:00:00+01:00,,,,,,,,,,,,,,305.27694,457.91541,0.028965,0.01931,,
sc03,01-04 08:00:00+01:00,,,,,,,,,,,,,,297.79344,446.69016,0.59367,0.39578,,
sc03,01-04 09:00:00+01:00,,,,,,,,,,,,,,281.01036,421.51554,12.02574,8.01716,,
sc03,01-04 10:00:00+01:00,,,,,,,,,,,,,,258.855,388.2825,30.16707,20.11138,,
sc03,01-04 11:00:00+01:00,,,,,,,,,,,,,,240.00846,360.01269,40.713225,27.14215,,
sc03,01-04 12:00:00+01:00,,,,,,,,,,,,,,229.20738,343.81107,45.217425,30.14495,,
sc03,01-04 13:00:00+01:00,,,,,,,,,,,,,,221.62704,332.44056,45.813375,30.54225,,
sc03,01-04 14:00:00+01:00,,,,,,,,,,,,,,213.79146,320.68719,43.371225,28.91415,,
sc03,01-04 15:00:00+01:00,,,,,,,,,,,,,,204.92088,307.38132,36.907185,24.60479,,
sc03,01-04 16:00:00+01:00,,,,,,,,,,,,,,194.24856,291.37284,23.264265,15.50951,,
sc03,01-04 17:00:00+01:00,,,,,,,,,,,,,,196.25106,294.37659,5.61933,3.74622,,
sc03,01-04 18:00:00+01:00,,,,,,,,,,,,,,220.06686,330.10029,0.03717,0.02478,,
sc03,01-04 19:00:00+01:00,,,,,,,,,,,,,,225.52368,338.28552,1.00E-06,1.00E-06,,
sc03,01-04 20:00:00+01:00,,,,,,,,,,,,,,213.75978,320.63967,1.00E-06,1.00E-06,,
sc03,01-04 21:00:00+01:00,,,,,,,,,,,,,,188.3613,282.54195,1.00E-06,1.00E-06,,
sc03,01-04 22:00:00+01:00,,,,,,,,,,,,,,160.23624,240.35436,1.00E-06,1.00E-06,,
sc03,01-04 23:00:00+01:00,,,,,,,,,,,,,,120.0714,180.1071,1.00E-06,1.00E-06,,
sc03,01-05 00:00:00+01:00,,,,,,,,,,,,,,90.62616,135.93924,1.00E-06,1.00E-06,,
sc03,01-05 01:00:00+01:00,,,,,,,,,,,,,,72.49524,108.74286,1.00E-06,1.00E-06,,
sc03,01-05 02:00:00+01:00,,,,,,,,,,,,,,67.44024,101.16036,1.00E-06,1.00E-06,,
sc03,01-05 03:00:00+01:00,,,,,,,,,,,,,,67.58508,101.37762,1.00E-06,1.00E-06,,
sc03,01-05 04:00:00+01:00,,,,,,,,,,,,,,63.99324,95.98986,1.00E-06,1.00E-06,,
sc03,01-05 05:00:00+01:00,,,,,,,,,,,,,,60.873,91.3095,1.00E-06,1.00E-06,,
sc03,01-05 06:00:00+01:00,,,,,,,,,,,,,,71.45472,107.18208,1.00E-06,1.00E-06,,
sc03,01-05 07:00:00+01:00,,,,,,,,,,,,,,82.8351,124.25265,0.028485,0.01899,,
sc03,01-05 08:00:00+01:00,,,,,,,,,,,,,,94.78734,142.18101,0.520365,0.34691,,
sc03,01-05 09:00:00+01:00,,,,,,,,,,,,,,95.88384,143.82576,10.418475,6.94565,,
sc03,01-05 10:00:00+01:00,,,,,,,,,,,,,,88.45242,132.67863,26.335545,17.55703,,
sc03,01-05 11:00:00+01:00,,,,,,,,,,,,,,78.31476,117.47214,35.618745,23.74583,,
sc03,01-05 12:00:00+01:00,,,,,,,,,,,,,,72.58656,108.87984,39.994665,26.66311,,
sc03,01-05 13:00:00+01:00,,,,,,,,,,,,,,74.99256,112.48884,41.348445,27.56563,,
sc03,01-05 14:00:00+01:00,,,,,,,,,,,,,,78.75642,118.13463,39.72024,26.48016,,
sc03,01-05 15:00:00+01:00,,,,,,,,,,,,,,78.59028,117.88542,34.190925,22.79395,,
sc03,01-05 16:00:00+01:00,,,,,,,,,,,,,,79.69074,119.53611,21.65094,14.43396,,
sc03,01-05 17:00:00+01:00,,,,,,,,,,,,,,84.0807,126.12105,5.187135,3.45809,,
sc03,01-05 18:00:00+01:00,,,,,,,,,,,,,,97.05384,145.58076,0.029895,0.01993,,
sc03,01-05 19:00:00+01:00,,,,,,,,,,,,,,105.3825,158.07375,1.00E-06,1.00E-06,,
sc03,01-05 20:00:00+01:00,,,,,,,,,,,,,,104.01918,156.02877,1.00E-06,1.00E-06,,
sc03,01-05 21:00:00+01:00,,,,,,,,,,,,,,102.90558,154.35837,1.00E-06,1.00E-06,,
sc03,01-05 22:00:00+01:00,,,,,,,,,,,,,,109.75926,164.63889,1.00E-06,1.00E-06,,
sc03,01-05 23:00:00+01:00,,,,,,,,,,,,,,126.48474,189.72711,1.00E-06,1.00E-06,,
sc03,01-06 00:00:00+01:00,,,,,,,,,,,,,,141.819,212.7285,1.00E-06,1.00E-06,,
sc03,01-06 01:00:00+01:00,,,,,,,,,,,,,,161.31006,241.96509,1.00E-06,1.00E-06,,
sc03,01-06 02:00:00+01:00,,,,,,,,,,,,,,168.4437,252.66555,1.00E-06,1.00E-06,,
sc03,01-06 03:00:00+01:00,,,,,,,,,,,,,,179.98518,269.97777,1.00E-06,1.00E-06,,
sc03,01-06 04:00:00+01:00,,,,,,,,,,,,,,192.37212,288.55818,1.00E-06,1.00E-06,,
sc03,01-06 05:00:00+01:00,,,,,,,,,,,,,,197.16132,295.74198,1.00E-06,1.00E-06,,
sc03,01-06 06:00:00+01:00,,,,,,,,,,,,,,202.3272,303.4908,1.00E-06,1.00E-06,,
sc03,01-06 07:00:00+01:00,,,,,,,,,,,,,,197.1384,295.7076,0.0282,0.0188,,
sc03,01-06 08:00:00+01:00,,,,,,,,,,,,,,198.43482,297.65223,0.501675,0.33445,,
sc03,01-06 09:00:00+01:00,,,,,,,,,,,,,,189.636,284.454,7.620225,5.08015,,
sc03,01-06 10:00:00+01:00,,,,,,,,,,,,,,150.06222,225.09333,20.22069,13.48046,,
sc03,01-06 11:00:00+01:00,,,,,,,,,,,,,,117.50172,176.25258,28.02396,18.68264,,
sc03,01-06 12:00:00+01:00,,,,,,,,,,,,,,102.64428,153.96642,31.23405,20.8227,,
sc03,01-06 13:00:00+01:00,,,,,,,,,,,,,,103.15278,154.72917,32.739165,21.82611,,
sc03,01-06 14:00:00+01:00,,,,,,,,,,,,,,107.96808,161.95212,32.044995,21.36333,,
sc03,01-06 15:00:00+01:00,,,,,,,,,,,,,,100.75566,151.13349,27.730395,18.48693,,
sc03,01-06 16:00:00+01:00,,,,,,,,,,,,,,96.25866,144.38799,17.096505,11.39767,,
sc03,01-06 17:00:00+01:00,,,,,,,,,,,,,,89.36568,134.04852,3.83139,2.55426,,
sc03,01-06 18:00:00+01:00,,,,,,,,,,,,,,96.66186,144.99279,0.028755,0.01917,,
sc03,01-06 19:00:00+01:00,,,,,,,,,,,,,,112.85628,169.28442,1.00E-06,1.00E-06,,
sc03,01-06 20:00:00+01:00,,,,,,,,,,,,,,137.36628,206.04942,1.00E-06,1.00E-06,,
sc03,01-06 21:00:00+01:00,,,,,,,,,,,,,,156.64974,234.97461,1.00E-06,1.00E-06,,
sc03,01-06 22:00:00+01:00,,,,,,,,,,,,,,155.57424,233.36136,1.00E-06,1.00E-06,,
sc03,01-06 23:00:00+01:00,,,,,,,,,,,,,,152.5485,228.82275,1.00E-06,1.00E-06,,
sc03,01-07 00:00:00+01:00,,,,,,,,,,,,,,139.53744,209.30616,1.00E-06,1.00E-06,,
sc03,01-07 01:00:00+01:00,,,,,,,,,,,,,,115.21074,172.81611,1.00E-06,1.00E-06,,
sc03,01-07 02:00:00+01:00,,,,,,,,,,,,,,89.29386,133.94079,1.00E-06,1.00E-06,,
sc03,01-07 03:00:00+01:00,,,,,,,,,,,,,,62.5662,93.8493,1.00E-06,1.00E-06,,
sc03,01-07 04:00:00+01:00,,,,,,,,,,,,,,43.09374,64.64061,1.00E-06,1.00E-06,,
sc03,01-07 05:00:00+01:00,,,,,,,,,,,,,,36.30462,54.45693,1.00E-06,1.00E-06,,
sc03,01-07 06:00:00+01:00,,,,,,,,,,,,,,39.22974,58.84461,1.00E-06,1.00E-06,,
sc03,01-07 07:00:00+01:00,,,,,,,,,,,,,,52.87362,79.31043,0.026115,0.01741,,
sc03,01-07 08:00:00+01:00,,,,,,,,,,,,,,70.3956,105.5934,0.296685,0.19779,,
sc03,01-07 09:00:00+01:00,,,,,,,,,,,,,,66.22806,99.34209,5.73813,3.82542,,
sc03,01-07 10:00:00+01:00,,,,,,,,,,,,,,41.94426,62.91639,15.7989,10.5326,,
sc03,01-07 11:00:00+01:00,,,,,,,,,,,,,,27.23214,40.84821,24.959835,16.63989,,
sc03,01-07 12:00:00+01:00,,,,,,,,,,,,,,22.44288,33.66432,31.32882,20.88588,,
sc03,01-07 13:00:00+01:00,,,,,,,,,,,,,,19.32702,28.99053,34.383105,22.92207,,
sc03,01-07 14:00:00+01:00,,,,,,,,,,,,,,16.8039,25.20585,33.611145,22.40743,,
sc03,01-07 15:00:00+01:00,,,,,,,,,,,,,,15.12888,22.69332,28.784505,19.18967,,
sc03,01-07 16:00:00+01:00,,,,,,,,,,,,,,16.46808,24.70212,17.988405,11.99227,,
sc03,01-07 17:00:00+01:00,,,,,,,,,,,,,,23.56782,35.35173,4.289925,2.85995,,
sc03,01-07 18:00:00+01:00,,,,,,,,,,,,,,39.29946,58.94919,0.03111,0.02074,,
sc03,01-07 19:00:00+01:00,,,,,,,,,,,,,,45.76644,68.64966,1.00E-06,1.00E-06,,
sc03,01-07 20:00:00+01:00,,,,,,,,,,,,,,48.02004,72.03006,1.00E-06,1.00E-06,,
sc03,01-07 21:00:00+01:00,,,,,,,,,,,,,,44.85822,67.28733,1.00E-06,1.00E-06,,
sc03,01-07 22:00:00+01:00,,,,,,,,,,,,,,48.44352,72.66528,1.00E-06,1.00E-06,,
sc03,01-07 23:00:00+01:00,,,,,,,,,,,,,,50.40612,75.60918,1.00E-06,1.00E-06,,
