Scenario,LoadLevel,Battery,CCGT_1,CCGT_2,CCGT_3,CCGT_4,CCGT_5,CCGT_6,CCGT_7,CCGT_8,Nuclear_1,Nuclear_2,OCGT_1,PumpedHydro,SolarPV_1,SolarPV_2,StorageHydro,WindFarm_1,WindFarm_2
sc01,01-13 00:00:00+01:00,100.0,80.0,80.0,100.0,100.0,120.0,167.6282381999997,140.0,140.0,350.00000000000006,350.00000000000006,0.0,0.0,0.0,0.0,0.0,487.43205710000007,324.9547047
sc01,01-13 01:00:00+01:00,0.0,80.0,80.0,100.0,100.0,120.0,120.0,140.0,140.0,350.00000000000006,350.00000000000006,0.0,0.0,0.0,0.0,0.0,513.6514199,342.43428000000006
sc01,01-13 02:00:00+01:00,0.0,80.0,80.0,100.0,100.0,120.0,120.0,140.0,140.0,350.00000000000006,350.00000000000006,0.0,0.0,0.0,0.0,0.0,528.1971435,352.131429
sc01,01-13 03:00:00+01:00,0.0,80.0,80.0,100.0,100.0,120.0,120.0,140.0,140.0,350.00000000000006,350.00000000000006,0.0,0.0,0.0,0.0,0.0,542.5119612,361.6746408
sc01,01-13 04:00:00+01:00,0.0,80.0,80.0,100.0,100.0,120.0,120.0,140.0,140.0,350.00000000000006,350.00000000000006,0.0,0.0,0.0,0.0,0.0,565.5935935,377.0623957
sc01,01-13 05:00:00+01:00,0.0,80.0,80.0,100.0,100.0,120.0,120.0,140.0,140.0,350.00000000000006,350.00000000000006,0.0,0.0,0.0,0.0,0.0,533.3851617,355.5901078
sc01,01-13 06:00:00+01:00,0.0,80.0,80.0,100.0,100.0,204.32983429999962,300.0,140.0,140.0,350.00000000000006,350.00000000000006,0.0,0.0,0.0,0.0,0.0,507.48729940000004,338.32486630000005
sc01,01-13 07:00:00+01:00,0.0,200.0,80.0,100.0,100.0,300.0,300.0,339.7623413000001,140.0,350.00000000000006,350.00000000000006,0.0,0.0,0.0,0.0,0.0,469.8105952,313.2070635
sc01,01-13 08:00:00+01:00,0.0,200.0,80.0,250.0,100.0,300.0,300.0,350.00000000000006,341.7107711129998,350.00000000000006,350.00000000000006,0.0,0.0,7.178829412000001,4.785886275000001,0.0,431.7909079,287.8606053
sc01,01-13 09:00:00+01:00,0.0,200.0,133.01986134999973,250.0,100.0,300.0,300.0,350.00000000000006,350.00000000000006,350.00000000000006,350.00000000000006,0.0,0.0,125.19286870000002,83.46191245,0.0,378.8852145,252.59014300000004
sc01,01-13 10:00:00+01:00,0.0,200.0,80.0,214.71422720000004,100.0,300.0,300.0,350.00000000000006,140.0,350.00000000000006,350.00000000000006,0.0,0.0,373.1491578,248.7661052,0.0,343.8549059,229.2366039
sc01,01-13 11:00:00+01:00,0.0,200.0,80.0,100.0,100.0,300.0,300.0,270.4290511000002,140.0,350.00000000000006,350.00000000000006,0.0,0.0,516.5396773000001,344.3597848,0.0,325.3058921,216.8705947
sc01,01-13 12:00:00+01:00,0.0,200.0,80.0,100.0,100.0,300.0,300.0,152.4903610000003,140.0,350.00000000000006,350.00000000000006,0.0,0.0,563.2387392000002,375.4924928,0.0,318.8600442,212.5733628
sc01,01-13 13:00:00+01:00,0.0,80.0,80.0,100.0,100.0,229.3134280000001,300.0,140.0,140.0,350.00000000000006,350.00000000000006,0.0,0.0,618.2939191,412.19594610000007,0.0,307.7812241,205.1874827
sc01,01-13 14:00:00+01:00,0.0,80.0,80.0,100.0,100.0,120.0,233.47787189999968,140.0,140.0,350.00000000000006,350.00000000000006,0.0,0.0,657.6142405,438.4094937,0.0,318.0956363,212.0637576
sc01,01-13 15:00:00+01:00,0.0,80.0,80.0,100.0,100.0,120.0,247.61832269999994,140.0,140.0,350.00000000000006,350.00000000000006,0.0,0.0,642.0821228,428.0547485,0.0,319.1164836,212.7443224
sc01,01-13 16:00:00+01:00,0.0,200.0,80.0,100.0,100.0,300.0,300.0,202.09483519999955,140.0,350.00000000000006,350.00000000000006,0.0,0.0,489.22037270000004,326.1469151,0.0,301.0535262,200.7023508
sc01,01-13 17:00:00+01:00,27.091802659999303,200.0,200.0,250.0,250.0,300.0,300.0,350.00000000000006,350.00000000000006,350.00000000000006,350.00000000000006,0.0,0.0,143.8098434,95.87322894,0.0,279.826875,186.55125
sc01,01-13 18:00:00+01:00,100.0,200.0,200.0,250.0,250.0,300.0,300.0,350.00000000000006,350.00000000000006,350.00000000000006,350.00000000000006,0.0,0.0,3.834256159,2.556170773,318.99927186799914,275.5063807000001,183.6709205
sc01,01-13 19:00:00+01:00,72.9081973400007,200.0,200.0,250.0,250.0,300.0,300.0,350.00000000000006,350.00000000000006,350.00000000000006,350.00000000000006,0.0,0.0,0.0,0.0,391.04736935999836,286.81046,191.2069733
sc01,01-13 20:00:00+01:00,0.0,200.0,200.0,250.0,250.0,300.0,300.0,350.00000000000006,350.00000000000006,350.00000000000006,350.00000000000006,0.0,0.0,0.0,0.0,253.00545449999962,299.02232730000003,199.3482182
sc01,01-13 21:00:00+01:00,0.0,200.0,200.0,250.0,117.30409919999913,300.0,300.0,350.00000000000006,350.00000000000006,350.00000000000006,350.00000000000006,0.0,0.0,0.0,0.0,0.0,305.9537405,203.9691603
sc01,01-13 22:00:00+01:00,0.0,200.0,80.0,250.0,100.0,300.0,300.0,350.00000000000006,279.1713663999992,350.00000000000006,350.00000000000006,0.0,0.0,0.0,0.0,0.0,299.40938020000004,199.6062534
sc01,01-13 23:00:00+01:00,0.0,200.0,80.0,151.7388716999999,100.0,300.0,300.0,350.00000000000006,140.0,350.00000000000006,350.00000000000006,0.0,0.0,0.0,0.0,0.0,315.88987700000007,210.59325130000002
sc01,01-14 00:00:00+01:00,0.0,200.0,80.0,100.0,100.0,300.0,300.0,183.71955249999988,140.0,350.00000000000006,350.00000000000006,0.0,0.0,0.0,0.0,0.0,335.8760685,223.91737900000004
sc01,01-14 01:00:00+01:00,0.0,94.45345399999964,80.0,100.0,100.0,300.0,300.0,140.0,140.0,350.00000000000006,350.00000000000006,0.0,0.0,0.0,0.0,0.0,337.1049276,224.7366184
sc01,01-14 02:00:00+01:00,0.0,80.0,80.0,100.0,100.0,152.5659161999998,300.0,140.0,140.0,350.00000000000006,350.00000000000006,0.0,0.0,0.0,0.0,0.0,353.2980503,235.5320335
sc01,01-14 03:00:00+01:00,0.0,80.0,80.0,100.0,100.0,120.0,240.3209881999997,140.0,140.0,350.00000000000006,350.00000000000006,0.0,0.0,0.0,0.0,0.0,348.7572071,232.50480470000002
sc01,01-14 04:00:00+01:00,0.0,80.0,80.0,100.0,100.0,120.0,122.27667519999976,140.0,140.0,350.00000000000006,350.00000000000006,0.0,0.0,0.0,0.0,0.0,360.6217949,240.41452990000002
sc01,01-14 05:00:00+01:00,0.0,80.0,80.0,100.0,100.0,120.0,168.1773169999994,140.0,140.0,350.00000000000006,350.00000000000006,0.0,0.0,0.0,0.0,0.0,374.9908098,249.9938732
sc01,01-14 06:00:00+01:00,0.0,80.0,80.0,100.0,100.0,235.4080896999996,300.0,140.0,140.0,350.00000000000006,350.00000000000006,0.0,0.0,0.0,0.0,0.0,376.3139462,250.8759641
sc01,01-14 07:00:00+01:00,0.0,200.0,80.0,100.0,100.0,300.0,300.0,272.99741569999964,140.0,350.00000000000006,350.00000000000006,0.0,0.0,0.0,0.0,0.0,382.5993506,255.06623369999997
sc01,01-14 08:00:00+01:00,0.0,200.0,80.0,250.0,100.0,300.0,300.0,350.00000000000006,199.38469796799936,350.00000000000006,350.00000000000006,0.0,0.0,8.378678719,5.585785813,0.0,393.0491025,262.032735
sc01,01-14 09:00:00+01:00,0.0,200.0,80.0,183.9235016999999,100.0,300.0,300.0,350.00000000000006,140.0,350.00000000000006,350.00000000000006,0.0,0.0,175.0525764,116.7017176,0.0,402.7111226,268.4740817
sc01,01-14 10:00:00+01:00,0.0,80.0,80.0,100.0,100.0,296.7353949999999,300.0,140.0,140.0,350.00000000000006,350.00000000000006,0.0,0.0,448.9338396,299.2892264,0.0,402.3861234,268.2574156
sc01,01-14 11:00:00+01:00,0.0,80.0,80.0,100.0,100.0,129.3232428000003,300.0,140.0,140.0,350.00000000000006,350.00000000000006,0.0,0.0,571.2161426,380.8107617,0.0,400.85571170000003,267.23714120000005
sc01,01-14 12:00:00+01:00,0.0,80.0,80.0,100.0,100.0,120.0,204.71774949999954,140.0,140.0,350.00000000000006,350.00000000000006,0.0,0.0,618.2628694,412.1752463,0.0,410.1948809,273.4632539
sc01,01-14 13:00:00+01:00,0.0,80.0,80.0,100.0,100.0,120.0,120.0,140.0,140.0,350.00000000000006,350.00000000000006,0.0,0.0,639.6744706,426.449647,0.0,444.1654896,296.1103264
sc01,01-14 14:00:00+01:00,0.0,80.0,80.0,100.0,100.0,120.0,120.0,140.0,140.0,350.00000000000006,350.00000000000006,0.0,0.0,646.7578565000001,431.1719044,0.0,476.5926745,317.7284497
sc01,01-14 15:00:00+01:00,0.0,80.0,80.0,100.0,100.0,120.0,120.0,140.0,140.0,350.00000000000006,350.00000000000006,0.0,0.0,611.6814027,407.7876018,0.0,493.99771580000004,329.3318105
sc01,01-14 16:00:00+01:00,0.0,80.0,80.0,100.0,100.0,168.38124870000016,300.0,140.0,140.0,350.00000000000006,350.00000000000006,0.0,0.0,436.9369525,291.2913017,0.0,489.7598983,326.5065988
sc01,01-14 17:00:00+01:00,0.0,200.0,80.0,250.0,100.0,300.0,300.0,350.00000000000006,273.2098656799993,350.00000000000006,350.00000000000006,0.0,0.0,134.85299780000003,89.90199852,0.0,501.3954828,334.2636552
sc01,01-14 18:00:00+01:00,0.0,200.0,200.0,250.0,183.1637298029995,300.0,300.0,350.00000000000006,350.00000000000006,350.00000000000006,350.00000000000006,0.0,0.0,3.912492238,2.6083281590000005,0.0,569.5490699,379.6993799
sc01,01-14 19:00:00+01:00,32.02782281500055,200.0,200.0,250.0,162.69683858499906,300.0,300.0,350.00000000000006,350.00000000000006,350.00000000000006,350.00000000000006,0.0,0.0,0.0,0.0,0.0,626.7194032,417.8129354
sc01,01-14 20:00:00+01:00,0.0,200.0,160.21434949999988,250.0,100.0,300.0,300.0,350.00000000000006,350.00000000000006,350.00000000000006,350.00000000000006,0.0,0.0,0.0,0.0,0.0,639.3693903,426.2462602
sc01,01-14 21:00:00+01:00,0.0,200.0,80.0,182.71675639999967,100.0,300.0,300.0,350.00000000000006,140.0,350.00000000000006,350.00000000000006,0.0,0.0,0.0,0.0,0.0,647.9875462,431.9916974
sc01,01-14 22:00:00+01:00,0.0,200.0,80.0,100.0,100.0,300.0,300.0,214.9603157999996,140.0,350.00000000000006,350.00000000000006,0.0,0.0,0.0,0.0,0.0,647.0242105,431.3494737
sc01,01-14 23:00:00+01:00,0.0,80.0,80.0,100.0,100.0,274.3415807999999,300.0,140.0,140.0,350.00000000000006,350.00000000000006,0.0,0.0,0.0,0.0,0.0,649.2104515,432.8069677
sc01,01-15 00:00:00+01:00,0.0,80.0,80.0,100.0,100.0,120.0,295.591234,140.0,140.0,350.00000000000006,350.00000000000006,0.0,0.0,0.0,0.0,0.0,650.8012596,433.8675064
sc01,01-15 01:00:00+01:00,0.0,80.0,80.0,100.0,100.0,120.0,194.9134818,140.0,140.0,350.00000000000006,350.00000000000006,0.0,0.0,0.0,0.0,0.0,648.0483109,432.0322073
sc01,01-15 02:00:00+01:00,0.0,80.0,80.0,100.0,100.0,120.0,120.0,140.0,140.0,350.00000000000006,350.00000000000006,0.0,0.0,0.0,0.0,0.0,664.4348986,442.9565991
sc01,01-15 03:00:00+01:00,0.0,80.0,80.0,100.0,100.0,120.0,231.97818379999967,140.0,140.0,350.00000000000006,350.00000000000006,0.0,0.0,0.0,0.0,0.0,618.8110897,412.5407265
sc01,01-15 04:00:00+01:00,0.0,200.0,80.0,100.0,100.0,300.0,300.0,154.92033729999983,140.0,350.00000000000006,350.00000000000006,0.0,0.0,0.0,0.0,0.0,532.6983976,355.1322651
sc01,01-15 05:00:00+01:00,0.0,200.0,80.0,250.0,100.0,300.0,300.0,350.00000000000006,195.25093679999932,350.00000000000006,350.00000000000006,0.0,0.0,0.0,0.0,0.0,550.4934379,366.9956253
sc01,01-15 06:00:00+01:00,23.619537999999384,200.0,200.0,250.0,250.0,300.0,300.0,350.00000000000006,350.00000000000006,350.00000000000006,350.00000000000006,0.0,0.0,0.0,0.0,0.0,555.2246772,370.1497848
sc01,01-15 07:00:00+01:00,100.0,200.0,200.0,250.0,250.0,300.0,300.0,350.00000000000006,350.00000000000006,350.00000000000006,350.00000000000006,0.0,0.0,0.0,0.0,84.15047379999888,658.4541157,438.9694105
sc01,01-15 08:00:00+01:00,0.0,200.0,200.0,250.0,250.0,300.0,300.0,350.00000000000006,350.00000000000006,350.00000000000006,350.00000000000006,0.0,0.0,7.13607871,4.757385807,300.2089396830004,705.5175575,470.3450383
sc01,01-15 09:00:00+01:00,0.0,200.0,200.0,250.0,250.0,300.0,300.0,350.00000000000006,350.00000000000006,350.00000000000006,350.00000000000006,0.0,0.0,106.5206775,71.01378498,184.4515978200007,721.1177638,480.7451759
sc01,01-15 10:00:00+01:00,0.0,200.0,200.0,250.0,135.06536670000025,300.0,300.0,350.00000000000006,350.00000000000006,350.00000000000006,350.00000000000006,0.0,0.0,275.478258,183.652172,0.0,725.880122,483.92008130000005
sc01,01-15 11:00:00+01:00,0.0,200.0,80.0,250.0,100.0,300.0,300.0,350.00000000000006,239.6427228000006,350.00000000000006,350.00000000000006,0.0,0.0,416.1572052,277.4381368,0.0,703.4027611,468.93517410000004
sc01,01-15 12:00:00+01:00,0.0,200.0,80.0,121.99676090000082,100.0,300.0,300.0,350.00000000000006,140.0,350.00000000000006,350.00000000000006,0.0,0.0,458.9832371,305.9888248,0.0,718.3003063,478.8668709
sc01,01-15 13:00:00+01:00,0.0,169.02490439999968,80.0,100.0,100.0,300.0,300.0,140.0,140.0,350.00000000000006,350.00000000000006,0.0,0.0,486.2860226,324.1906818,0.0,759.8108347,506.5405565
sc01,01-15 14:00:00+01:00,0.0,80.0,80.0,100.0,100.0,256.3669335000004,300.0,140.0,140.0,350.00000000000006,350.00000000000006,0.0,0.0,492.1151841,328.0767894,0.0,792.3126558,528.2084372
sc01,01-15 15:00:00+01:00,0.0,148.0480286999995,80.0,100.0,100.0,300.0,300.0,140.0,140.0,350.00000000000006,350.00000000000006,0.0,0.0,437.2181588,291.4787725,0.0,780.388224,520.258816
sc01,01-15 16:00:00+01:00,0.0,200.0,80.0,159.46396620000075,100.0,300.0,300.0,350.00000000000006,140.0,350.00000000000006,350.00000000000006,0.0,0.0,316.7011004,211.1340669,0.0,793.4687199,528.9791466
sc01,01-15 17:00:00+01:00,0.0,200.0,200.0,250.0,250.0,300.0,300.0,350.00000000000006,350.00000000000006,350.00000000000006,350.00000000000006,0.0,0.0,128.19337140000002,85.46224762,16.210808480000185,785.3661435,523.577429
sc01,01-15 18:00:00+01:00,76.38046200000062,200.0,200.0,250.0,250.0,300.0,300.0,350.00000000000006,350.00000000000006,350.00000000000006,350.00000000000006,0.0,178.9960026883115,4.06621122,2.71080748,124.52147211168807,815.9196267,543.9464178
sc01,01-15 19:00:00+01:00,0.0,200.0,200.0,250.0,250.0,300.0,300.0,350.00000000000006,350.00000000000006,350.00000000000006,350.00000000000006,0.0,317.7555688000001,0.0,0.0,0.0,832.1888587000001,554.7925725
sc01,01-15 20:00:00+01:00,0.0,200.0,200.0,250.0,165.79258169999966,300.0,300.0,350.00000000000006,350.00000000000006,350.00000000000006,350.00000000000006,0.0,0.0,0.0,0.0,0.0,847.074251,564.7161673
sc01,01-15 21:00:00+01:00,0.0,200.0,0.0,249.68972079999986,0.0,300.0,300.0,350.00000000000006,140.0,350.00000000000006,350.00000000000006,0.0,0.0,0.0,0.0,0.0,891.2281675000002,594.1521117000001
sc01,01-15 22:00:00+01:00,0.0,200.0,0.0,100.0,0.0,300.0,300.0,183.14522850000012,140.0,350.00000000000006,350.00000000000006,0.0,0.0,0.0,0.0,0.0,933.2590629,622.1727086
sc01,01-15 23:00:00+01:00,0.0,80.0,0.0,100.0,0.0,120.0,198.5864618,140.0,140.0,350.00000000000006,350.00000000000006,0.0,0.0,0.0,0.0,0.0,910.0239229,606.6826153
sc01,01-16 00:00:00+01:00,0.0,80.0,0.0,100.0,0.0,120.0,120.0,140.0,140.0,350.00000000000006,350.00000000000006,0.0,0.0,0.0,0.0,0.0,930.5356372,620.3570915
sc01,01-16 01:00:00+01:00,0.0,80.0,0.0,100.0,0.0,120.0,120.0,140.0,140.0,350.00000000000006,350.00000000000006,0.0,0.0,0.0,0.0,0.0,918.2066597,612.1377731
sc01,01-16 02:00:00+01:00,0.0,80.0,0.0,100.0,0.0,120.0,120.0,140.0,140.0,350.00000000000006,350.00000000000006,0.0,0.0,0.0,0.0,0.0,863.6951205,575.796747
sc01,01-16 03:00:00+01:00,0.0,80.0,0.0,100.0,0.0,120.0,120.0,140.0,140.0,350.00000000000006,350.00000000000006,0.0,0.0,0.0,0.0,0.0,875.0430854,583.3620569
sc01,01-16 04:00:00+01:00,0.0,80.0,0.0,100.0,0.0,120.0,237.24420139999975,140.0,140.0,350.00000000000006,350.00000000000006,0.0,0.0,0.0,0.0,0.0,871.2082792,580.8055194
sc01,01-16 05:00:00+01:00,0.0,200.0,0.0,100.0,0.0,300.0,300.0,216.9789948999998,140.0,350.00000000000006,350.00000000000006,0.0,0.0,0.0,0.0,0.0,865.8654031000001,577.243602
sc01,01-16 06:00:00+01:00,0.0,200.0,0.0,250.0,0.0,300.0,300.0,350.00000000000006,142.90876799999964,350.00000000000006,350.00000000000006,0.0,0.0,0.0,0.0,0.0,965.8105392,643.8736928
sc01,01-16 07:00:00+01:00,0.0,200.0,0.0,250.0,0.0,300.0,300.0,350.00000000000006,311.21424470000034,350.00000000000006,350.00000000000006,0.0,0.0,0.0,0.0,0.0,1058.750853,705.8339023
sc01,01-16 08:00:00+01:00,0.0,200.0,41.839560754000935,250.0,0.0,300.0,300.0,350.00000000000006,350.00000000000006,350.00000000000006,350.00000000000006,0.0,0.0,6.591867628,4.394578418,0.0,1119.796196,746.5307972
sc01,01-16 09:00:00+01:00,0.0,200.0,0.0,250.0,0.0,300.0,300.0,350.00000000000006,323.7349603199998,350.00000000000006,350.00000000000006,0.0,0.0,93.10559897,62.070399310000006,0.0,1109.725825,739.8172164
sc01,01-16 10:00:00+01:00,0.0,200.0,0.0,169.64322280000076,0.0,300.0,300.0,350.00000000000006,140.0,350.00000000000006,350.00000000000006,0.0,0.0,227.8918322,151.92788820000004,0.0,1119.391834,746.2612228
sc01,01-16 11:00:00+01:00,0.0,200.0,0.0,100.0,0.0,300.0,300.0,153.9438931000003,140.0,350.00000000000006,350.00000000000006,0.0,0.0,349.351471,232.9009807,0.0,1111.585593,741.0570622
sc01,01-16 12:00:00+01:00,0.0,80.0,0.0,100.0,0.0,187.40666879999984,300.0,140.0,140.0,350.00000000000006,350.00000000000006,0.0,0.0,398.7995025,265.866335,0.0,1128.524096,752.3493977
sc01,01-16 13:00:00+01:00,0.0,80.0,0.0,100.0,0.0,120.0,249.46751569999975,140.0,140.0,350.00000000000006,350.00000000000006,0.0,0.0,387.93654150000003,258.624361,0.0,1119.932149,746.6214328000001
sc01,01-16 14:00:00+01:00,0.0,80.0,0.0,100.0,0.0,169.75623399999978,300.0,140.0,140.0,350.00000000000006,350.00000000000006,0.0,0.0,333.1469666,222.0979777,0.0,1072.762093,715.1747287
sc01,01-16 15:00:00+01:00,0.0,104.3975709000002,0.0,100.0,0.0,300.0,300.0,140.0,140.0,350.00000000000006,350.00000000000006,0.0,0.0,246.6446303,164.4297535,0.0,1066.984227,711.3228183
sc01,01-16 16:00:00+01:00,0.0,200.0,0.0,100.0,0.0,300.0,300.0,326.6448597000003,140.0,350.00000000000006,350.00000000000006,0.0,0.0,162.1825503,108.1217002,0.0,1066.766334,711.1775558
sc01,01-16 17:00:00+01:00,0.0,200.0,60.017889369999885,250.0,0.0,300.0,300.0,350.00000000000006,350.00000000000006,350.00000000000006,350.00000000000006,0.0,0.0,53.08956536,35.39304357,0.0,1069.943101,713.2954007
sc01,01-16 18:00:00+01:00,100.0,200.0,120.00000000000003,250.0,150.0,300.0,300.0,350.00000000000006,350.00000000000006,350.00000000000006,350.00000000000006,0.0,8.113685658000607,2.081324425,1.387549617,0.0,1062.642864,708.4285763
sc01,01-16 19:00:00+01:00,100.0,200.0,120.00000000000003,250.0,129.30064810000113,300.0,300.0,350.00000000000006,350.00000000000006,350.00000000000006,350.00000000000006,0.0,0.0,0.0,0.0,0.0,1059.806011,706.5373409
sc01,01-16 20:00:00+01:00,0.0,200.0,20.121461499999825,250.0,0.0,300.0,300.0,350.00000000000006,350.00000000000006,350.00000000000006,350.00000000000006,0.0,0.0,0.0,0.0,0.0,1033.191923,688.7946155
sc01,01-16 21:00:00+01:00,0.0,200.0,0.0,0.0,0.0,300.0,300.0,342.6530383000004,140.0,350.00000000000006,350.00000000000006,0.0,0.0,0.0,0.0,0.0,1028.413177,685.6087847
sc01,01-16 22:00:00+01:00,0.0,176.9059181999998,0.0,0.0,0.0,300.0,300.0,140.0,140.0,350.00000000000006,350.00000000000006,0.0,0.0,0.0,0.0,0.0,1020.4926490000001,680.3284328
sc01,01-16 23:00:00+01:00,0.0,80.0,0.0,0.0,0.0,120.0,131.92686469999998,140.0,140.0,350.00000000000006,350.00000000000006,0.0,0.0,0.0,0.0,0.0,964.0794812,642.7196541
sc01,01-17 00:00:00+01:00,0.0,80.0,0.0,0.0,0.0,120.0,120.0,140.0,140.0,350.00000000000006,350.00000000000006,0.0,0.0,0.0,0.0,0.0,932.1717426,621.4478284
sc01,01-17 01:00:00+01:00,0.0,80.0,0.0,0.0,0.0,120.0,120.0,140.0,140.0,350.00000000000006,350.00000000000006,0.0,0.0,0.0,0.0,0.0,859.1527429,572.7684952
sc01,01-17 02:00:00+01:00,0.0,80.0,0.0,0.0,0.0,120.0,120.0,140.0,140.0,350.00000000000006,350.00000000000006,0.0,0.0,0.0,0.0,0.0,841.1901393,560.7934262000001
sc01,01-17 03:00:00+01:00,0.0,80.0,0.0,0.0,0.0,120.0,120.0,140.0,140.0,350.00000000000006,350.00000000000006,0.0,0.0,0.0,0.0,0.0,881.8959341,587.9306227
sc01,01-17 04:00:00+01:00,0.0,80.0,0.0,0.0,0.0,120.0,261.42234869999953,140.0,140.0,350.00000000000006,350.00000000000006,0.0,0.0,0.0,0.0,0.0,881.5671908000002,587.7114605
sc01,01-17 05:00:00+01:00,0.0,200.0,0.0,0.0,0.0,300.0,300.0,199.2674687,140.0,350.00000000000006,350.00000000000006,0.0,0.0,0.0,0.0,0.0,902.3511188,601.5674125
sc01,01-17 06:00:00+01:00,0.0,200.0,0.0,150.0,0.0,300.0,300.0,350.00000000000006,166.1674862000001,350.00000000000006,350.00000000000006,0.0,0.0,0.0,0.0,0.0,969.3231083000001,646.2154055
sc01,01-17 07:00:00+01:00,0.0,200.0,0.0,150.0,0.0,300.0,300.0,350.00000000000006,306.6232680000003,350.00000000000006,350.00000000000006,0.0,0.0,0.0,0.0,0.0,1060.550839,707.033893
sc01,01-17 08:00:00+01:00,0.0,200.0,120.00000000000003,150.0,7.205492750000181,300.0,300.0,350.00000000000006,350.00000000000006,350.00000000000006,350.00000000000006,0.0,0.0,4.963211190000001,3.30880746,0.0,1050.659693,700.4397956
sc01,01-17 09:00:00+01:00,0.0,200.0,0.0,150.0,0.0,300.0,300.0,350.00000000000006,348.50544204999954,350.00000000000006,350.00000000000006,0.0,0.0,89.23929891,59.49286594,0.0,1064.832236,709.8881571
sc01,01-17 10:00:00+01:00,0.0,200.0,0.0,83.28430170000003,0.0,300.0,300.0,350.00000000000006,140.0,350.00000000000006,350.00000000000006,0.0,0.0,239.244935,159.4966233,0.0,1054.158084,702.772056
sc01,01-17 11:00:00+01:00,0.0,197.5769475000001,0.0,0.0,0.0,300.0,300.0,140.0,140.0,350.00000000000006,350.00000000000006,0.0,0.0,351.2031347,234.1354231,0.0,1069.755897,713.1705977
sc01,01-17 12:00:00+01:00,0.0,80.0,0.0,0.0,0.0,218.6603107000003,300.0,140.0,140.0,350.00000000000006,350.00000000000006,0.0,0.0,419.7585886,279.8390591,0.0,1041.895825,694.5972166
sc01,01-17 13:00:00+01:00,0.0,80.0,0.0,0.0,0.0,120.0,220.03457909999975,140.0,140.0,350.00000000000006,350.00000000000006,0.0,0.0,453.71350570000004,302.4756705,0.0,1028.212347,685.4748977
sc01,01-17 14:00:00+01:00,0.0,80.0,0.0,0.0,0.0,120.0,174.36131930000016,140.0,140.0,350.00000000000006,350.00000000000006,0.0,0.0,470.9675055000001,313.978337,0.0,999.7925029,666.5283353
sc01,01-17 15:00:00+01:00,0.0,80.0,0.0,0.0,0.0,120.0,245.4695901000003,140.0,140.0,350.00000000000006,350.00000000000006,0.0,0.0,417.719709,278.479806,0.0,1015.441137,676.9607579
sc01,01-17 16:00:00+01:00,0.0,191.81813739999998,0.0,0.0,0.0,300.0,300.0,140.0,140.0,350.00000000000006,350.00000000000006,0.0,0.0,283.5074364,189.0049576,0.0,1036.537481,691.0249876
sc01,01-17 17:00:00+01:00,0.0,200.0,22.128418759999548,150.0,0.0,300.0,300.0,350.00000000000006,350.00000000000006,350.00000000000006,350.00000000000006,0.0,0.0,87.39459464,58.2630631,0.0,1044.390554,696.2603695
sc01,01-17 18:00:00+01:00,100.0,200.0,120.00000000000003,150.0,150.0,300.0,300.0,350.00000000000006,350.00000000000006,350.00000000000006,350.00000000000006,0.0,0.0,3.535842494,2.357228329,7.404612376999825,1052.42899,701.6193268
sc01,01-17 19:00:00+01:00,100.0,200.0,120.00000000000003,150.0,131.49743800000053,300.0,300.0,350.00000000000006,350.00000000000006,350.00000000000006,350.00000000000006,0.0,0.0,0.0,0.0,0.0,1049.715937,699.8106250000001
sc01,01-17 20:00:00+01:00,0.0,200.0,12.261833099999508,150.0,0.0,300.0,300.0,350.00000000000006,350.00000000000006,350.00000000000006,350.00000000000006,0.0,0.0,0.0,0.0,0.0,1035.6211000000003,690.4140669
sc01,01-17 21:00:00+01:00,0.0,200.0,0.0,29.058181499999836,0.0,300.0,300.0,350.00000000000006,0.0,350.00000000000006,350.00000000000006,0.0,0.0,0.0,0.0,0.0,1037.206691,691.4711275
sc01,01-17 22:00:00+01:00,0.0,200.0,0.0,0.0,0.0,300.0,300.0,150.25476680000017,0.0,350.00000000000006,350.00000000000006,0.0,0.0,0.0,0.0,0.0,1040.65334,693.7688932
sc01,01-17 23:00:00+01:00,0.0,80.0,0.0,0.0,0.0,120.0,152.57373509999977,140.0,0.0,350.00000000000006,350.00000000000006,0.0,0.0,0.0,0.0,0.0,1014.865959,676.5773059
sc01,01-18 00:00:00+01:00,0.0,80.0,0.0,0.0,0.0,120.0,120.0,140.0,0.0,350.00000000000006,350.00000000000006,0.0,0.0,0.0,0.0,0.0,1014.8190040000001,676.5460029
sc01,01-18 01:00:00+01:00,0.0,80.0,0.0,0.0,0.0,120.0,120.0,140.0,0.0,350.00000000000006,350.00000000000006,0.0,0.0,0.0,0.0,0.0,933.8350388000001,622.5566925000002
sc01,01-18 02:00:00+01:00,0.0,80.0,0.0,0.0,0.0,120.0,120.0,140.0,0.0,350.00000000000006,350.00000000000006,0.0,0.0,0.0,0.0,0.0,907.3176833000001,604.8784555
sc01,01-18 03:00:00+01:00,0.0,80.0,0.0,0.0,0.0,120.0,132.24449199999992,140.0,0.0,350.00000000000006,350.00000000000006,0.0,0.0,0.0,0.0,0.0,887.1789048,591.4526032
sc01,01-18 04:00:00+01:00,0.0,80.0,0.0,0.0,0.0,229.13397429999998,300.0,140.0,0.0,350.00000000000006,350.00000000000006,0.0,0.0,0.0,0.0,0.0,853.7292154,569.1528103
sc01,01-18 05:00:00+01:00,0.0,200.0,0.0,0.0,0.0,300.0,300.0,304.57649849999956,0.0,350.00000000000006,350.00000000000006,0.0,0.0,0.0,0.0,0.0,880.7457009000001,587.1638006
sc01,01-18 06:00:00+01:00,0.0,200.0,0.0,150.0,0.0,300.0,300.0,350.00000000000006,145.7520550000001,350.00000000000006,350.00000000000006,0.0,0.0,0.0,0.0,0.0,927.581367,618.387578
sc01,01-18 07:00:00+01:00,0.0,200.0,120.00000000000003,150.0,40.36375279999996,300.0,300.0,350.00000000000006,210.00000000000003,350.00000000000006,350.00000000000006,0.0,0.0,0.0,0.0,0.0,971.7871483,647.8580989
sc01,01-18 08:00:00+01:00,100.0,200.0,120.00000000000003,150.0,150.0,300.0,300.0,350.00000000000006,210.00000000000003,350.00000000000006,350.00000000000006,0.0,36.47634652800005,9.586558123,6.391038749,0.0,919.273234,612.8488226
sc01,01-18 09:00:00+01:00,0.0,200.0,120.00000000000003,150.0,150.0,300.0,300.0,350.00000000000006,210.00000000000003,350.00000000000006,350.00000000000006,0.0,16.523867000000664,174.7472034,116.4981356,0.0,857.8558764,571.9039176
sc01,01-18 10:00:00+01:00,0.0,200.0,0.0,150.0,0.0,300.0,300.0,350.00000000000006,66.70119129999897,350.00000000000006,350.00000000000006,0.0,0.0,450.4370735,300.2913824,0.0,824.8454117,549.8969411
sc01,01-18 11:00:00+01:00,0.0,200.0,0.0,0.0,0.0,300.0,300.0,274.4596305000004,0.0,350.00000000000006,350.00000000000006,0.0,0.0,577.5101319,385.0067546000001,0.0,828.0386898,552.0257932
sc01,01-18 12:00:00+01:00,0.0,82.64915890000063,0.0,0.0,0.0,300.0,300.0,140.0,0.0,350.00000000000006,350.00000000000006,0.0,0.0,618.7442928,412.4961952,0.0,860.2538119,573.5025412
sc01,01-18 13:00:00+01:00,0.0,80.0,0.0,0.0,0.0,120.0,261.37885449561844,140.0,0.0,350.00000000000006,350.00000000000006,0.0,0.0,636.1247092,424.0831395,0.0,920.7655909,613.8437273
sc01,01-18 14:00:00+01:00,0.0,80.0,0.0,0.0,0.0,120.0,144.00054039999972,140.0,0.0,350.00000000000006,350.00000000000006,0.0,0.0,629.4483344,419.63222290000004,0.0,932.0069414,621.3379609000001
sc01,01-18 15:00:00+01:00,0.0,80.0,0.0,0.0,0.0,120.0,208.6443166000001,140.0,0.0,350.00000000000006,350.00000000000006,0.0,0.0,576.2844333,384.1896222,0.0,948.0741767,632.0494512
sc01,01-18 16:00:00+01:00,0.0,169.6701933999999,0.0,0.0,0.0,300.0,300.0,140.0,0.0,350.00000000000006,350.00000000000006,0.0,0.0,436.2414697,290.8276465,0.0,950.7340142,633.8226762
sc01,01-18 17:00:00+01:00,0.0,200.0,108.79338199999944,150.0,0.0,300.0,300.0,350.00000000000006,210.00000000000003,350.00000000000006,350.00000000000006,0.0,0.0,163.5943941,109.0629294,0.0,947.8675767,631.9117178
sc01,01-18 18:00:00+01:00,0.0,200.0,120.00000000000003,150.0,150.0,300.0,300.0,350.00000000000006,210.00000000000003,350.00000000000006,350.00000000000006,0.0,302.02171014300086,7.285514974000001,4.857009983000001,0.0,949.4830589,632.988706
sc01,01-18 19:00:00+01:00,91.64007144083752,200.0,120.00000000000003,150.0,150.0,300.0,300.0,350.00000000000006,210.00000000000003,350.00000000000006,350.00000000000006,0.0,174.61387325916178,0.0,0.0,0.0,955.4376332,636.9584221
sc01,01-18 20:00:00+01:00,0.0,200.0,120.00000000000003,150.0,26.365841999999834,300.0,300.0,350.00000000000006,210.00000000000003,350.00000000000006,350.00000000000006,0.0,0.0,0.0,0.0,0.0,976.1820948,650.7880632
sc01,01-18 21:00:00+01:00,0.0,200.0,0.0,85.28508330000007,0.0,300.0,300.0,350.00000000000006,0.0,350.00000000000006,350.00000000000006,0.0,0.0,0.0,0.0,0.0,949.32415,632.8827667
sc01,01-18 22:00:00+01:00,0.0,200.0,0.0,8.73428229999984,0.0,300.0,300.0,350.00000000000006,0.0,350.00000000000006,350.00000000000006,0.0,0.0,0.0,0.0,0.0,871.9648306,581.3098871
sc01,01-18 23:00:00+01:00,0.0,80.0,0.0,0.0,0.0,193.2145902999997,300.0,140.0,0.0,350.00000000000006,350.00000000000006,0.0,0.0,0.0,0.0,0.0,812.1518458000002,541.4345639
sc01,01-19 00:00:00+01:00,0.0,80.0,0.0,0.0,0.0,151.73299319999984,300.0,140.0,0.0,350.00000000000006,350.00000000000006,0.0,0.0,0.0,0.0,0.0,768.7662041,512.5108027
sc01,01-19 01:00:00+01:00,0.0,80.0,0.0,0.0,0.0,120.0,234.78377329999995,140.0,0.0,350.00000000000006,350.00000000000006,0.0,0.0,0.0,0.0,0.0,777.529336,518.3528907
sc01,01-19 02:00:00+01:00,0.0,80.0,0.0,0.0,0.0,120.0,129.90927349999976,140.0,0.0,350.00000000000006,350.00000000000006,0.0,0.0,0.0,0.0,0.0,795.8800359000002,530.5866906
sc01,01-19 03:00:00+01:00,0.0,80.0,0.0,0.0,0.0,120.0,179.29622179999976,140.0,0.0,350.00000000000006,350.00000000000006,0.0,0.0,0.0,0.0,0.0,803.6074669,535.7383113
sc01,01-19 04:00:00+01:00,0.0,80.0,0.0,0.0,0.0,189.4047839999999,300.0,140.0,0.0,350.00000000000006,350.00000000000006,0.0,0.0,0.0,0.0,0.0,808.5481296000002,539.0320864
sc01,01-19 05:00:00+01:00,0.0,200.0,0.0,0.0,0.0,300.0,300.0,259.2624280999997,0.0,350.00000000000006,350.00000000000006,0.0,0.0,0.0,0.0,0.0,809.5701431,539.7134288
sc01,01-19 06:00:00+01:00,0.0,200.0,0.0,150.0,0.0,300.0,300.0,350.00000000000006,119.77441030000003,350.00000000000006,350.00000000000006,0.0,0.0,0.0,0.0,0.0,819.6903538,546.4602359
sc01,01-19 07:00:00+01:00,0.0,200.0,120.00000000000003,150.0,78.15218830000006,300.0,300.0,350.00000000000006,210.00000000000003,350.00000000000006,350.00000000000006,0.0,0.0,0.0,0.0,0.0,817.313287,544.8755247
sc01,01-19 08:00:00+01:00,0.0,200.0,120.00000000000003,150.0,150.0,300.0,300.0,350.00000000000006,210.00000000000003,350.00000000000006,350.00000000000006,0.0,115.2165456339996,13.695673000000001,9.130448666,0.0,801.3781996,534.2521331
sc01,01-19 09:00:00+01:00,0.0,200.0,38.87244270000001,150.0,0.0,300.0,300.0,350.00000000000006,210.00000000000003,350.00000000000006,350.00000000000006,0.0,0.0,249.728799,166.485866,0.0,820.7777354,547.1851569
sc01,01-19 10:00:00+01:00,0.0,120.00000000000003,0.0,56.686605000000476,0.0,300.0,300.0,210.00000000000003,0.0,350.00000000000006,350.00000000000006,0.0,0.0,585.0191129,390.012742,0.0,825.0561241,550.037416
sc01,01-19 11:00:00+01:00,0.0,0.0,0.0,0.0,0.0,285.98798930000004,300.0,0.0,0.0,350.00000000000006,350.00000000000006,0.0,0.0,734.5751401,489.7167601,0.0,883.8582663,589.2388442
sc01,01-19 12:00:00+01:00,0.0,0.0,0.0,0.0,0.0,120.0,208.19971900000007,0.0,0.0,350.00000000000006,350.00000000000006,0.0,0.0,748.6235256,499.0823504,0.0,960.103443,640.068962
sc01,01-19 13:00:00+01:00,0.0,0.0,0.0,0.0,0.0,120.0,120.0,0.0,0.0,350.00000000000006,350.00000000000006,0.0,0.0,721.5104797,481.00698650000004,0.0,993.8030657,662.5353771
sc01,01-19 14:00:00+01:00,0.0,0.0,0.0,0.0,0.0,120.0,120.0,0.0,0.0,350.00000000000006,350.00000000000006,0.0,0.0,631.3945238,420.9296825,0.0,1037.7804580000002,691.8536384
sc01,01-19 15:00:00+01:00,0.0,0.0,0.0,0.0,0.0,120.0,257.13218149999983,0.0,0.0,350.00000000000006,350.00000000000006,0.0,0.0,496.8885791,331.2590527,0.0,1087.288912,724.8592747
sc01,01-19 16:00:00+01:00,0.0,120.00000000000003,0.0,0.0,0.0,300.0,300.0,75.4672699000003,0.0,350.00000000000006,350.00000000000006,0.0,0.0,298.6261189,199.0840793,0.0,1105.763719,737.1758129
sc01,01-19 17:00:00+01:00,0.0,120.00000000000003,35.5713999199995,150.0,0.0,300.0,300.0,210.00000000000003,210.00000000000003,350.00000000000006,350.00000000000006,0.0,0.0,95.30385689,63.535904589999994,0.0,1116.797303,744.5315356
sc01,01-19 18:00:00+01:00,0.0,120.00000000000003,120.00000000000003,150.0,150.0,300.0,300.0,210.00000000000003,210.00000000000003,350.00000000000006,350.00000000000006,0.0,33.67056280399988,3.761373478,2.507582318,0.0,1140.4814890000002,760.3209924
sc01,01-19 19:00:00+01:00,0.0,120.00000000000003,120.00000000000003,150.0,76.30958849999958,300.0,300.0,210.00000000000003,210.00000000000003,350.00000000000006,350.00000000000006,0.0,0.0,0.0,0.0,0.0,1177.883647,785.2557645000002
sc01,01-19 20:00:00+01:00,0.0,120.00000000000003,0.0,150.0,0.0,300.0,300.0,210.00000000000003,110.59035850000024,350.00000000000006,350.00000000000006,0.0,0.0,0.0,0.0,0.0,1153.431985,768.9546565
sc01,01-19 21:00:00+01:00,0.0,120.00000000000003,0.0,47.238193100000075,0.0,180.0,300.0,210.00000000000003,0.0,350.00000000000006,350.00000000000006,0.0,0.0,0.0,0.0,0.0,1094.708284,729.8055229
sc01,01-19 22:00:00+01:00,0.0,120.00000000000003,0.0,0.0,0.0,180.0,300.0,120.8400551000002,0.0,350.00000000000006,350.00000000000006,0.0,0.0,0.0,0.0,0.0,1070.449167,713.6327779000001
sc01,01-19 23:00:00+01:00,0.0,0.0,0.0,0.0,0.0,42.051892000000315,180.0,0.0,0.0,350.00000000000006,350.00000000000006,0.0,0.0,0.0,0.0,0.0,1024.158665,682.772443
sc02,01-13 00:00:00+01:00,0.0,80.0,80.0,100.0,100.0,250.1055904999998,300.0,140.0,140.0,350.00000000000006,350.00000000000006,0.0,0.0,0.0,0.0,0.0,389.9456457,259.9637638
sc02,01-13 01:00:00+01:00,0.0,80.0,80.0,100.0,100.0,120.0,300.0,140.0,140.0,350.00000000000006,350.00000000000006,0.0,0.0,0.0,0.0,0.0,410.9211359,273.947424
sc02,01-13 02:00:00+01:00,0.0,80.0,80.0,100.0,100.0,120.0,141.2939374378295,140.0,140.0,350.00000000000006,350.00000000000006,0.0,0.0,0.0,0.0,0.0,422.5577148,281.7051432
sc02,01-13 03:00:00+01:00,0.0,80.0,80.0,100.0,100.0,120.0,120.0,140.0,140.0,350.00000000000006,350.00000000000006,0.0,0.0,0.0,0.0,0.0,434.009569,289.3397127
sc02,01-13 04:00:00+01:00,0.0,80.0,80.0,100.0,100.0,120.0,120.0,140.0,140.0,350.00000000000006,350.00000000000006,0.0,0.0,0.0,0.0,0.0,452.47487480000007,301.6499165
sc02,01-13 05:00:00+01:00,0.0,80.0,80.0,100.0,100.0,120.0,220.14278449999958,140.0,140.0,350.00000000000006,350.00000000000006,0.0,0.0,0.0,0.0,0.0,426.7081293,284.4720862
sc02,01-13 06:00:00+01:00,0.0,153.4922673999995,80.0,100.0,100.0,300.0,300.0,140.0,140.0,350.00000000000006,350.00000000000006,0.0,0.0,0.0,0.0,0.0,405.98983960000004,270.65989300000007
sc02,01-13 07:00:00+01:00,0.0,200.0,80.0,246.36587299999985,100.0,300.0,300.0,350.00000000000006,140.0,350.00000000000006,350.00000000000006,0.0,0.0,0.0,0.0,0.0,375.8484762,250.5656508
sc02,01-13 08:00:00+01:00,0.0,200.0,200.0,250.0,118.03401694999937,300.0,300.0,350.00000000000006,350.00000000000006,350.00000000000006,350.00000000000006,0.0,0.0,5.74306353,3.82870902,0.0,345.4327263,230.2884842
sc02,01-13 09:00:00+01:00,0.0,200.0,200.0,250.0,201.0458891399995,300.0,300.0,350.00000000000006,350.00000000000006,350.00000000000006,350.00000000000006,0.0,0.0,100.1542949,66.76952996,0.0,303.1081716,202.0721144
sc02,01-13 10:00:00+01:00,0.0,200.0,80.0,250.0,100.0,300.0,300.0,350.00000000000006,343.7155815999999,350.00000000000006,350.00000000000006,0.0,0.0,298.5193263,199.01288420000003,0.0,275.0839247,183.3892832
sc02,01-13 11:00:00+01:00,0.0,200.0,80.0,250.0,100.0,300.0,300.0,350.00000000000006,191.0442408000002,350.00000000000006,350.00000000000006,0.0,0.0,413.2317418,275.4878279,0.0,260.2447137,173.4964758
sc02,01-13 12:00:00+01:00,0.0,200.0,80.0,196.52328870000008,100.0,300.0,300.0,350.00000000000006,140.0,350.00000000000006,350.00000000000006,0.0,0.0,450.5909914,300.3939942,0.0,255.08803540000002,170.05869030000002
sc02,01-13 13:00:00+01:00,0.0,200.0,80.0,100.0,100.0,300.0,300.0,258.00514229999965,140.0,350.00000000000006,350.00000000000006,0.0,0.0,494.6351353,329.7567569000001,0.0,246.2249793,164.1499862
sc02,01-13 14:00:00+01:00,0.0,158.71449760000016,80.0,100.0,100.0,300.0,300.0,140.0,140.0,350.00000000000006,350.00000000000006,0.0,0.0,526.0913924,350.7275949,0.0,254.47650909999996,169.651006
sc02,01-13 15:00:00+01:00,0.0,168.01785820000055,80.0,100.0,100.0,300.0,300.0,140.0,140.0,350.00000000000006,350.00000000000006,0.0,0.0,513.6656982,342.4437988,0.0,255.29318690000002,170.1954579
sc02,01-13 16:00:00+01:00,0.0,200.0,80.0,215.5194681999996,100.0,300.0,300.0,350.00000000000006,140.0,350.00000000000006,350.00000000000006,0.0,0.0,391.3762982,260.9175321,0.0,240.8428209,160.56188060000002
sc02,01-13 17:00:00+01:00,0.0,200.0,200.0,250.0,250.0,300.0,300.0,350.00000000000006,350.00000000000006,350.00000000000006,350.00000000000006,168.30404214999922,0.0,115.0478747,76.69858315,0.0,223.8615,149.241
sc02,01-13 18:00:00+01:00,100.0,200.0,200.0,250.0,250.0,300.0,300.0,350.00000000000006,350.00000000000006,350.00000000000006,350.00000000000006,300.0,0.0,3.067404927,2.044936618,112.11281745499917,220.4051046,146.93673640000003
sc02,01-13 19:00:00+01:00,47.32043640000042,200.0,200.0,250.0,250.0,300.0,300.0,350.00000000000006,350.00000000000006,350.00000000000006,350.00000000000006,300.0,0.0,0.0,0.0,212.2386169999986,229.448368,152.9655786
sc02,01-13 20:00:00+01:00,52.67956359999959,200.0,200.0,250.0,250.0,300.0,300.0,350.00000000000006,350.00000000000006,350.00000000000006,350.00000000000006,300.0,0.0,0.0,0.0,0.0,239.2178618,159.4785746
sc02,01-13 21:00:00+01:00,0.0,200.0,200.0,250.0,219.2886792999991,300.0,300.0,350.00000000000006,350.00000000000006,350.00000000000006,350.00000000000006,0.0,0.0,0.0,0.0,0.0,244.76299240000003,163.17532830000002
sc02,01-13 22:00:00+01:00,0.0,200.0,108.9744931999991,250.0,100.0,300.0,300.0,350.00000000000006,350.00000000000006,350.00000000000006,350.00000000000006,0.0,0.0,0.0,0.0,0.0,239.5275041,159.6850027
sc02,01-13 23:00:00+01:00,0.0,200.0,80.0,250.0,100.0,300.0,300.0,350.00000000000006,147.03549729999992,350.00000000000006,350.00000000000006,0.0,0.0,0.0,0.0,0.0,252.7119016,168.4746011
sc02,01-14 00:00:00+01:00,0.0,200.0,80.0,100.0,100.0,300.0,300.0,295.6782419999998,140.0,350.00000000000006,350.00000000000006,0.0,0.0,0.0,0.0,0.0,268.7008548,179.1339032
sc02,01-14 01:00:00+01:00,0.0,200.0,80.0,100.0,100.0,300.0,300.0,146.82176319999968,140.0,350.00000000000006,350.00000000000006,0.0,0.0,0.0,0.0,0.0,269.6839421,179.7892947
sc02,01-14 02:00:00+01:00,0.0,80.0,80.0,100.0,100.0,270.33193299999994,300.0,140.0,140.0,350.00000000000006,350.00000000000006,0.0,0.0,0.0,0.0,0.0,282.6384402,188.4256268
sc02,01-14 03:00:00+01:00,0.0,80.0,80.0,100.0,100.0,176.57339049999965,300.0,140.0,140.0,350.00000000000006,350.00000000000006,0.0,0.0,0.0,0.0,0.0,279.0057657,186.00384380000003
sc02,01-14 04:00:00+01:00,0.0,80.0,80.0,100.0,100.0,120.0,300.0,140.0,140.0,350.00000000000006,350.00000000000006,0.0,0.0,0.0,0.0,0.0,288.4974359,192.33162390000004
sc02,01-14 05:00:00+01:00,0.0,80.0,80.0,100.0,100.0,120.0,300.0,140.0,140.0,350.00000000000006,350.00000000000006,0.0,0.0,0.0,0.0,0.0,299.9926478,199.9950985
sc02,01-14 06:00:00+01:00,0.0,140.84607169999958,80.0,100.0,100.0,300.0,300.0,140.0,140.0,350.00000000000006,350.00000000000006,0.0,0.0,0.0,0.0,0.0,301.051157,200.7007713
sc02,01-14 07:00:00+01:00,0.0,200.0,80.0,150.5305324999996,100.0,300.0,300.0,350.00000000000006,140.0,350.00000000000006,350.00000000000006,0.0,0.0,0.0,0.0,0.0,306.0794805,204.05298700000003
sc02,01-14 08:00:00+01:00,0.0,200.0,80.0,250.0,100.0,300.0,300.0,350.00000000000006,333.1939583739995,350.00000000000006,350.00000000000006,0.0,0.0,6.702942976,4.46862865,0.0,314.439282,209.626188
sc02,01-14 09:00:00+01:00,0.0,200.0,80.0,250.0,100.0,300.0,300.0,350.00000000000006,266.5114011999997,350.00000000000006,350.00000000000006,0.0,0.0,140.0420612,93.3613741,0.0,322.1688981,214.77926540000004
sc02,01-14 10:00:00+01:00,0.0,200.0,80.0,100.0,100.0,300.0,300.0,300.50871609999945,140.0,350.00000000000006,350.00000000000006,0.0,0.0,359.14707160000006,239.4313811,0.0,321.9088987,214.6059325
sc02,01-14 11:00:00+01:00,0.0,200.0,80.0,100.0,100.0,300.0,300.0,173.34719430000018,140.0,350.00000000000006,350.00000000000006,0.0,0.0,456.972914,304.6486094,0.0,320.6845694,213.7897129
sc02,01-14 12:00:00+01:00,0.0,147.53699959999983,80.0,100.0,100.0,300.0,300.0,140.0,140.0,350.00000000000006,350.00000000000006,0.0,0.0,494.6102955,329.740197,0.0,328.1559047,218.7706032
sc02,01-14 13:00:00+01:00,0.0,80.0,80.0,100.0,100.0,166.70805319999994,300.0,140.0,140.0,350.00000000000006,350.00000000000006,0.0,0.0,511.73957640000003,341.1597176,0.0,355.3323917,236.8882611
sc02,01-14 14:00:00+01:00,0.0,80.0,80.0,100.0,100.0,120.0,288.13629200000014,140.0,140.0,350.00000000000006,350.00000000000006,0.0,0.0,517.4062852,344.9375235,0.0,381.2741396,254.1827597
sc02,01-14 15:00:00+01:00,0.0,80.0,80.0,100.0,100.0,120.0,266.58368508947206,140.0,140.0,350.00000000000006,350.00000000000006,0.0,0.0,489.3451222,326.2300814,0.0,395.1981726,263.4654484
sc02,01-14 16:00:00+01:00,0.0,200.0,80.0,100.0,100.0,300.0,300.0,197.28019899999998,140.0,350.00000000000006,350.00000000000006,0.0,0.0,349.549562,233.0330413,0.0,391.80791860000005,261.2052791
sc02,01-14 17:00:00+01:00,0.0,200.0,200.0,250.0,115.29269248999888,300.0,300.0,350.00000000000006,350.00000000000006,350.00000000000006,350.00000000000006,0.0,0.0,107.8823982,71.92159881,0.0,401.11638630000004,267.4109242
sc02,01-14 18:00:00+01:00,76.66252030000079,200.0,200.0,250.0,250.0,300.0,300.0,350.00000000000006,350.00000000000006,350.00000000000006,350.00000000000006,47.65506358299841,0.0,3.12999379,2.086662527,0.0,455.6392559,303.7595039000001
sc02,01-14 19:00:00+01:00,100.0,200.0,200.0,250.0,250.0,300.0,300.0,350.00000000000006,350.00000000000006,350.00000000000006,350.00000000000006,53.63112909999943,0.0,0.0,0.0,0.0,501.37552249999993,334.2503484
sc02,01-14 20:00:00+01:00,23.33747969999922,200.0,200.0,250.0,250.0,300.0,300.0,350.00000000000006,350.00000000000006,350.00000000000006,350.00000000000006,0.0,0.0,0.0,0.0,0.0,511.4955122,340.9970081
sc02,01-14 21:00:00+01:00,0.0,200.0,80.0,250.0,100.0,300.0,300.0,350.00000000000006,288.71260509999934,350.00000000000006,350.00000000000006,0.0,0.0,0.0,0.0,0.0,518.3900369,345.593358
sc02,01-14 22:00:00+01:00,0.0,200.0,80.0,180.63505269999942,100.0,300.0,300.0,350.00000000000006,140.0,350.00000000000006,350.00000000000006,0.0,0.0,0.0,0.0,0.0,517.6193684,345.0795789
sc02,01-14 23:00:00+01:00,0.0,200.0,80.0,100.0,100.0,300.0,300.0,210.7450646999996,140.0,350.00000000000006,350.00000000000006,0.0,0.0,0.0,0.0,0.0,519.3683612,346.2455741
sc02,01-15 00:00:00+01:00,0.0,112.52498719999986,80.0,100.0,100.0,300.0,300.0,140.0,140.0,350.00000000000006,350.00000000000006,0.0,0.0,0.0,0.0,0.0,520.6410077,347.0940051
sc02,01-15 01:00:00+01:00,0.0,80.0,80.0,100.0,100.0,300.0,300.0,140.0,140.0,350.00000000000006,350.00000000000006,0.0,0.0,0.0,0.0,0.0,518.4386487,345.62576580000007
sc02,01-15 02:00:00+01:00,0.0,80.0,80.0,100.0,100.0,227.76480179999936,300.0,140.0,140.0,350.00000000000006,350.00000000000006,0.0,0.0,0.0,0.0,0.0,531.5479189,354.3652793
sc02,01-15 03:00:00+01:00,0.0,80.0,80.0,100.0,100.0,299.70444828947336,300.0,140.0,140.0,350.00000000000006,350.00000000000006,0.0,0.0,0.0,0.0,0.0,495.0488718,330.0325812
sc02,01-15 04:00:00+01:00,0.0,200.0,80.0,100.0,100.0,300.0,300.0,332.48646990000003,140.0,350.00000000000006,350.00000000000006,0.0,0.0,0.0,0.0,0.0,426.1587181,284.105812
sc02,01-15 05:00:00+01:00,0.0,200.0,108.74874949999916,250.0,100.0,300.0,300.0,350.00000000000006,350.00000000000006,350.00000000000006,350.00000000000006,0.0,0.0,0.0,0.0,0.0,440.3947503,293.5965002
sc02,01-15 06:00:00+01:00,0.0,200.0,200.0,250.0,250.0,300.0,300.0,350.00000000000006,350.00000000000006,350.00000000000006,350.00000000000006,208.69443049999947,0.0,0.0,0.0,0.0,444.1797417,296.1198278
sc02,01-15 07:00:00+01:00,100.0,200.0,200.0,250.0,250.0,300.0,300.0,350.00000000000006,350.00000000000006,350.00000000000006,350.00000000000006,300.0,0.0,0.0,0.0,3.6351789999987947,526.7632926,351.1755284000001
sc02,01-15 08:00:00+01:00,0.0,200.0,200.0,250.0,250.0,300.0,300.0,350.00000000000006,350.00000000000006,350.00000000000006,350.00000000000006,300.0,0.0,5.708862968,3.805908645,237.76015178700035,564.414046,376.2760306
sc02,01-15 09:00:00+01:00,100.0,200.0,200.0,250.0,250.0,300.0,300.0,350.00000000000006,350.00000000000006,350.00000000000006,350.00000000000006,300.0,0.0,85.21654198,56.81102798,60.33107834000065,576.894211,384.5961407
sc02,01-15 10:00:00+01:00,0.0,200.0,200.0,250.0,250.0,300.0,300.0,350.00000000000006,350.00000000000006,350.00000000000006,350.00000000000006,218.85149330000024,0.0,220.3826064,146.9217376,0.0,580.7040976,387.1360651
sc02,01-15 11:00:00+01:00,0.0,200.0,200.0,250.0,242.8293782000005,300.0,300.0,350.00000000000006,350.00000000000006,350.00000000000006,350.00000000000006,0.0,0.0,332.9257642,221.9505095,0.0,562.7222089,375.1481392
sc02,01-15 12:00:00+01:00,0.0,200.0,134.42460880000044,250.0,100.0,300.0,300.0,350.00000000000006,350.00000000000006,350.00000000000006,350.00000000000006,0.0,0.0,367.1865897,244.79105980000003,0.0,574.640245,383.09349670000006
sc02,01-15 13:00:00+01:00,0.0,200.0,80.0,250.0,100.0,300.0,300.0,350.00000000000006,264.39052349999974,350.00000000000006,350.00000000000006,0.0,0.0,389.0288181,259.3525454,0.0,607.8486678,405.2324452
sc02,01-15 14:00:00+01:00,0.0,200.0,80.0,250.0,100.0,300.0,300.0,350.00000000000006,140.0,350.00000000000006,350.00000000000006,0.0,0.0,393.69214730000004,262.4614315,0.0,633.8501246,422.5667498
sc02,01-15 15:00:00+01:00,0.0,200.0,80.0,250.0,100.0,300.0,300.0,350.00000000000006,148.95268548947377,350.00000000000006,350.00000000000006,0.0,0.0,349.7745271,233.18301800000003,0.0,624.3105792,416.2070528
sc02,01-15 16:00:00+01:00,0.0,200.0,149.5205730000005,250.0,100.0,300.0,300.0,350.00000000000006,350.00000000000006,350.00000000000006,350.00000000000006,0.0,0.0,253.3608803,168.9072535,0.0,634.7749759,423.18331730000006
sc02,01-15 17:00:00+01:00,20.73064680000028,200.0,200.0,250.0,250.0,300.0,300.0,350.00000000000006,350.00000000000006,350.00000000000006,350.00000000000006,300.0,0.0,102.5546971,68.3697981,0.0,628.2929148,418.8619432
sc02,01-15 18:00:00+01:00,79.26935319999973,200.0,200.0,250.0,250.0,300.0,300.0,350.00000000000006,350.00000000000006,350.00000000000006,350.00000000000006,300.0,0.0,3.252968976,2.168645984,273.9571962400003,652.7357014,435.1571342
sc02,01-15 19:00:00+01:00,100.0,200.0,200.0,250.0,250.0,300.0,300.0,350.00000000000006,350.00000000000006,350.00000000000006,350.00000000000006,300.0,0.0,0.0,0.0,195.15185500000013,665.751087,443.834058
sc02,01-15 20:00:00+01:00,0.0,200.0,200.0,250.0,250.0,300.0,300.0,350.00000000000006,350.00000000000006,350.00000000000006,350.00000000000006,198.15066529999976,0.0,0.0,0.0,0.0,677.6594008,451.7729339
sc02,01-15 21:00:00+01:00,0.0,200.0,86.76577669999969,250.0,0.0,300.0,300.0,350.00000000000006,350.00000000000006,350.00000000000006,350.00000000000006,0.0,0.0,0.0,0.0,0.0,712.982534,475.3216893
sc02,01-15 22:00:00+01:00,0.0,200.0,0.0,244.23158280000007,0.0,300.0,300.0,350.00000000000006,140.0,350.00000000000006,350.00000000000006,0.0,0.0,0.0,0.0,0.0,746.6072503,497.7381669
sc02,01-15 23:00:00+01:00,0.0,101.9277694999999,0.0,100.0,0.0,300.0,300.0,140.0,140.0,350.00000000000006,350.00000000000006,0.0,0.0,0.0,0.0,0.0,728.0191383,485.34609220000004
sc02,01-16 00:00:00+01:00,0.0,80.0,0.0,100.0,0.0,210.8499786894726,300.0,140.0,140.0,350.00000000000006,350.00000000000006,0.0,0.0,0.0,0.0,0.0,744.4285098,496.2856732000001
sc02,01-16 01:00:00+01:00,0.0,80.0,0.0,100.0,0.0,120.0,300.0,140.0,140.0,350.00000000000006,350.00000000000006,0.0,0.0,0.0,0.0,0.0,734.5653278,489.7102185
sc02,01-16 02:00:00+01:00,0.0,80.0,0.0,100.0,0.0,120.0,300.0,140.0,140.0,350.00000000000006,350.00000000000006,0.0,0.0,0.0,0.0,0.0,690.9560964,460.6373976
sc02,01-16 03:00:00+01:00,0.0,80.0,0.0,100.0,0.0,120.0,300.0,140.0,140.0,350.00000000000006,350.00000000000006,0.0,0.0,0.0,0.0,0.0,700.0344683,466.6896455
sc02,01-16 04:00:00+01:00,0.0,127.64696119999961,0.0,100.0,0.0,300.0,300.0,140.0,140.0,350.00000000000006,350.00000000000006,0.0,0.0,0.0,0.0,0.0,696.9666233,464.6444155
sc02,01-16 05:00:00+01:00,0.0,200.0,0.0,250.0,0.0,300.0,300.0,350.00000000000006,145.6007959999997,350.00000000000006,350.00000000000006,0.0,0.0,0.0,0.0,0.0,692.6923224,461.7948816
sc02,01-16 06:00:00+01:00,0.0,200.0,114.84561449999964,250.0,0.0,300.0,300.0,350.00000000000006,350.00000000000006,350.00000000000006,350.00000000000006,0.0,0.0,0.0,0.0,0.0,772.6484313,515.0989542
sc02,01-16 07:00:00+01:00,0.0,200.0,120.00000000000003,250.0,150.0,300.0,300.0,350.00000000000006,350.00000000000006,350.00000000000006,350.00000000000006,44.1311955000003,0.0,0.0,0.0,0.0,847.0006827,564.6671218
sc02,01-16 08:00:00+01:00,100.0,200.0,120.00000000000003,250.0,150.0,300.0,300.0,350.00000000000006,350.00000000000006,350.00000000000006,350.00000000000006,47.30224866300101,0.0,5.273494102,3.515662735,0.0,895.8369567,597.2246378
sc02,01-16 09:00:00+01:00,100.0,200.0,120.00000000000003,250.0,150.0,300.0,300.0,350.00000000000006,350.00000000000006,350.00000000000006,350.00000000000006,4.6787686699995,0.0,74.48447918,49.65631945,0.0,887.7806596,591.8537731
sc02,01-16 10:00:00+01:00,0.0,200.0,120.00000000000003,250.0,38.73777800000072,300.0,300.0,350.00000000000006,350.00000000000006,350.00000000000006,350.00000000000006,0.0,0.0,182.3134658,121.5423105,0.0,895.5134674000001,597.0089783
sc02,01-16 11:00:00+01:00,0.0,200.0,0.0,250.0,0.0,300.0,300.0,350.00000000000006,280.92291440000014,350.00000000000006,350.00000000000006,0.0,0.0,279.4811768,186.3207845,0.0,889.2684746,592.8456497
sc02,01-16 12:00:00+01:00,0.0,200.0,0.0,250.0,0.0,300.0,300.0,350.00000000000006,140.0,350.00000000000006,350.00000000000006,0.0,0.0,319.03960200000006,212.693068,0.0,902.8192772,601.8795181
sc02,01-16 13:00:00+01:00,0.0,200.0,0.0,100.0,0.0,300.0,300.0,350.00000000000006,140.0,350.00000000000006,350.00000000000006,0.0,0.0,310.3492332,206.8994888,0.0,895.9457194,597.2971463
sc02,01-16 14:00:00+01:00,0.0,200.0,0.0,177.5238500894738,0.0,300.0,300.0,350.00000000000006,140.0,350.00000000000006,350.00000000000006,0.0,0.0,266.5175732,177.6783822,0.0,858.2096744,572.1397829
sc02,01-16 15:00:00+01:00,0.0,200.0,0.0,232.27385639999966,0.0,300.0,300.0,350.00000000000006,140.0,350.00000000000006,350.00000000000006,0.0,0.0,197.3157042,131.5438028,0.0,853.587382,569.0582546
sc02,01-16 16:00:00+01:00,0.0,200.0,26.29448796000021,250.0,0.0,300.0,300.0,350.00000000000006,350.00000000000006,350.00000000000006,350.00000000000006,0.0,0.0,129.7460402,86.49736014,0.0,853.413067,568.9420447
sc02,01-16 17:00:00+01:00,0.0,200.0,120.00000000000003,250.0,150.0,300.0,300.0,350.00000000000006,350.00000000000006,350.00000000000006,350.00000000000006,164.36211144999987,0.0,42.47165229,28.31443486,0.0,855.9544808,570.6363206
sc02,01-16 18:00:00+01:00,100.0,200.0,120.00000000000003,250.0,150.0,300.0,300.0,350.00000000000006,350.00000000000006,350.00000000000006,350.00000000000006,300.0,53.34760216932038,1.66505954,1.110039693,9.674146097680136,850.1142915,566.742861
sc02,01-16 19:00:00+01:00,100.0,200.0,120.00000000000003,250.0,150.0,300.0,300.0,350.00000000000006,350.00000000000006,350.00000000000006,350.00000000000006,300.0,0.0,0.0,0.0,32.569318300000845,847.844809,565.2298727
sc02,01-16 20:00:00+01:00,0.0,200.0,120.00000000000003,250.0,150.0,300.0,300.0,350.00000000000006,350.00000000000006,350.00000000000006,350.00000000000006,94.51876899999986,0.0,0.0,0.0,0.0,826.5535386,551.0356924
sc02,01-16 21:00:00+01:00,0.0,200.0,0.0,150.0,0.0,300.0,300.0,350.00000000000006,325.4574307000003,350.00000000000006,350.00000000000006,0.0,0.0,0.0,0.0,0.0,822.7305416,548.4870277
sc02,01-16 22:00:00+01:00,0.0,200.0,0.0,107.07013429999934,0.0,300.0,300.0,350.00000000000006,140.0,350.00000000000006,350.00000000000006,0.0,0.0,0.0,0.0,0.0,816.3941194,544.2627463
sc02,01-16 23:00:00+01:00,0.0,80.0,0.0,0.0,0.0,273.2866917000001,300.0,140.0,140.0,350.00000000000006,350.00000000000006,0.0,0.0,0.0,0.0,0.0,771.263585,514.1757233
sc02,01-17 00:00:00+01:00,0.0,80.0,0.0,0.0,0.0,278.25534319999963,300.0,140.0,140.0,350.00000000000006,350.00000000000006,0.0,0.0,0.0,0.0,0.0,745.7373941,497.1582627
sc02,01-17 01:00:00+01:00,0.0,80.0,0.0,0.0,0.0,193.03132528947333,300.0,140.0,140.0,350.00000000000006,350.00000000000006,0.0,0.0,0.0,0.0,0.0,687.3221943,458.2147962
sc02,01-17 02:00:00+01:00,0.0,80.0,0.0,0.0,0.0,231.24914769999944,300.0,140.0,140.0,350.00000000000006,350.00000000000006,0.0,0.0,0.0,0.0,0.0,672.9521114,448.6347409
sc02,01-17 03:00:00+01:00,0.0,80.0,0.0,0.0,0.0,140.6697545,300.0,140.0,140.0,350.00000000000006,350.00000000000006,0.0,0.0,0.0,0.0,0.0,705.5167473,470.3444982
sc02,01-17 04:00:00+01:00,0.0,155.27807899999968,0.0,0.0,0.0,300.0,300.0,140.0,140.0,350.00000000000006,350.00000000000006,0.0,0.0,0.0,0.0,0.0,705.2537526,470.1691684
sc02,01-17 05:00:00+01:00,0.0,200.0,0.0,150.0,0.0,300.0,300.0,350.00000000000006,140.05117499999974,350.00000000000006,350.00000000000006,0.0,0.0,0.0,0.0,0.0,721.8808950000001,481.25393
sc02,01-17 06:00:00+01:00,0.0,200.0,120.00000000000003,150.0,19.275188999999887,300.0,300.0,350.00000000000006,350.00000000000006,350.00000000000006,350.00000000000006,0.0,0.0,0.0,0.0,0.0,775.4584866,516.9723244
sc02,01-17 07:00:00+01:00,0.0,200.0,120.00000000000003,150.0,150.0,300.0,300.0,350.00000000000006,350.00000000000006,350.00000000000006,350.00000000000006,40.14021400000009,0.0,0.0,0.0,0.0,848.4406716,565.6271144
sc02,01-17 08:00:00+01:00,100.0,200.0,120.00000000000003,150.0,150.0,300.0,300.0,350.00000000000006,350.00000000000006,350.00000000000006,350.00000000000006,109.0797938800002,0.0,3.9705689519999994,2.6470459680000005,0.0,840.5277547,560.3518365
sc02,01-17 09:00:00+01:00,100.0,200.0,120.00000000000003,150.0,150.0,300.0,300.0,350.00000000000006,350.00000000000006,350.00000000000006,350.00000000000006,13.195953929999337,0.0,71.39143912,47.59429275,0.0,851.8657885,567.9105257
sc02,01-17 10:00:00+01:00,0.0,200.0,120.00000000000003,150.0,34.418641299999805,300.0,300.0,350.00000000000006,350.00000000000006,350.00000000000006,350.00000000000006,0.0,0.0,191.395948,127.5972987,0.0,843.3264672,562.2176448
sc02,01-17 11:00:00+01:00,0.0,200.0,0.0,150.0,0.0,300.0,300.0,350.00000000000006,251.22995829999988,350.00000000000006,350.00000000000006,0.0,0.0,280.9625077,187.3083385,0.0,855.8047173,570.5364782
sc02,01-17 12:00:00+01:00,0.0,200.0,0.0,75.8784486000004,0.0,300.0,300.0,350.00000000000006,140.0,350.00000000000006,350.00000000000006,0.0,0.0,335.8068709,223.8712473,0.0,833.5166599,555.6777733
sc02,01-17 13:00:00+01:00,0.0,200.0,0.0,0.0,0.0,300.0,300.0,350.00000000000006,140.0,350.00000000000006,350.00000000000006,0.0,0.0,362.9708046,241.9805364,0.0,822.5698772,548.3799182
sc02,01-17 14:00:00+01:00,0.0,200.0,0.0,0.0,0.0,300.0,300.0,304.6146555000003,140.0,350.00000000000006,350.00000000000006,0.0,0.0,376.7740044,251.18266960000003,0.0,799.8340023000001,533.2226682
sc02,01-17 15:00:00+01:00,0.0,200.0,0.0,0.0,0.0,300.0,300.0,277.72605158947397,140.0,350.00000000000006,350.00000000000006,0.0,0.0,334.17576720000005,222.7838448,0.0,812.3529095,541.5686063
sc02,01-17 16:00:00+01:00,0.0,200.0,0.0,150.0,0.0,300.0,300.0,350.00000000000006,211.8331095,350.00000000000006,350.00000000000006,0.0,0.0,226.8059491,151.2039661,0.0,829.2299852,552.8199901
sc02,01-17 17:00:00+01:00,0.0,200.0,120.00000000000003,150.0,150.0,300.0,300.0,350.00000000000006,350.00000000000006,350.00000000000006,350.00000000000006,129.3901347999995,0.0,69.91567572,46.61045048,0.0,835.5124434,557.0082956
sc02,01-17 18:00:00+01:00,100.0,200.0,120.00000000000003,150.0,150.0,300.0,300.0,350.00000000000006,350.00000000000006,350.00000000000006,350.00000000000006,300.0,0.0,2.828673995,1.885782663,59.3928898419997,841.9431921,561.2954614000001
sc02,01-17 19:00:00+01:00,100.0,200.0,120.00000000000003,150.0,150.0,300.0,300.0,350.00000000000006,350.00000000000006,350.00000000000006,350.00000000000006,300.0,0.0,0.0,0.0,31.402750000000452,839.77275,559.8485
sc02,01-17 20:00:00+01:00,0.0,200.0,120.00000000000003,150.0,150.0,300.0,300.0,350.00000000000006,350.00000000000006,350.00000000000006,350.00000000000006,87.4688661999997,0.0,0.0,0.0,0.0,828.4968803,552.3312535
sc02,01-17 21:00:00+01:00,0.0,200.0,14.793744999999914,150.0,0.0,300.0,300.0,350.00000000000006,210.00000000000003,350.00000000000006,350.00000000000006,0.0,0.0,0.0,0.0,0.0,829.765353,553.176902
sc02,01-17 22:00:00+01:00,0.0,200.0,0.0,147.13921350000015,0.0,300.0,300.0,350.00000000000006,0.0,350.00000000000006,350.00000000000006,0.0,0.0,0.0,0.0,0.0,832.5226719,555.0151146
sc02,01-17 23:00:00+01:00,0.0,90.8623880999998,0.0,0.0,0.0,300.0,300.0,140.0,0.0,350.00000000000006,350.00000000000006,0.0,0.0,0.0,0.0,0.0,811.8927671,541.2618448
sc02,01-18 00:00:00+01:00,0.0,80.0,0.0,0.0,0.0,279.7999941999993,300.0,140.0,0.0,350.00000000000006,350.00000000000006,0.0,0.0,0.0,0.0,0.0,811.8552035,541.2368023
sc02,01-18 01:00:00+01:00,0.0,80.0,0.0,0.0,0.0,297.2976149999998,300.0,140.0,0.0,350.00000000000006,350.00000000000006,0.0,0.0,0.0,0.0,0.0,747.0680310000001,498.045354
sc02,01-18 02:00:00+01:00,0.0,80.0,0.0,0.0,0.0,167.79340478947339,300.0,140.0,0.0,350.00000000000006,350.00000000000006,0.0,0.0,0.0,0.0,0.0,725.8541466,483.9027644
sc02,01-18 03:00:00+01:00,0.0,80.0,0.0,0.0,0.0,247.97079369999992,300.0,140.0,0.0,350.00000000000006,350.00000000000006,0.0,0.0,0.0,0.0,0.0,709.7431238,473.1620825
sc02,01-18 04:00:00+01:00,0.0,200.0,0.0,0.0,0.0,300.0,300.0,233.71037950000007,0.0,350.00000000000006,350.00000000000006,0.0,0.0,0.0,0.0,0.0,682.9833723,455.3222482
sc02,01-18 05:00:00+01:00,0.0,200.0,0.0,150.0,0.0,300.0,300.0,350.00000000000006,98.15839879999932,350.00000000000006,350.00000000000006,0.0,0.0,0.0,0.0,0.0,704.5965607,469.7310405
sc02,01-18 06:00:00+01:00,0.0,200.0,120.00000000000003,150.0,124.94584400000011,300.0,300.0,350.00000000000006,210.00000000000003,350.00000000000006,350.00000000000006,0.0,0.0,0.0,0.0,0.0,742.0650936,494.7100624
sc02,01-18 07:00:00+01:00,0.0,200.0,120.00000000000003,150.0,150.0,300.0,300.0,350.00000000000006,210.00000000000003,350.00000000000006,350.00000000000006,214.29280219999998,0.0,0.0,0.0,0.0,777.4297187,518.2864791
sc02,01-18 08:00:00+01:00,100.0,200.0,120.00000000000003,150.0,150.0,300.0,300.0,350.00000000000006,210.00000000000003,350.00000000000006,350.00000000000006,300.0,0.0,7.669246498,5.112830999,46.09627720300016,735.4185872,490.2790581
sc02,01-18 09:00:00+01:00,100.0,200.0,120.00000000000003,150.0,150.0,300.0,300.0,350.00000000000006,210.00000000000003,350.00000000000006,350.00000000000006,260.72489364000063,0.0,139.7977627,93.19850846,0.0,686.2847011,457.5231341
sc02,01-18 10:00:00+01:00,0.0,200.0,120.00000000000003,150.0,150.0,300.0,300.0,350.00000000000006,210.00000000000003,350.00000000000006,350.00000000000006,11.79535309999949,0.0,360.3496588,240.2331059,0.0,659.8763293,439.91755290000003
sc02,01-18 11:00:00+01:00,0.0,200.0,32.97590450000021,150.0,0.0,300.0,300.0,350.00000000000006,210.00000000000003,350.00000000000006,350.00000000000006,0.0,0.0,462.0081055,308.0054037,0.0,662.4309518,441.6206345
sc02,01-18 12:00:00+01:00,0.0,200.0,0.0,150.0,0.0,300.0,300.0,350.00000000000006,15.648527100000143,350.00000000000006,350.00000000000006,0.0,0.0,494.9954342,329.9969562,0.0,688.2030495,458.802033
sc02,01-18 13:00:00+01:00,0.0,200.0,0.0,0.0,0.0,300.0,300.0,350.00000000000006,0.0,350.00000000000006,350.00000000000006,0.0,0.0,508.8997674,339.2665116,0.0,736.6124727000001,491.0749818
sc02,01-18 14:00:00+01:00,0.0,200.0,0.0,0.0,0.0,300.0,300.0,304.48563240000016,0.0,350.00000000000006,350.00000000000006,0.0,0.0,503.5586675,335.7057783,0.0,745.6055531,497.0703687
sc02,01-18 15:00:00+01:00,0.0,200.0,0.0,0.0,0.0,300.0,300.0,289.01643558947404,0.0,350.00000000000006,350.00000000000006,0.0,0.0,461.0275466,307.3516978,0.0,758.4593414000001,505.63956089999994
sc02,01-18 16:00:00+01:00,0.0,200.0,0.0,150.0,0.0,300.0,300.0,350.00000000000006,71.99535469999991,350.00000000000006,350.00000000000006,0.0,0.0,348.9931758,232.6621172,0.0,760.5872114,507.0581409
sc02,01-18 17:00:00+01:00,0.0,200.0,120.00000000000003,150.0,150.0,300.0,300.0,350.00000000000006,210.00000000000003,350.00000000000006,350.00000000000006,209.28070556999953,0.0,130.8755153,87.25034353,0.0,758.2940614,505.5293742
sc02,01-18 18:00:00+01:00,100.0,200.0,120.00000000000003,150.0,150.0,300.0,300.0,350.00000000000006,210.00000000000003,350.00000000000006,350.00000000000006,300.0,0.0,5.828411979,3.885607986,220.94456803500083,759.5864472000001,506.3909648
sc02,01-18 19:00:00+01:00,100.0,200.0,120.00000000000003,150.0,150.0,300.0,300.0,350.00000000000006,210.00000000000003,350.00000000000006,350.00000000000006,300.0,0.0,0.0,0.0,184.73315569999946,764.3501066,509.5667376999999
sc02,01-18 20:00:00+01:00,0.0,200.0,120.00000000000003,150.0,150.0,300.0,300.0,350.00000000000006,210.00000000000003,350.00000000000006,350.00000000000006,201.75987359999976,0.0,0.0,0.0,0.0,780.9456758000001,520.6304506
sc02,01-18 21:00:00+01:00,0.0,200.0,41.726466700000074,150.0,0.0,300.0,300.0,350.00000000000006,210.00000000000003,350.00000000000006,350.00000000000006,0.0,0.0,0.0,0.0,0.0,759.45932,506.3062133
sc02,01-18 22:00:00+01:00,0.0,200.0,0.0,150.0,0.0,300.0,300.0,350.00000000000006,149.3892257999999,350.00000000000006,350.00000000000006,0.0,0.0,0.0,0.0,0.0,697.5718645,465.0479097
sc02,01-18 23:00:00+01:00,0.0,200.0,0.0,0.0,0.0,300.0,300.0,183.9318722999998,0.0,350.00000000000006,350.00000000000006,0.0,0.0,0.0,0.0,0.0,649.7214766,433.1476511
sc02,01-19 00:00:00+01:00,0.0,187.98839449999983,0.0,0.0,0.0,300.0,300.0,140.0,0.0,350.00000000000006,350.00000000000006,0.0,0.0,0.0,0.0,0.0,615.0129633,410.0086422
sc02,01-19 01:00:00+01:00,0.0,186.85453078947296,0.0,0.0,0.0,300.0,300.0,140.0,0.0,350.00000000000006,350.00000000000006,0.0,0.0,0.0,0.0,0.0,622.0234688,414.6823125
sc02,01-19 02:00:00+01:00,0.0,80.0,0.0,0.0,0.0,300.0,300.0,140.0,0.0,350.00000000000006,350.00000000000006,0.0,0.0,0.0,0.0,0.0,636.7040287,424.4693525
sc02,01-19 03:00:00+01:00,0.0,80.0,0.0,0.0,0.0,300.0,300.0,140.0,0.0,350.00000000000006,350.00000000000006,0.0,0.0,0.0,0.0,0.0,642.8859735,428.590649
sc02,01-19 04:00:00+01:00,0.0,200.0,0.0,0.0,0.0,300.0,300.0,178.92082719999996,0.0,350.00000000000006,350.00000000000006,0.0,0.0,0.0,0.0,0.0,646.8385037,431.2256691
sc02,01-19 05:00:00+01:00,0.0,200.0,0.0,150.0,0.0,300.0,300.0,350.00000000000006,29.11914249999953,350.00000000000006,350.00000000000006,0.0,0.0,0.0,0.0,0.0,647.6561145,431.77074300000004
sc02,01-19 06:00:00+01:00,0.0,200.0,120.00000000000003,150.0,63.00452829999995,300.0,300.0,350.00000000000006,210.00000000000003,350.00000000000006,350.00000000000006,0.0,0.0,0.0,0.0,0.0,655.7522830000001,437.1681887
sc02,01-19 07:00:00+01:00,13.092163433000403,200.0,120.00000000000003,150.0,150.0,300.0,300.0,350.00000000000006,210.00000000000003,350.00000000000006,350.00000000000006,187.49778716699964,0.0,0.0,0.0,0.0,653.8506296,435.9004198
sc02,01-19 08:00:00+01:00,86.9078365669996,200.0,120.00000000000003,150.0,150.0,300.0,300.0,350.00000000000006,210.00000000000003,350.00000000000006,350.00000000000006,300.0,0.0,10.9565384,7.304358933,0.0,641.1025597,427.4017064
sc02,01-19 09:00:00+01:00,100.0,200.0,120.00000000000003,150.0,150.0,300.0,300.0,350.00000000000006,210.00000000000003,350.00000000000006,350.00000000000006,25.707954200000078,0.0,199.7830392,133.1886928,0.0,656.6221883,437.7481255
sc02,01-19 10:00:00+01:00,0.0,120.00000000000003,120.00000000000003,150.0,46.71168400000081,300.0,300.0,210.00000000000003,210.00000000000003,350.00000000000006,350.00000000000006,0.0,0.0,468.0152903,312.0101936,0.0,660.0448993,440.0299328
sc02,01-19 11:00:00+01:00,0.0,120.00000000000003,0.0,150.0,0.0,300.0,300.0,210.00000000000003,45.465791499999995,350.00000000000006,350.00000000000006,0.0,0.0,587.6601121,391.7734081,0.0,707.086613,471.3910753
sc02,01-19 12:00:00+01:00,0.0,120.00000000000003,0.0,0.0,0.0,300.0,300.0,210.00000000000003,0.0,350.00000000000006,350.00000000000006,0.0,0.0,598.8988204,399.2658803,0.0,768.0827544000001,512.0551696
sc02,01-19 13:00:00+01:00,0.0,120.00000000000003,0.0,0.0,0.0,300.0,300.0,131.80296388947426,0.0,350.00000000000006,350.00000000000006,0.0,0.0,577.2083838,384.80558920000004,0.0,795.0424525,530.0283017
sc02,01-19 14:00:00+01:00,0.0,120.00000000000003,0.0,0.0,0.0,300.0,300.0,166.8143583000002,0.0,350.00000000000006,350.00000000000006,0.0,0.0,505.11561900000004,336.743746,0.0,830.224366,553.4829107000002
sc02,01-19 15:00:00+01:00,0.0,120.00000000000003,0.0,0.0,0.0,300.0,300.0,185.19134509999992,0.0,350.00000000000006,350.00000000000006,0.0,0.0,397.51086330000004,265.0072422,0.0,869.8311296,579.8874198
sc02,01-19 16:00:00+01:00,0.0,120.00000000000003,0.0,150.0,0.0,300.0,300.0,210.00000000000003,183.59721580000036,350.00000000000006,350.00000000000006,0.0,0.0,238.9008951,159.2672634,0.0,884.6109754,589.7406503
sc02,01-19 17:00:00+01:00,0.0,120.00000000000003,120.00000000000003,150.0,150.0,300.0,300.0,210.00000000000003,210.00000000000003,350.00000000000006,350.00000000000006,169.60511951999942,0.0,76.24308551,50.82872367000001,0.0,893.4378428,595.6252285
sc02,01-19 18:00:00+01:00,100.0,120.00000000000003,120.00000000000003,150.0,150.0,300.0,300.0,210.00000000000003,210.00000000000003,350.00000000000006,350.00000000000006,300.0,15.084850663000083,3.009098782,2.006065855,0.0,912.3851908,608.2567939
sc02,01-19 19:00:00+01:00,100.0,120.00000000000003,120.00000000000003,150.0,150.0,300.0,300.0,210.00000000000003,210.00000000000003,350.00000000000006,350.00000000000006,218.9374709999999,0.0,0.0,0.0,0.0,942.3069174,628.2046116
sc02,01-19 20:00:00+01:00,0.0,120.00000000000003,120.00000000000003,150.0,150.0,300.0,300.0,210.00000000000003,210.00000000000003,350.00000000000006,350.00000000000006,15.067686899999877,0.0,0.0,0.0,0.0,922.7455879,615.1637252
sc02,01-19 21:00:00+01:00,0.0,120.00000000000003,52.14095420000012,150.0,0.0,180.0,300.0,210.00000000000003,210.00000000000003,350.00000000000006,350.00000000000006,0.0,0.0,0.0,0.0,0.0,875.7666275,583.8444183
sc02,01-19 22:00:00+01:00,0.0,120.00000000000003,0.0,150.0,0.0,180.0,300.0,210.00000000000003,122.9196021947371,350.00000000000006,350.00000000000006,0.0,0.0,0.0,0.0,0.0,856.3593334000001,570.9062223
sc02,01-19 23:00:00+01:00,0.0,120.00000000000003,0.0,0.0,0.0,180.0,180.0,183.43811389999996,0.0,350.00000000000006,350.00000000000006,0.0,0.0,0.0,0.0,0.0,819.3269317,546.2179544
sc03,01-13 00:00:00+01:00,0.0,80.0,80.0,100.0,100.0,120.0,120.0,140.0,140.0,350.00000000000006,350.00000000000006,0.0,0.0,0.0,0.0,0.0,584.9184685,389.9456457
sc03,01-13 01:00:00+01:00,0.0,80.0,80.0,100.0,100.0,120.0,120.0,140.0,140.0,350.00000000000006,350.00000000000006,0.0,0.0,0.0,0.0,0.0,616.3817039,410.9211359
sc03,01-13 02:00:00+01:00,0.0,80.0,80.0,100.0,100.0,120.0,120.0,140.0,140.0,350.00000000000006,350.00000000000006,0.0,0.0,0.0,0.0,0.0,633.8365723000001,422.5577148
sc03,01-13 03:00:00+01:00,0.0,80.0,80.0,100.0,100.0,120.0,120.0,140.0,140.0,350.00000000000006,350.00000000000006,0.0,0.0,0.0,0.0,0.0,651.0143535000001,434.009569
sc03,01-13 04:00:00+01:00,0.0,80.0,80.0,100.0,100.0,120.0,120.0,140.0,140.0,350.00000000000006,350.00000000000006,0.0,0.0,0.0,0.0,0.0,678.7123122,452.47487480000007
sc03,01-13 05:00:00+01:00,0.0,80.0,80.0,100.0,100.0,120.0,120.0,140.0,140.0,350.00000000000006,350.00000000000006,0.0,0.0,0.0,0.0,0.0,640.062194,426.7081293
sc03,01-13 06:00:00+01:00,0.0,80.0,80.0,100.0,100.0,120.0,215.16740109999967,140.0,140.0,350.00000000000006,350.00000000000006,0.0,0.0,0.0,0.0,0.0,608.9847593,405.98983960000004
sc03,01-13 07:00:00+01:00,0.0,200.0,80.0,100.0,100.0,300.0,300.0,183.15880960000004,140.0,350.00000000000006,350.00000000000006,0.0,0.0,0.0,0.0,0.0,563.7727142,375.8484762
sc03,01-13 08:00:00+01:00,100.0,200.0,80.0,164.01281659352432,100.0,300.0,300.0,350.00000000000006,140.0,350.00000000000006,350.00000000000006,0.0,41.37470878247562,8.614595294,5.74306353,0.0,518.1490895,345.4327263
sc03,01-13 09:00:00+01:00,100.0,200.0,80.0,100.0,100.0,300.0,300.0,350.00000000000006,140.0,350.00000000000006,350.00000000000006,0.0,144.99383370000035,150.2314424,100.1542949,0.0,454.6622574,303.1081716
sc03,01-13 10:00:00+01:00,0.0,200.0,80.0,100.0,100.0,300.0,300.0,225.71287250000023,140.0,350.00000000000006,350.00000000000006,0.0,0.0,447.7789894,298.5193263,0.0,412.62588710000006,275.0839247
sc03,01-13 11:00:00+01:00,0.0,80.0,80.0,100.0,100.0,269.8138613000006,300.0,140.0,140.0,350.00000000000006,350.00000000000006,0.0,0.0,619.8476127,413.2317418,0.0,390.3670705,260.2447137
sc03,01-13 12:00:00+01:00,0.0,80.0,80.0,100.0,100.0,138.45743300000012,300.0,140.0,140.0,350.00000000000006,350.00000000000006,0.0,0.0,675.8864871,450.5909914,0.0,382.6320531,255.08803540000002
sc03,01-13 13:00:00+01:00,0.0,80.0,80.0,100.0,100.0,120.0,120.0,140.0,140.0,350.00000000000006,350.00000000000006,0.0,0.0,741.952703,494.6351353,0.0,369.3374689,246.2249793
sc03,01-13 14:00:00+01:00,0.0,80.0,80.0,100.0,100.0,120.0,120.0,140.0,140.0,350.00000000000006,350.00000000000006,0.0,0.0,789.1370886,526.0913924,0.0,381.7147636,254.47650909999996
sc03,01-13 15:00:00+01:00,0.0,80.0,80.0,100.0,100.0,120.0,120.0,140.0,140.0,350.00000000000006,350.00000000000006,0.0,0.0,770.4985473,513.6656982,0.0,382.9397804,255.29318690000002
sc03,01-13 16:00:00+01:00,0.0,80.0,80.0,100.0,100.0,218.6702022999999,300.0,140.0,140.0,350.00000000000006,350.00000000000006,0.0,0.0,587.0644472,391.3762982,0.0,361.2642314,240.8428209
sc03,01-13 17:00:00+01:00,15.879563100000174,200.0,80.0,100.0,100.0,300.0,300.0,350.00000000000006,140.0,350.00000000000006,350.00000000000006,0.0,500.0,172.5718121,115.0478747,0.0,335.79225010000005,223.8615
sc03,01-13 18:00:00+01:00,84.12043689999985,200.0,80.0,100.0,100.0,300.0,300.0,350.00000000000006,140.0,350.00000000000006,350.00000000000006,0.0,324.70601819432244,4.601107391000001,3.067404927,547.0592711876776,330.6076568,220.4051046
sc03,01-13 19:00:00+01:00,100.0,200.0,80.0,100.0,100.0,300.0,300.0,350.00000000000006,140.0,350.00000000000006,350.00000000000006,0.0,500.0,0.0,0.0,398.35207999999983,344.172552,229.448368
sc03,01-13 20:00:00+01:00,0.0,200.0,80.0,100.0,100.0,300.0,300.0,350.00000000000006,140.0,350.00000000000006,350.00000000000006,0.0,500.0,0.0,0.0,283.3313454000003,358.8267928,239.2178618
sc03,01-13 21:00:00+01:00,0.0,200.0,80.0,100.0,100.0,300.0,300.0,350.00000000000006,140.0,350.00000000000006,350.00000000000006,0.0,395.3195189999997,0.0,0.0,0.0,367.1444886,244.76299240000003
sc03,01-13 22:00:00+01:00,0.0,200.0,80.0,100.0,100.0,300.0,300.0,350.00000000000006,140.0,350.00000000000006,350.00000000000006,0.0,189.3682396999992,0.0,0.0,0.0,359.2912562,239.5275041
sc03,01-13 23:00:00+01:00,0.0,200.0,80.0,100.0,100.0,300.0,300.0,296.44224600000007,140.0,350.00000000000006,350.00000000000006,0.0,0.0,0.0,0.0,0.0,379.0678524,252.7119016
sc03,01-14 00:00:00+01:00,0.0,131.76086299999963,80.0,100.0,100.0,300.0,300.0,140.0,140.0,350.00000000000006,350.00000000000006,0.0,0.0,0.0,0.0,0.0,403.0512822,268.7008548
sc03,01-14 01:00:00+01:00,0.0,80.0,80.0,100.0,100.0,202.08514479999963,300.0,140.0,140.0,350.00000000000006,350.00000000000006,0.0,0.0,0.0,0.0,0.0,404.5259131,269.6839421
sc03,01-14 02:00:00+01:00,0.0,80.0,80.0,100.0,100.0,120.0,214.7998995,140.0,140.0,350.00000000000006,350.00000000000006,0.0,0.0,0.0,0.0,0.0,423.9576603,282.6384402
sc03,01-14 03:00:00+01:00,0.0,80.0,80.0,100.0,100.0,120.0,124.0685857999997,140.0,140.0,350.00000000000006,350.00000000000006,0.0,0.0,0.0,0.0,0.0,418.50864850000005,279.0057657
sc03,01-14 04:00:00+01:00,0.0,80.0,80.0,100.0,100.0,120.0,120.0,140.0,140.0,350.00000000000006,350.00000000000006,0.0,0.0,0.0,0.0,0.0,432.74615380000006,288.4974359
sc03,01-14 05:00:00+01:00,0.0,80.0,80.0,100.0,100.0,120.0,120.0,140.0,140.0,350.00000000000006,350.00000000000006,0.0,0.0,0.0,0.0,0.0,449.9889717,299.9926478
sc03,01-14 06:00:00+01:00,0.0,80.0,80.0,100.0,100.0,120.0,289.97010759999966,140.0,140.0,350.00000000000006,350.00000000000006,0.0,0.0,0.0,0.0,0.0,451.5767354,301.051157
sc03,01-14 07:00:00+01:00,0.0,200.0,80.0,100.0,100.0,300.0,300.0,145.46429879999963,140.0,350.00000000000006,350.00000000000006,0.0,0.0,0.0,0.0,0.0,459.1192207,306.0794805
sc03,01-14 08:00:00+01:00,75.57543756399936,200.0,80.0,100.0,100.0,300.0,300.0,350.00000000000006,140.0,350.00000000000006,350.00000000000006,0.0,0.0,10.05441446,6.702942976,0.0,471.658923,314.439282
sc03,01-14 09:00:00+01:00,92.40320096100103,200.0,80.0,100.0,100.0,300.0,300.0,148.93240093899885,140.0,350.00000000000006,350.00000000000006,0.0,0.0,210.0630917,140.0420612,0.0,483.2533471,322.1688981
sc03,01-14 10:00:00+01:00,0.0,80.0,80.0,100.0,100.0,120.0,192.96207409999954,140.0,140.0,350.00000000000006,350.00000000000006,0.0,0.0,538.7206075,359.14707160000006,0.0,482.86334810000005,321.9088987
sc03,01-14 11:00:00+01:00,0.0,80.0,80.0,100.0,100.0,120.0,120.0,140.0,140.0,350.00000000000006,350.00000000000006,0.0,0.0,685.4593711,456.972914,0.0,481.02685410000004,320.6845694
sc03,01-14 12:00:00+01:00,0.0,80.0,80.0,100.0,100.0,120.0,120.0,140.0,140.0,350.00000000000006,350.00000000000006,0.0,0.0,741.9154433,494.6102955,0.0,492.2338571000001,328.1559047
sc03,01-14 13:00:00+01:00,0.0,80.0,80.0,100.0,100.0,120.0,120.0,140.0,140.0,350.00000000000006,350.00000000000006,0.0,0.0,767.6093647000001,511.73957640000003,0.0,532.9985876,355.3323917
sc03,01-14 14:00:00+01:00,0.0,80.0,80.0,100.0,100.0,120.0,120.0,140.0,140.0,350.00000000000006,350.00000000000006,0.0,0.0,776.1094278,517.4062852,0.0,491.14714739999914,381.2741396
sc03,01-14 15:00:00+01:00,0.0,80.0,80.0,100.0,100.0,120.0,120.0,140.0,140.0,350.00000000000006,350.00000000000006,0.0,0.0,734.0176832,489.3451222,0.0,556.0770219999989,395.1981726
sc03,01-14 16:00:00+01:00,0.0,80.0,80.0,100.0,100.0,120.0,120.0,140.0,140.0,350.00000000000006,350.00000000000006,0.0,0.0,524.324343,349.549562,0.0,587.7118779,391.80791860000005
sc03,01-14 17:00:00+01:00,71.12703879999964,200.0,80.0,100.0,100.0,300.0,300.0,350.00000000000006,140.0,350.00000000000006,350.00000000000006,0.0,0.0,161.8235973,107.8823982,0.0,601.6745794,401.11638630000004
sc03,01-14 18:00:00+01:00,28.87296120000035,200.0,80.0,100.0,100.0,300.0,300.0,350.00000000000006,140.0,350.00000000000006,350.00000000000006,0.0,343.1369145239995,4.694990686,3.12999379,0.0,683.4588839,455.6392559
sc03,01-14 19:00:00+01:00,100.0,200.0,80.0,100.0,100.0,300.0,300.0,350.00000000000006,140.0,350.00000000000006,350.00000000000006,0.0,265.8181937000001,0.0,0.0,0.0,752.0632838000001,501.37552249999993
sc03,01-14 20:00:00+01:00,0.0,200.0,80.0,100.0,100.0,300.0,300.0,350.00000000000006,140.0,350.00000000000006,350.00000000000006,0.0,227.09121949999982,0.0,0.0,0.0,767.2432683,511.4955122
sc03,01-14 21:00:00+01:00,0.0,200.0,80.0,100.0,100.0,300.0,300.0,216.72090769999957,140.0,350.00000000000006,350.00000000000006,0.0,0.0,0.0,0.0,0.0,777.5850554,518.3900369
sc03,01-14 22:00:00+01:00,0.0,80.0,80.0,100.0,100.0,279.28557899999976,300.0,140.0,140.0,350.00000000000006,350.00000000000006,0.0,0.0,0.0,0.0,0.0,776.4290526,517.6193684
sc03,01-14 23:00:00+01:00,0.0,80.0,80.0,100.0,100.0,120.0,237.9380969999998,140.0,140.0,350.00000000000006,350.00000000000006,0.0,0.0,0.0,0.0,0.0,779.0525418,519.3683612
sc03,01-15 00:00:00+01:00,0.0,80.0,80.0,100.0,100.0,120.0,120.0,140.0,140.0,350.00000000000006,350.00000000000006,0.0,0.0,0.0,0.0,0.0,780.9615115,520.6410077
sc03,01-15 01:00:00+01:00,0.0,80.0,80.0,100.0,100.0,120.0,120.0,140.0,140.0,350.00000000000006,350.00000000000006,0.0,0.0,0.0,0.0,0.0,777.6579731,518.4386487
sc03,01-15 02:00:00+01:00,0.0,80.0,80.0,100.0,100.0,120.0,120.0,140.0,140.0,350.00000000000006,350.00000000000006,0.0,0.0,0.0,0.0,0.0,797.3218783,531.5479189
sc03,01-15 03:00:00+01:00,0.0,80.0,80.0,100.0,100.0,120.0,120.0,140.0,140.0,350.00000000000006,350.00000000000006,0.0,0.0,0.0,0.0,0.0,742.5733076,495.0488718
sc03,01-15 04:00:00+01:00,0.0,80.0,80.0,100.0,100.0,257.35420480000005,300.0,140.0,140.0,350.00000000000006,350.00000000000006,0.0,0.0,0.0,0.0,0.0,639.2380771,426.1587181
sc03,01-15 05:00:00+01:00,0.0,200.0,80.0,100.0,100.0,300.0,300.0,350.00000000000006,140.0,350.00000000000006,350.00000000000006,0.0,21.753124199999487,0.0,0.0,0.0,660.5921255000001,440.3947503
sc03,01-15 06:00:00+01:00,0.0,200.0,80.0,100.0,100.0,300.0,300.0,350.00000000000006,140.0,350.00000000000006,350.00000000000006,0.0,468.5446457000004,0.0,0.0,0.0,666.2696126,444.1797417
sc03,01-15 07:00:00+01:00,95.0,200.0,80.0,100.0,100.0,300.0,300.0,350.00000000000006,140.0,350.00000000000006,350.00000000000006,0.0,499.6657684999992,0.0,0.0,0.0,790.1449389,526.7632926
sc03,01-15 08:00:00+01:00,100.0,200.0,80.0,100.0,100.0,300.0,300.0,350.00000000000006,140.0,350.00000000000006,350.00000000000006,0.0,500.0,8.563294452,5.708862968,92.65772758000072,846.621069,564.414046
sc03,01-15 09:00:00+01:00,0.0,200.0,80.0,100.0,100.0,300.0,300.0,350.00000000000006,140.0,350.00000000000006,350.00000000000006,0.0,500.0,127.824813,85.21654198,38.572117420001234,865.3413166,576.894211
sc03,01-15 10:00:00+01:00,0.0,200.0,80.0,100.0,100.0,300.0,300.0,350.00000000000006,140.0,350.00000000000006,350.00000000000006,0.0,181.27924000000056,330.5739096,220.3826064,0.0,871.0561464,580.7040976
sc03,01-15 11:00:00+01:00,0.0,200.0,80.0,100.0,100.0,300.0,300.0,226.45606730000085,140.0,350.00000000000006,350.00000000000006,0.0,0.0,499.3886463,332.9257642,0.0,844.0833133,562.7222089
sc03,01-15 12:00:00+01:00,0.0,80.0,80.0,100.0,100.0,259.5689132000006,300.0,140.0,140.0,350.00000000000006,350.00000000000006,0.0,0.0,550.7798846,367.1865897,0.0,861.9603675,574.640245
sc03,01-15 13:00:00+01:00,0.0,80.0,80.0,100.0,100.0,120.0,153.65928529999928,140.0,140.0,350.00000000000006,350.00000000000006,0.0,0.0,583.5432272,389.0288181,0.0,911.7730016,607.8486678
sc03,01-15 14:00:00+01:00,0.0,80.0,80.0,100.0,100.0,120.0,120.0,140.0,140.0,350.00000000000006,350.00000000000006,0.0,0.0,590.5382209,393.69214730000004,0.0,950.7751869000001,633.8501246
sc03,01-15 15:00:00+01:00,0.0,80.0,80.0,100.0,100.0,120.0,142.17923429999934,140.0,140.0,350.00000000000006,350.00000000000006,0.0,0.0,524.6617906,349.7745271,0.0,936.4658688,624.3105792
sc03,01-15 16:00:00+01:00,0.0,99.40735950000072,80.0,100.0,100.0,300.0,300.0,140.0,140.0,350.00000000000006,350.00000000000006,0.0,0.0,380.0413204000001,253.3608803,0.0,952.1624639,634.7749759
sc03,01-15 17:00:00+01:00,0.0,200.0,80.0,100.0,100.0,300.0,300.0,350.00000000000006,140.0,350.00000000000006,350.00000000000006,0.0,341.6909702000008,153.8320457,102.5546971,0.0,942.4393722,628.2929148
sc03,01-15 18:00:00+01:00,100.0,200.0,80.0,100.0,100.0,300.0,300.0,350.00000000000006,140.0,350.00000000000006,350.00000000000006,0.0,500.0,4.879453464000001,3.252968976,136.5693240600006,979.1035521,652.7357014
sc03,01-15 19:00:00+01:00,0.0,200.0,80.0,100.0,100.0,300.0,300.0,350.00000000000006,140.0,350.00000000000006,350.00000000000006,0.0,500.0,0.0,0.0,170.3592825000006,998.6266305,665.751087
sc03,01-15 20:00:00+01:00,0.0,200.0,80.0,100.0,100.0,300.0,300.0,350.00000000000006,140.0,350.00000000000006,350.00000000000006,0.0,263.43449819999995,0.0,0.0,0.0,1016.4891010000001,677.6594008
sc03,01-15 21:00:00+01:00,0.0,200.0,0.0,100.0,0.0,300.0,300.0,202.61366499999986,140.0,350.00000000000006,350.00000000000006,0.0,0.0,0.0,0.0,0.0,1069.4738010000003,712.982534
sc03,01-15 22:00:00+01:00,0.0,80.0,0.0,100.0,0.0,152.0588747000004,300.0,140.0,140.0,350.00000000000006,350.00000000000006,0.0,0.0,0.0,0.0,0.0,1119.910875,746.6072503
sc03,01-15 23:00:00+01:00,0.0,80.0,0.0,100.0,0.0,120.0,120.0,140.0,140.0,350.00000000000006,350.00000000000006,0.0,0.0,0.0,0.0,0.0,1092.0287080000003,728.0191383
sc03,01-16 00:00:00+01:00,0.0,80.0,0.0,100.0,0.0,120.0,120.0,140.0,140.0,350.00000000000006,350.00000000000006,0.0,0.0,0.0,0.0,0.0,1116.642765,744.4285098
sc03,01-16 01:00:00+01:00,0.0,80.0,0.0,100.0,0.0,120.0,120.0,140.0,140.0,350.00000000000006,350.00000000000006,0.0,0.0,0.0,0.0,0.0,1101.847992,734.5653278
sc03,01-16 02:00:00+01:00,0.0,80.0,0.0,100.0,0.0,120.0,120.0,140.0,140.0,350.00000000000006,350.00000000000006,0.0,0.0,0.0,0.0,0.0,1036.434145,690.9560964
sc03,01-16 03:00:00+01:00,0.0,80.0,0.0,100.0,0.0,120.0,120.0,140.0,140.0,350.00000000000006,350.00000000000006,0.0,0.0,0.0,0.0,0.0,1050.051702,700.0344683
sc03,01-16 04:00:00+01:00,0.0,80.0,0.0,100.0,0.0,120.0,120.0,140.0,140.0,350.00000000000006,350.00000000000006,0.0,0.0,0.0,0.0,0.0,1045.449935,696.9666233
sc03,01-16 05:00:00+01:00,0.0,80.0,0.0,100.0,0.0,208.35719360000022,300.0,140.0,140.0,350.00000000000006,350.00000000000006,0.0,0.0,0.0,0.0,0.0,1039.038484,692.6923224
sc03,01-16 06:00:00+01:00,0.0,200.0,0.0,100.0,0.0,300.0,300.0,180.97192169999963,140.0,350.00000000000006,350.00000000000006,0.0,0.0,0.0,0.0,0.0,1158.972647,772.6484313
sc03,01-16 07:00:00+01:00,73.62312695499895,200.0,0.0,100.0,0.0,300.0,300.0,244.6741663450017,140.0,350.00000000000006,350.00000000000006,0.0,0.0,0.0,0.0,0.0,1270.501024,847.0006827
sc03,01-16 08:00:00+01:00,26.376873045001055,200.0,0.0,100.0,0.0,300.0,300.0,350.00000000000006,140.0,350.00000000000006,350.00000000000006,0.0,0.0,7.910241153,5.273494102,0.0,1343.755435,895.8369567
sc03,01-16 09:00:00+01:00,100.0,200.0,0.0,100.0,0.0,300.0,300.0,182.79115341999983,140.0,350.00000000000006,350.00000000000006,0.0,0.0,111.7267188,74.48447918,0.0,1331.670989,887.7806596
sc03,01-16 10:00:00+01:00,0.0,80.0,0.0,100.0,0.0,250.5486671000006,300.0,140.0,140.0,350.00000000000006,350.00000000000006,0.0,0.0,273.4701987000001,182.3134658,0.0,1343.2702010000003,895.5134674000001
sc03,01-16 11:00:00+01:00,0.0,80.0,0.0,100.0,0.0,120.0,126.96487140000006,140.0,140.0,350.00000000000006,350.00000000000006,0.0,0.0,419.2217652,279.4811768,0.0,1333.902712,889.2684746
sc03,01-16 12:00:00+01:00,0.0,80.0,0.0,100.0,0.0,120.0,120.0,140.0,140.0,350.00000000000006,350.00000000000006,0.0,0.0,478.559403,319.03960200000006,0.0,1354.228916,902.8192772
sc03,01-16 13:00:00+01:00,0.0,80.0,0.0,100.0,0.0,120.0,120.0,140.0,140.0,350.00000000000006,350.00000000000006,0.0,0.0,465.5238498,310.3492332,0.0,1343.918579,895.9457194
sc03,01-16 14:00:00+01:00,0.0,80.0,0.0,100.0,0.0,120.0,120.0,140.0,140.0,350.00000000000006,350.00000000000006,0.0,0.0,399.7763599,266.5175732,0.0,1287.314512,858.2096744
sc03,01-16 15:00:00+01:00,0.0,80.0,0.0,100.0,0.0,120.0,120.0,140.0,140.0,350.00000000000006,350.00000000000006,0.0,0.0,295.9735564,197.3157042,0.0,1280.381073,853.587382
sc03,01-16 16:00:00+01:00,0.0,80.0,0.0,100.0,0.0,196.99523150000016,300.0,140.0,140.0,350.00000000000006,350.00000000000006,0.0,0.0,194.6190603,129.7460402,0.0,1280.1196010000003,853.413067
sc03,01-16 17:00:00+01:00,45.67366748000004,200.0,0.0,100.0,0.0,300.0,300.0,350.00000000000006,140.0,350.00000000000006,350.00000000000006,0.0,0.0,63.70747843000001,42.47165229,0.0,1283.931721,855.9544808
sc03,01-16 18:00:00+01:00,100.0,200.0,0.0,100.0,0.0,300.0,300.0,350.00000000000006,140.0,350.00000000000006,350.00000000000006,0.0,283.2056226500006,2.4975893100000004,1.66505954,0.0,1275.171437,850.1142915
sc03,01-16 19:00:00+01:00,54.326332519999966,200.0,0.0,100.0,0.0,300.0,300.0,350.00000000000006,140.0,350.00000000000006,350.00000000000006,0.0,301.705644480001,0.0,0.0,0.0,1271.767214,847.844809
sc03,01-16 20:00:00+01:00,0.0,200.0,0.0,100.0,0.0,300.0,300.0,350.00000000000006,140.0,350.00000000000006,350.00000000000006,0.0,35.72415339999988,0.0,0.0,0.0,1239.830308,826.5535386
sc03,01-16 21:00:00+01:00,0.0,80.0,0.0,0.0,0.0,279.84864640000023,300.0,140.0,140.0,350.00000000000006,350.00000000000006,0.0,0.0,0.0,0.0,0.0,1234.095812,822.7305416
sc03,01-16 22:00:00+01:00,0.0,80.0,0.0,0.0,0.0,120.0,236.74170159999935,140.0,140.0,350.00000000000006,350.00000000000006,0.0,0.0,0.0,0.0,0.0,1224.5911790000002,816.3941194
sc03,01-16 23:00:00+01:00,0.0,80.0,0.0,0.0,0.0,120.0,120.0,140.0,140.0,350.00000000000006,350.00000000000006,0.0,0.0,0.0,0.0,0.0,1156.895377,771.263585
sc03,01-17 00:00:00+01:00,0.0,80.0,0.0,0.0,0.0,120.0,120.0,140.0,140.0,350.00000000000006,350.00000000000006,0.0,0.0,0.0,0.0,0.0,1118.606091,745.7373941
sc03,01-17 01:00:00+01:00,0.0,80.0,0.0,0.0,0.0,120.0,120.0,140.0,140.0,350.00000000000006,350.00000000000006,0.0,0.0,0.0,0.0,0.0,1030.983291,687.3221943
sc03,01-17 02:00:00+01:00,0.0,80.0,0.0,0.0,0.0,120.0,120.0,140.0,140.0,350.00000000000006,350.00000000000006,0.0,0.0,0.0,0.0,0.0,1009.428167,672.9521114
sc03,01-17 03:00:00+01:00,0.0,80.0,0.0,0.0,0.0,120.0,120.0,140.0,140.0,350.00000000000006,350.00000000000006,0.0,0.0,0.0,0.0,0.0,1058.275121,705.5167473
sc03,01-17 04:00:00+01:00,0.0,80.0,0.0,0.0,0.0,120.0,120.0,140.0,140.0,350.00000000000006,350.00000000000006,0.0,0.0,0.0,0.0,0.0,1057.880629,705.2537526
sc03,01-17 05:00:00+01:00,0.0,80.0,0.0,0.0,0.0,178.4837620000001,300.0,140.0,140.0,350.00000000000006,350.00000000000006,0.0,0.0,0.0,0.0,0.0,1082.821343,721.8808950000001
sc03,01-17 06:00:00+01:00,0.0,200.0,0.0,0.0,0.0,300.0,300.0,203.05978339999996,140.0,350.00000000000006,350.00000000000006,0.0,0.0,0.0,0.0,0.0,1163.18773,775.4584866
sc03,01-17 07:00:00+01:00,0.0,200.0,0.0,0.0,0.0,300.0,300.0,313.1063214000005,140.0,350.00000000000006,350.00000000000006,0.0,0.0,0.0,0.0,0.0,1272.661007,848.4406716
sc03,01-17 08:00:00+01:00,100.0,200.0,0.0,0.0,0.0,300.0,300.0,350.00000000000006,140.0,350.00000000000006,350.00000000000006,0.0,35.33119092000056,5.955853428,3.9705689519999994,0.0,1260.791632,840.5277547
sc03,01-17 09:00:00+01:00,100.0,200.0,0.0,0.0,0.0,300.0,300.0,223.81493067999955,140.0,350.00000000000006,350.00000000000006,0.0,0.0,107.0871587,71.39143912,0.0,1277.7986830000002,851.8657885
sc03,01-17 10:00:00+01:00,0.0,80.0,0.0,0.0,0.0,282.14996180000014,300.0,140.0,140.0,350.00000000000006,350.00000000000006,0.0,0.0,287.093922,191.395948,0.0,1264.989701,843.3264672
sc03,01-17 11:00:00+01:00,0.0,80.0,0.0,0.0,0.0,120.0,123.92393740000026,140.0,140.0,350.00000000000006,350.00000000000006,0.0,0.0,421.4437616,280.9625077,0.0,1283.707076,855.8047173
sc03,01-17 12:00:00+01:00,0.0,80.0,0.0,0.0,0.0,120.0,120.0,140.0,140.0,350.00000000000006,350.00000000000006,0.0,0.0,503.7103063,335.8068709,0.0,1250.27499,833.5166599
sc03,01-17 13:00:00+01:00,0.0,80.0,0.0,0.0,0.0,120.0,120.0,140.0,140.0,350.00000000000006,350.00000000000006,0.0,0.0,544.4562068,362.9708046,0.0,1233.854816,822.5698772
sc03,01-17 14:00:00+01:00,0.0,80.0,0.0,0.0,0.0,120.0,120.0,140.0,140.0,350.00000000000006,350.00000000000006,0.0,0.0,565.1610066000001,376.7740044,0.0,1199.751004,799.8340023000001
sc03,01-17 15:00:00+01:00,0.0,80.0,0.0,0.0,0.0,120.0,120.0,140.0,140.0,350.00000000000006,350.00000000000006,0.0,0.0,501.2636508,334.17576720000005,0.0,1218.5293640000002,812.3529095
sc03,01-17 16:00:00+01:00,0.0,80.0,0.0,0.0,0.0,120.0,151.8031640000001,140.0,140.0,350.00000000000006,350.00000000000006,0.0,0.0,340.2089237,226.8059491,0.0,1243.844978,829.2299852
sc03,01-17 17:00:00+01:00,0.0,200.0,0.0,0.0,0.0,300.0,300.0,350.00000000000006,140.0,350.00000000000006,350.00000000000006,0.0,4.866702279999635,104.8735136,69.91567572,0.0,1253.268665,835.5124434
sc03,01-17 18:00:00+01:00,100.0,200.0,0.0,0.0,0.0,300.0,300.0,350.00000000000006,140.0,350.00000000000006,350.00000000000006,0.0,285.416334913,4.243010992,2.828673995,0.0,1262.914788,841.9431921
sc03,01-17 19:00:00+01:00,100.0,200.0,0.0,0.0,0.0,300.0,300.0,350.00000000000006,140.0,350.00000000000006,350.00000000000006,0.0,261.59212500000075,0.0,0.0,0.0,1259.659125,839.77275
sc03,01-17 20:00:00+01:00,0.0,200.0,0.0,0.0,0.0,300.0,300.0,350.00000000000006,140.0,350.00000000000006,350.00000000000006,0.0,27.054799699999688,0.0,0.0,0.0,1242.74532,828.4968803
sc03,01-17 21:00:00+01:00,0.0,93.32261700000022,0.0,0.0,0.0,300.0,300.0,140.0,0.0,350.00000000000006,350.00000000000006,0.0,0.0,0.0,0.0,0.0,1244.64803,829.765353
sc03,01-17 22:00:00+01:00,0.0,80.0,0.0,0.0,0.0,120.0,263.37032010000013,140.0,0.0,350.00000000000006,350.00000000000006,0.0,0.0,0.0,0.0,0.0,1248.784008,832.5226719
sc03,01-17 23:00:00+01:00,0.0,80.0,0.0,0.0,0.0,120.0,120.0,140.0,0.0,350.00000000000006,350.00000000000006,0.0,0.0,0.0,0.0,0.0,1217.839151,811.8927671
sc03,01-18 00:00:00+01:00,0.0,80.0,0.0,0.0,0.0,120.0,120.0,140.0,0.0,350.00000000000006,350.00000000000006,0.0,0.0,0.0,0.0,0.0,1217.782805,811.8552035
sc03,01-18 01:00:00+01:00,0.0,80.0,0.0,0.0,0.0,120.0,120.0,140.0,0.0,350.00000000000006,350.00000000000006,0.0,0.0,0.0,0.0,0.0,1120.6020470000003,747.0680310000001
sc03,01-18 02:00:00+01:00,0.0,80.0,0.0,0.0,0.0,120.0,120.0,140.0,0.0,350.00000000000006,350.00000000000006,0.0,0.0,0.0,0.0,0.0,1088.78122,725.8541466
sc03,01-18 03:00:00+01:00,0.0,80.0,0.0,0.0,0.0,120.0,120.0,140.0,0.0,350.00000000000006,350.00000000000006,0.0,0.0,0.0,0.0,0.0,1064.614686,709.7431238
sc03,01-18 04:00:00+01:00,0.0,80.0,0.0,0.0,0.0,120.0,124.55756970000016,140.0,0.0,350.00000000000006,350.00000000000006,0.0,0.0,0.0,0.0,0.0,1024.475058,682.9833723
sc03,01-18 05:00:00+01:00,0.0,80.0,0.0,0.0,0.0,290.99459829999955,300.0,140.0,0.0,350.00000000000006,350.00000000000006,0.0,0.0,0.0,0.0,0.0,1056.894841,704.5965607
sc03,01-18 06:00:00+01:00,0.0,200.0,0.0,0.0,0.0,300.0,300.0,336.55826640000043,0.0,350.00000000000006,350.00000000000006,0.0,0.0,0.0,0.0,0.0,1113.09764,742.0650936
sc03,01-18 07:00:00+01:00,100.0,200.0,0.0,0.0,0.0,300.0,300.0,350.00000000000006,0.0,350.00000000000006,350.00000000000006,0.0,96.43470330000012,0.0,0.0,0.0,1166.144578,777.4297187
sc03,01-18 08:00:00+01:00,100.0,200.0,0.0,0.0,0.0,300.0,300.0,350.00000000000006,0.0,350.00000000000006,350.00000000000006,0.0,356.8564155520003,11.50386975,7.669246498,0.0,1103.127881,735.4185872
sc03,01-18 09:00:00+01:00,0.0,200.0,0.0,0.0,0.0,300.0,300.0,350.00000000000006,0.0,350.00000000000006,350.00000000000006,0.0,302.32284020000066,209.696644,139.7977627,0.0,1029.427052,686.2847011
sc03,01-18 10:00:00+01:00,0.0,200.0,0.0,0.0,0.0,300.0,300.0,141.60702959999955,0.0,350.00000000000006,350.00000000000006,0.0,0.0,540.5244883,360.3496588,0.0,989.814494,659.8763293
sc03,01-18 11:00:00+01:00,0.0,80.0,0.0,0.0,0.0,120.0,265.9433568000003,140.0,0.0,350.00000000000006,350.00000000000006,0.0,0.0,693.0121582,462.0081055,0.0,993.6464277,662.4309518
sc03,01-18 12:00:00+01:00,0.0,80.0,0.0,0.0,0.0,120.0,120.0,140.0,0.0,350.00000000000006,350.00000000000006,0.0,0.0,742.4931514000001,494.9954342,0.0,1032.304574,688.2030495
sc03,01-18 13:00:00+01:00,0.0,80.0,0.0,0.0,0.0,120.0,120.0,140.0,0.0,350.00000000000006,350.00000000000006,0.0,0.0,763.3496511,508.8997674,0.0,1104.918709,736.6124727000001
sc03,01-18 14:00:00+01:00,0.0,80.0,0.0,0.0,0.0,120.0,120.0,140.0,0.0,350.00000000000006,350.00000000000006,0.0,0.0,755.3380013,503.5586675,0.0,1118.40833,745.6055531
sc03,01-18 15:00:00+01:00,0.0,80.0,0.0,0.0,0.0,120.0,120.0,140.0,0.0,350.00000000000006,350.00000000000006,0.0,0.0,691.5413199,461.0275466,0.0,1137.689012,758.4593414000001
sc03,01-18 16:00:00+01:00,0.0,80.0,0.0,0.0,0.0,120.0,120.0,140.0,0.0,350.00000000000006,350.00000000000006,0.0,0.0,523.4897637,348.9931758,0.0,1140.880817,760.5872114
sc03,01-18 17:00:00+01:00,22.225266600000598,200.0,0.0,0.0,0.0,300.0,300.0,350.00000000000006,0.0,350.00000000000006,350.00000000000006,0.0,76.08079179999888,196.31327290000002,130.8755153,0.0,1137.441092,758.2940614
sc03,01-18 18:00:00+01:00,100.0,200.0,0.0,0.0,0.0,300.0,300.0,350.00000000000006,0.0,350.00000000000006,350.00000000000006,0.0,500.0,8.742617969,5.828411979,13.098851852000854,1139.379671,759.5864472000001
sc03,01-18 19:00:00+01:00,77.7747333999994,200.0,0.0,0.0,0.0,300.0,300.0,350.00000000000006,0.0,350.00000000000006,350.00000000000006,0.0,500.0,0.0,0.0,0.0,1146.52516,764.3501066
sc03,01-18 20:00:00+01:00,0.0,200.0,0.0,0.0,0.0,300.0,300.0,350.00000000000006,0.0,350.00000000000006,350.00000000000006,0.0,180.97181019999985,0.0,0.0,0.0,1171.418514,780.9456758000001
sc03,01-18 21:00:00+01:00,0.0,178.8437000000005,0.0,0.0,0.0,300.0,300.0,140.0,0.0,350.00000000000006,350.00000000000006,0.0,0.0,0.0,0.0,0.0,1139.18898,759.45932
sc03,01-18 22:00:00+01:00,0.0,128.0793385000004,0.0,0.0,0.0,300.0,300.0,140.0,0.0,350.00000000000006,350.00000000000006,0.0,0.0,0.0,0.0,0.0,1046.357797,697.5718645
sc03,01-18 23:00:00+01:00,0.0,80.0,0.0,0.0,0.0,120.0,120.0,140.0,0.0,350.00000000000006,350.00000000000006,0.0,0.0,0.0,0.0,0.0,974.5822150000001,649.7214766
sc03,01-19 00:00:00+01:00,0.0,80.0,0.0,0.0,0.0,120.0,120.0,140.0,0.0,350.00000000000006,350.00000000000006,0.0,0.0,0.0,0.0,0.0,922.5194449,615.0129633
sc03,01-19 01:00:00+01:00,0.0,80.0,0.0,0.0,0.0,120.0,120.0,140.0,0.0,350.00000000000006,350.00000000000006,0.0,0.0,0.0,0.0,0.0,933.0352032,622.0234688
sc03,01-19 02:00:00+01:00,0.0,80.0,0.0,0.0,0.0,120.0,120.0,140.0,0.0,350.00000000000006,350.00000000000006,0.0,0.0,0.0,0.0,0.0,955.0560431,636.7040287
sc03,01-19 03:00:00+01:00,0.0,80.0,0.0,0.0,0.0,120.0,120.0,140.0,0.0,350.00000000000006,350.00000000000006,0.0,0.0,0.0,0.0,0.0,964.3289603,642.8859735
sc03,01-19 04:00:00+01:00,0.0,80.0,0.0,0.0,0.0,120.0,120.0,140.0,0.0,350.00000000000006,350.00000000000006,0.0,0.0,0.0,0.0,0.0,970.2577556,646.8385037
sc03,01-19 05:00:00+01:00,0.0,80.0,0.0,0.0,0.0,269.40571370000004,300.0,140.0,0.0,350.00000000000006,350.00000000000006,0.0,0.0,0.0,0.0,0.0,971.4841718,647.6561145
sc03,01-19 06:00:00+01:00,0.0,200.0,0.0,0.0,0.0,300.0,300.0,346.54429249999987,0.0,350.00000000000006,350.00000000000006,0.0,0.0,0.0,0.0,0.0,983.6284245,655.7522830000001
sc03,01-19 07:00:00+01:00,100.0,200.0,0.0,0.0,0.0,300.0,300.0,350.00000000000006,0.0,350.00000000000006,350.00000000000006,0.0,185.71442589999995,0.0,0.0,0.0,980.7759445,653.8506296
sc03,01-19 08:00:00+01:00,100.0,200.0,0.0,0.0,0.0,300.0,300.0,350.00000000000006,0.0,350.00000000000006,350.00000000000006,0.0,373.5252547999995,16.4348076,10.9565384,0.0,961.6538395,641.1025597
sc03,01-19 09:00:00+01:00,0.0,200.0,0.0,0.0,0.0,300.0,300.0,350.00000000000006,0.0,350.00000000000006,350.00000000000006,0.0,42.0369312000001,299.6745588,199.7830392,0.0,984.9332825,656.6221883
sc03,01-19 10:00:00+01:00,0.0,0.0,0.0,0.0,0.0,216.66152600000055,300.0,0.0,0.0,350.00000000000006,350.00000000000006,0.0,0.0,702.0229355,468.0152903,0.0,990.0673489,660.0448993
sc03,01-19 11:00:00+01:00,0.0,0.0,0.0,0.0,0.0,120.0,120.0,0.0,0.0,350.00000000000006,350.00000000000006,0.0,0.0,881.4901682000001,587.6601121,0.0,1060.62992,707.086613
sc03,01-19 12:00:00+01:00,0.0,0.0,0.0,0.0,0.0,120.0,120.0,0.0,0.0,350.00000000000006,350.00000000000006,0.0,0.0,898.3482307,598.8988204,0.0,1152.124132,768.0827544000001
sc03,01-19 13:00:00+01:00,0.0,0.0,0.0,0.0,0.0,120.0,120.0,0.0,0.0,350.00000000000006,350.00000000000006,0.0,0.0,865.8125757,577.2083838,0.0,1192.563679,785.0013614999996
sc03,01-19 14:00:00+01:00,0.0,0.0,0.0,0.0,0.0,120.0,120.0,0.0,0.0,350.00000000000006,350.00000000000006,0.0,0.0,757.6734285,505.11561900000004,0.0,1245.336549,830.224366
sc03,01-19 15:00:00+01:00,0.0,0.0,0.0,0.0,0.0,120.0,120.0,0.0,0.0,350.00000000000006,350.00000000000006,0.0,0.0,596.2662949,397.51086330000004,0.0,1304.746694,869.8311296
sc03,01-19 16:00:00+01:00,0.0,0.0,0.0,0.0,0.0,120.0,207.33732379999992,0.0,0.0,350.00000000000006,350.00000000000006,0.0,0.0,358.3513427,238.9008951,0.0,1326.916463,884.6109754
sc03,01-19 17:00:00+01:00,0.0,120.00000000000003,0.0,0.0,0.0,300.0,300.0,201.53767938999954,0.0,350.00000000000006,350.00000000000006,0.0,0.0,114.3646283,76.24308551,0.0,1340.156764,893.4378428
sc03,01-19 18:00:00+01:00,100.0,120.00000000000003,0.0,0.0,0.0,300.0,300.0,210.00000000000003,0.0,350.00000000000006,350.00000000000006,0.0,182.25627624499998,4.513648173,3.009098782,0.0,1368.577786,912.3851908
sc03,01-19 19:00:00+01:00,95.0,120.00000000000003,0.0,0.0,0.0,300.0,300.0,210.00000000000003,0.0,350.00000000000006,350.00000000000006,0.0,68.68170659999994,0.0,0.0,0.0,1413.460376,942.3069174
sc03,01-19 20:00:00+01:00,0.0,120.00000000000003,0.0,0.0,0.0,300.0,300.0,86.11303010000013,0.0,350.00000000000006,350.00000000000006,0.0,0.0,0.0,0.0,0.0,1384.118382,922.7455879
sc03,01-19 21:00:00+01:00,0.0,12.335431500000105,0.0,0.0,0.0,180.0,300.0,0.0,0.0,350.00000000000006,350.00000000000006,0.0,0.0,0.0,0.0,0.0,1313.649941,875.7666275
sc03,01-19 22:00:00+01:00,0.0,0.0,0.0,0.0,0.0,64.02366660000014,300.0,0.0,0.0,350.00000000000006,350.00000000000006,0.0,0.0,0.0,0.0,0.0,1284.539,856.3593334000001
sc03,01-19 23:00:00+01:00,0.0,0.0,0.0,0.0,0.0,0.0,0.0,0.0,0.0,350.00000000000006,350.00000000000006,0.0,0.0,0.0,0.0,0.0,1228.990397,819.3269317
